"ExperimentId","GeneratedAtUtc","ScenarioId","ParameterGroup","ParameterName","Direction","TrajectoryId","NodeId","Day","ExpectedTheme","OutputTheme","ThemeHit","ExpectedDirection","IsTransitionNode","FallbackUsed","ThemeConfidence","ThemeMargin","RawIce","RawForest","RawGalaxy","RawOcean","RawHoly","SmoothIce","SmoothForest","SmoothGalaxy","SmoothOcean","SmoothHoly","WeaponTopModule","BossTopModule","RegionTopModule","ThemeChangedVsBaseline"
"PCG_VFX_OAT_Sensitivity_20260826_153906","2026-08-26T15:39:06.2831112Z","Baseline","Baseline","No parameter change","Baseline","Dynamic_Player_01_Ice_To_Forest_Ocean_Ice","Day01_IceBaseline","1","Ice","Ice","TRUE","InitialState","FALSE","FALSE","0.878691","0.761646","0.878691","0.010511","0","0.046022","0.117045","0.878691","0.010511","0","0.046022","0.117045","Weapon_Sword","Boss_IceDragon","Region_SnowfieldRuins","FALSE"
"PCG_VFX_OAT_Sensitivity_20260826_153906","2026-08-26T15:39:06.2831112Z","Baseline","Baseline","No parameter change","Baseline","Dynamic_Player_01_Ice_To_Forest_Ocean_Ice","Day04_IceSettled","4","Ice","Ice","TRUE","MaintainIce","FALSE","FALSE","0.82436","0.720099","0.80625","0.00625","0","0.0375","0.1","0.82436","0.007315","0","0.039631","0.104261","Weapon_Sword","Boss_IceDragon","Region_SnowfieldRuins","FALSE"
"PCG_VFX_OAT_Sensitivity_20260826_153906","2026-08-26T15:39:06.2831112Z","Baseline","Baseline","No parameter change","Baseline","Dynamic_Player_01_Ice_To_Forest_Ocean_Ice","Day08_ForestCommitment","8","Forest","Ice","FALSE","IceToForest","TRUE","FALSE","0.428204","0.081301","0.296152","0.460099","0","0.03125","0.06883","0.428204","0.346903","0","0.033345","0.077688","Weapon_Sword","Boss_IceDragon","Region_ForestRuins","FALSE"
"PCG_VFX_OAT_Sensitivity_20260826_153906","2026-08-26T15:39:06.2831112Z","Baseline","Baseline","No parameter change","Baseline","Dynamic_Player_01_Ice_To_Forest_Ocean_Ice","Day14_ForestMastery","14","Forest","Forest","TRUE","MaintainForest","FALSE","FALSE","0.458509","0.183326","0.224176","0.495711","0","0.02721","0.060739","0.275183","0.458509","0","0.028744","0.064976","Weapon_Bow","Boss_IceDragon","Region_ForestRuins","FALSE"
"PCG_VFX_OAT_Sensitivity_20260826_153906","2026-08-26T15:39:06.2831112Z","Baseline","Baseline","No parameter change","Baseline","Dynamic_Player_01_Ice_To_Forest_Ocean_Ice","Day20_OceanDiscovery","20","Forest","Forest","TRUE","MaintainForest","FALSE","FALSE","0.485693","0.257689","0.212277","0.494754","0","0.025781","0.05846","0.228004","0.485693","0","0.026522","0.060089","Weapon_Bow","Boss_IceDragon","Region_ForestRuins","FALSE"
"PCG_VFX_OAT_Sensitivity_20260826_153906","2026-08-26T15:39:06.2831112Z","Baseline","Baseline","No parameter change","Baseline","Dynamic_Player_01_Ice_To_Forest_Ocean_Ice","Day27_SeaTurtleDefeat","27","Ocean","Forest","FALSE","ForestToOcean","TRUE","FALSE","0.388034","0.051329","0.177806","0.35548","0","0.440099","0.078269","0.190355","0.388034","0","0.336705","0.073724","Weapon_Bow","Boss_SeaTurtle","Region_OceanRuins","FALSE"
"PCG_VFX_OAT_Sensitivity_20260826_153906","2026-08-26T15:39:06.2831112Z","Baseline","Baseline","No parameter change","Baseline","Dynamic_Player_01_Ice_To_Forest_Ocean_Ice","Day39_IceDragonRematch","39","Ice","Ice","TRUE","OceanToIce","TRUE","FALSE","0.464128","0.195626","0.555385","0.228658","0","0.186849","0.117162","0.464128","0.268502","0","0.224313","0.106302","Weapon_Sword","Boss_IceDragon","Region_SnowfieldRuins","FALSE"
"PCG_VFX_OAT_Sensitivity_20260826_153906","2026-08-26T15:39:06.2831112Z","WeaponChoiceShareWeight_Minus10Percent","Weapon slot score weights","WeaponChoiceShareWeight","Minus10Percent","Dynamic_Player_01_Ice_To_Forest_Ocean_Ice","Day01_IceBaseline","1","Ice","Ice","TRUE","InitialState","FALSE","FALSE","0.878691","0.761646","0.878691","0.010511","0","0.046022","0.117045","0.878691","0.010511","0","0.046022","0.117045","Weapon_Sword","Boss_IceDragon","Region_SnowfieldRuins","FALSE"
"PCG_VFX_OAT_Sensitivity_20260826_153906","2026-08-26T15:39:06.2831112Z","WeaponChoiceShareWeight_Minus10Percent","Weapon slot score weights","WeaponChoiceShareWeight","Minus10Percent","Dynamic_Player_01_Ice_To_Forest_Ocean_Ice","Day04_IceSettled","4","Ice","Ice","TRUE","MaintainIce","FALSE","FALSE","0.82436","0.720099","0.80625","0.00625","0","0.0375","0.1","0.82436","0.007315","0","0.039631","0.104261","Weapon_Sword","Boss_IceDragon","Region_SnowfieldRuins","FALSE"
"PCG_VFX_OAT_Sensitivity_20260826_153906","2026-08-26T15:39:06.2831112Z","WeaponChoiceShareWeight_Minus10Percent","Weapon slot score weights","WeaponChoiceShareWeight","Minus10Percent","Dynamic_Player_01_Ice_To_Forest_Ocean_Ice","Day08_ForestCommitment","8","Forest","Ice","FALSE","IceToForest","TRUE","FALSE","0.427517","0.079927","0.295236","0.461014","0","0.03125","0.06883","0.427517","0.34759","0","0.033345","0.077688","Weapon_Sword","Boss_IceDragon","Region_ForestRuins","FALSE"
"PCG_VFX_OAT_Sensitivity_20260826_153906","2026-08-26T15:39:06.2831112Z","WeaponChoiceShareWeight_Minus10Percent","Weapon slot score weights","WeaponChoiceShareWeight","Minus10Percent","Dynamic_Player_01_Ice_To_Forest_Ocean_Ice","Day14_ForestMastery","14","Forest","Forest","TRUE","MaintainForest","FALSE","FALSE","0.458584","0.183476","0.224305","0.495582","0","0.02721","0.060739","0.275108","0.458584","0","0.028744","0.064976","Weapon_Bow","Boss_IceDragon","Region_ForestRuins","FALSE"
"PCG_VFX_OAT_Sensitivity_20260826_153906","2026-08-26T15:39:06.2831112Z","WeaponChoiceShareWeight_Minus10Percent","Weapon slot score weights","WeaponChoiceShareWeight","Minus10Percent","Dynamic_Player_01_Ice_To_Forest_Ocean_Ice","Day20_OceanDiscovery","20","Forest","Forest","TRUE","MaintainForest","FALSE","FALSE","0.485353","0.25701","0.212755","0.494276","0","0.025781","0.05846","0.228343","0.485353","0","0.026522","0.060089","Weapon_Bow","Boss_IceDragon","Region_ForestRuins","FALSE"
"PCG_VFX_OAT_Sensitivity_20260826_153906","2026-08-26T15:39:06.2831112Z","WeaponChoiceShareWeight_Minus10Percent","Weapon slot score weights","WeaponChoiceShareWeight","Minus10Percent","Dynamic_Player_01_Ice_To_Forest_Ocean_Ice","Day27_SeaTurtleDefeat","27","Ocean","Forest","FALSE","ForestToOcean","TRUE","FALSE","0.387452","0.050748","0.178468","0.354818","0","0.440099","0.078269","0.190937","0.387452","0","0.336705","0.073724","Weapon_Bow","Boss_SeaTurtle","Region_OceanRuins","FALSE"
"PCG_VFX_OAT_Sensitivity_20260826_153906","2026-08-26T15:39:06.2831112Z","WeaponChoiceShareWeight_Minus10Percent","Weapon slot score weights","WeaponChoiceShareWeight","Minus10Percent","Dynamic_Player_01_Ice_To_Forest_Ocean_Ice","Day39_IceDragonRematch","39","Ice","Ice","TRUE","OceanToIce","TRUE","FALSE","0.464007","0.195385","0.555031","0.229012","0","0.186849","0.117162","0.464007","0.268622","0","0.224313","0.106302","Weapon_Sword","Boss_IceDragon","Region_SnowfieldRuins","FALSE"
"PCG_VFX_OAT_Sensitivity_20260826_153906","2026-08-26T15:39:06.2831112Z","WeaponChoiceShareWeight_Plus10Percent","Weapon slot score weights","WeaponChoiceShareWeight","Plus10Percent","Dynamic_Player_01_Ice_To_Forest_Ocean_Ice","Day01_IceBaseline","1","Ice","Ice","TRUE","InitialState","FALSE","FALSE","0.878691","0.761646","0.878691","0.010511","0","0.046022","0.117045","0.878691","0.010511","0","0.046022","0.117045","Weapon_Sword","Boss_IceDragon","Region_SnowfieldRuins","FALSE"
"PCG_VFX_OAT_Sensitivity_20260826_153906","2026-08-26T15:39:06.2831112Z","WeaponChoiceShareWeight_Plus10Percent","Weapon slot score weights","WeaponChoiceShareWeight","Plus10Percent","Dynamic_Player_01_Ice_To_Forest_Ocean_Ice","Day04_IceSettled","4","Ice","Ice","TRUE","MaintainIce","FALSE","FALSE","0.82436","0.720099","0.80625","0.00625","0","0.0375","0.1","0.82436","0.007315","0","0.039631","0.104261","Weapon_Sword","Boss_IceDragon","Region_SnowfieldRuins","FALSE"
"PCG_VFX_OAT_Sensitivity_20260826_153906","2026-08-26T15:39:06.2831112Z","WeaponChoiceShareWeight_Plus10Percent","Weapon slot score weights","WeaponChoiceShareWeight","Plus10Percent","Dynamic_Player_01_Ice_To_Forest_Ocean_Ice","Day08_ForestCommitment","8","Forest","Ice","FALSE","IceToForest","TRUE","FALSE","0.428828","0.082549","0.296984","0.459266","0","0.03125","0.06883","0.428828","0.346279","0","0.033345","0.077688","Weapon_Sword","Boss_IceDragon","Region_ForestRuins","FALSE"
"PCG_VFX_OAT_Sensitivity_20260826_153906","2026-08-26T15:39:06.2831112Z","WeaponChoiceShareWeight_Plus10Percent","Weapon slot score weights","WeaponChoiceShareWeight","Plus10Percent","Dynamic_Player_01_Ice_To_Forest_Ocean_Ice","Day14_ForestMastery","14","Forest","Forest","TRUE","MaintainForest","FALSE","FALSE","0.45844","0.183188","0.22406","0.495827","0","0.02721","0.060739","0.275252","0.45844","0","0.028744","0.064976","Weapon_Bow","Boss_IceDragon","Region_ForestRuins","FALSE"
"PCG_VFX_OAT_Sensitivity_20260826_153906","2026-08-26T15:39:06.2831112Z","WeaponChoiceShareWeight_Plus10Percent","Weapon slot score weights","WeaponChoiceShareWeight","Plus10Percent","Dynamic_Player_01_Ice_To_Forest_Ocean_Ice","Day20_OceanDiscovery","20","Forest","Forest","TRUE","MaintainForest","FALSE","FALSE","0.485996","0.258296","0.211849","0.495182","0","0.025781","0.05846","0.2277","0.485996","0","0.026522","0.060089","Weapon_Bow","Boss_IceDragon","Region_ForestRuins","FALSE"
"PCG_VFX_OAT_Sensitivity_20260826_153906","2026-08-26T15:39:06.2831112Z","WeaponChoiceShareWeight_Plus10Percent","Weapon slot score weights","WeaponChoiceShareWeight","Plus10Percent","Dynamic_Player_01_Ice_To_Forest_Ocean_Ice","Day27_SeaTurtleDefeat","27","Ocean","Forest","FALSE","ForestToOcean","TRUE","FALSE","0.38855","0.051845","0.177218","0.356068","0","0.440099","0.078269","0.189839","0.38855","0","0.336705","0.073724","Weapon_Bow","Boss_SeaTurtle","Region_OceanRuins","FALSE"
"PCG_VFX_OAT_Sensitivity_20260826_153906","2026-08-26T15:39:06.2831112Z","WeaponChoiceShareWeight_Plus10Percent","Weapon slot score weights","WeaponChoiceShareWeight","Plus10Percent","Dynamic_Player_01_Ice_To_Forest_Ocean_Ice","Day39_IceDragonRematch","39","Ice","Ice","TRUE","OceanToIce","TRUE","FALSE","0.464235","0.19584","0.5557","0.228343","0","0.186849","0.117162","0.464235","0.268395","0","0.224313","0.106302","Weapon_Sword","Boss_IceDragon","Region_SnowfieldRuins","FALSE"
"PCG_VFX_OAT_Sensitivity_20260826_153906","2026-08-26T15:39:06.2831112Z","WeaponUseRateWeight_Minus10Percent","Weapon slot score weights","WeaponUseRateWeight","Minus10Percent","Dynamic_Player_01_Ice_To_Forest_Ocean_Ice","Day01_IceBaseline","1","Ice","Ice","TRUE","InitialState","FALSE","FALSE","0.878691","0.761646","0.878691","0.010511","0","0.046022","0.117045","0.878691","0.010511","0","0.046022","0.117045","Weapon_Sword","Boss_IceDragon","Region_SnowfieldRuins","FALSE"
"PCG_VFX_OAT_Sensitivity_20260826_153906","2026-08-26T15:39:06.2831112Z","WeaponUseRateWeight_Minus10Percent","Weapon slot score weights","WeaponUseRateWeight","Minus10Percent","Dynamic_Player_01_Ice_To_Forest_Ocean_Ice","Day04_IceSettled","4","Ice","Ice","TRUE","MaintainIce","FALSE","FALSE","0.82436","0.720099","0.80625","0.00625","0","0.0375","0.1","0.82436","0.007315","0","0.039631","0.104261","Weapon_Sword","Boss_IceDragon","Region_SnowfieldRuins","FALSE"
"PCG_VFX_OAT_Sensitivity_20260826_153906","2026-08-26T15:39:06.2831112Z","WeaponUseRateWeight_Minus10Percent","Weapon slot score weights","WeaponUseRateWeight","Minus10Percent","Dynamic_Player_01_Ice_To_Forest_Ocean_Ice","Day08_ForestCommitment","8","Forest","Ice","FALSE","IceToForest","TRUE","FALSE","0.429142","0.083177","0.297403","0.458848","0","0.03125","0.06883","0.429142","0.345964","0","0.033345","0.077688","Weapon_Sword","Boss_IceDragon","Region_ForestRuins","FALSE"
"PCG_VFX_OAT_Sensitivity_20260826_153906","2026-08-26T15:39:06.2831112Z","WeaponUseRateWeight_Minus10Percent","Weapon slot score weights","WeaponUseRateWeight","Minus10Percent","Dynamic_Player_01_Ice_To_Forest_Ocean_Ice","Day14_ForestMastery","14","Forest","Forest","TRUE","MaintainForest","FALSE","FALSE","0.458199","0.182705","0.224278","0.49561","0","0.02721","0.060739","0.275494","0.458199","0","0.028744","0.064976","Weapon_Bow","Boss_IceDragon","Region_ForestRuins","FALSE"
"PCG_VFX_OAT_Sensitivity_20260826_153906","2026-08-26T15:39:06.2831112Z","WeaponUseRateWeight_Minus10Percent","Weapon slot score weights","WeaponUseRateWeight","Minus10Percent","Dynamic_Player_01_Ice_To_Forest_Ocean_Ice","Day20_OceanDiscovery","20","Forest","Forest","TRUE","MaintainForest","FALSE","FALSE","0.48575","0.257803","0.212098","0.494933","0","0.025781","0.05846","0.227947","0.48575","0","0.026522","0.060089","Weapon_Bow","Boss_IceDragon","Region_ForestRuins","FALSE"
"PCG_VFX_OAT_Sensitivity_20260826_153906","2026-08-26T15:39:06.2831112Z","WeaponUseRateWeight_Minus10Percent","Weapon slot score weights","WeaponUseRateWeight","Minus10Percent","Dynamic_Player_01_Ice_To_Forest_Ocean_Ice","Day27_SeaTurtleDefeat","27","Ocean","Forest","FALSE","ForestToOcean","TRUE","FALSE","0.388271","0.051566","0.177508","0.355778","0","0.440099","0.078269","0.190118","0.388271","0","0.336705","0.073724","Weapon_Bow","Boss_SeaTurtle","Region_OceanRuins","FALSE"
"PCG_VFX_OAT_Sensitivity_20260826_153906","2026-08-26T15:39:06.2831112Z","WeaponUseRateWeight_Minus10Percent","Weapon slot score weights","WeaponUseRateWeight","Minus10Percent","Dynamic_Player_01_Ice_To_Forest_Ocean_Ice","Day39_IceDragonRematch","39","Ice","Ice","TRUE","OceanToIce","TRUE","FALSE","0.464084","0.195538","0.555406","0.228637","0","0.186849","0.117162","0.464084","0.268546","0","0.224313","0.106302","Weapon_Sword","Boss_IceDragon","Region_SnowfieldRuins","FALSE"
"PCG_VFX_OAT_Sensitivity_20260826_153906","2026-08-26T15:39:06.2831112Z","WeaponUseRateWeight_Plus10Percent","Weapon slot score weights","WeaponUseRateWeight","Plus10Percent","Dynamic_Player_01_Ice_To_Forest_Ocean_Ice","Day01_IceBaseline","1","Ice","Ice","TRUE","InitialState","FALSE","FALSE","0.878691","0.761646","0.878691","0.010511","0","0.046022","0.117045","0.878691","0.010511","0","0.046022","0.117045","Weapon_Sword","Boss_IceDragon","Region_SnowfieldRuins","FALSE"
"PCG_VFX_OAT_Sensitivity_20260826_153906","2026-08-26T15:39:06.2831112Z","WeaponUseRateWeight_Plus10Percent","Weapon slot score weights","WeaponUseRateWeight","Plus10Percent","Dynamic_Player_01_Ice_To_Forest_Ocean_Ice","Day04_IceSettled","4","Ice","Ice","TRUE","MaintainIce","FALSE","FALSE","0.82436","0.720099","0.80625","0.00625","0","0.0375","0.1","0.82436","0.007315","0","0.039631","0.104261","Weapon_Sword","Boss_IceDragon","Region_SnowfieldRuins","FALSE"
"PCG_VFX_OAT_Sensitivity_20260826_153906","2026-08-26T15:39:06.2831112Z","WeaponUseRateWeight_Plus10Percent","Weapon slot score weights","WeaponUseRateWeight","Plus10Percent","Dynamic_Player_01_Ice_To_Forest_Ocean_Ice","Day08_ForestCommitment","8","Forest","Ice","FALSE","IceToForest","TRUE","FALSE","0.427336","0.079566","0.294995","0.461255","0","0.03125","0.06883","0.427336","0.34777","0","0.033345","0.077688","Weapon_Sword","Boss_IceDragon","Region_ForestRuins","FALSE"
"PCG_VFX_OAT_Sensitivity_20260826_153906","2026-08-26T15:39:06.2831112Z","WeaponUseRateWeight_Plus10Percent","Weapon slot score weights","WeaponUseRateWeight","Plus10Percent","Dynamic_Player_01_Ice_To_Forest_Ocean_Ice","Day14_ForestMastery","14","Forest","Forest","TRUE","MaintainForest","FALSE","FALSE","0.458797","0.183901","0.224082","0.495805","0","0.02721","0.060739","0.274896","0.458797","0","0.028744","0.064976","Weapon_Bow","Boss_IceDragon","Region_ForestRuins","FALSE"
"PCG_VFX_OAT_Sensitivity_20260826_153906","2026-08-26T15:39:06.2831112Z","WeaponUseRateWeight_Plus10Percent","Weapon slot score weights","WeaponUseRateWeight","Plus10Percent","Dynamic_Player_01_Ice_To_Forest_Ocean_Ice","Day20_OceanDiscovery","20","Forest","Forest","TRUE","MaintainForest","FALSE","FALSE","0.485638","0.25758","0.212446","0.494586","0","0.025781","0.05846","0.228058","0.485638","0","0.026522","0.060089","Weapon_Bow","Boss_IceDragon","Region_ForestRuins","FALSE"
"PCG_VFX_OAT_Sensitivity_20260826_153906","2026-08-26T15:39:06.2831112Z","WeaponUseRateWeight_Plus10Percent","Weapon slot score weights","WeaponUseRateWeight","Plus10Percent","Dynamic_Player_01_Ice_To_Forest_Ocean_Ice","Day27_SeaTurtleDefeat","27","Ocean","Forest","FALSE","ForestToOcean","TRUE","FALSE","0.387807","0.051102","0.17809","0.355197","0","0.440099","0.078269","0.190582","0.387807","0","0.336705","0.073724","Weapon_Bow","Boss_SeaTurtle","Region_OceanRuins","FALSE"
"PCG_VFX_OAT_Sensitivity_20260826_153906","2026-08-26T15:39:06.2831112Z","WeaponUseRateWeight_Plus10Percent","Weapon slot score weights","WeaponUseRateWeight","Plus10Percent","Dynamic_Player_01_Ice_To_Forest_Ocean_Ice","Day39_IceDragonRematch","39","Ice","Ice","TRUE","OceanToIce","TRUE","FALSE","0.464169","0.195709","0.555365","0.228678","0","0.186849","0.117162","0.464169","0.26846","0","0.224313","0.106302","Weapon_Sword","Boss_IceDragon","Region_SnowfieldRuins","FALSE"
"PCG_VFX_OAT_Sensitivity_20260826_153906","2026-08-26T15:39:06.2831112Z","WeaponInvestmentShareWeight_Minus10Percent","Weapon slot score weights","WeaponInvestmentShareWeight","Minus10Percent","Dynamic_Player_01_Ice_To_Forest_Ocean_Ice","Day01_IceBaseline","1","Ice","Ice","TRUE","InitialState","FALSE","FALSE","0.878691","0.761646","0.878691","0.010511","0","0.046022","0.117045","0.878691","0.010511","0","0.046022","0.117045","Weapon_Sword","Boss_IceDragon","Region_SnowfieldRuins","FALSE"
"PCG_VFX_OAT_Sensitivity_20260826_153906","2026-08-26T15:39:06.2831112Z","WeaponInvestmentShareWeight_Minus10Percent","Weapon slot score weights","WeaponInvestmentShareWeight","Minus10Percent","Dynamic_Player_01_Ice_To_Forest_Ocean_Ice","Day04_IceSettled","4","Ice","Ice","TRUE","MaintainIce","FALSE","FALSE","0.82436","0.720099","0.80625","0.00625","0","0.0375","0.1","0.82436","0.007315","0","0.039631","0.104261","Weapon_Sword","Boss_IceDragon","Region_SnowfieldRuins","FALSE"
"PCG_VFX_OAT_Sensitivity_20260826_153906","2026-08-26T15:39:06.2831112Z","WeaponInvestmentShareWeight_Minus10Percent","Weapon slot score weights","WeaponInvestmentShareWeight","Minus10Percent","Dynamic_Player_01_Ice_To_Forest_Ocean_Ice","Day08_ForestCommitment","8","Forest","Ice","FALSE","IceToForest","TRUE","FALSE","0.427953","0.080799","0.295817","0.460433","0","0.03125","0.06883","0.427953","0.347154","0","0.033345","0.077688","Weapon_Sword","Boss_IceDragon","Region_ForestRuins","FALSE"
"PCG_VFX_OAT_Sensitivity_20260826_153906","2026-08-26T15:39:06.2831112Z","WeaponInvestmentShareWeight_Minus10Percent","Weapon slot score weights","WeaponInvestmentShareWeight","Minus10Percent","Dynamic_Player_01_Ice_To_Forest_Ocean_Ice","Day14_ForestMastery","14","Forest","Forest","TRUE","MaintainForest","FALSE","FALSE","0.458739","0.183785","0.223954","0.495934","0","0.02721","0.060739","0.274954","0.458739","0","0.028744","0.064976","Weapon_Bow","Boss_IceDragon","Region_ForestRuins","FALSE"
"PCG_VFX_OAT_Sensitivity_20260826_153906","2026-08-26T15:39:06.2831112Z","WeaponInvestmentShareWeight_Minus10Percent","Weapon slot score weights","WeaponInvestmentShareWeight","Minus10Percent","Dynamic_Player_01_Ice_To_Forest_Ocean_Ice","Day20_OceanDiscovery","20","Forest","Forest","TRUE","MaintainForest","FALSE","FALSE","0.485962","0.258227","0.211995","0.495036","0","0.025781","0.05846","0.227735","0.485962","0","0.026522","0.060089","Weapon_Bow","Boss_IceDragon","Region_ForestRuins","FALSE"
"PCG_VFX_OAT_Sensitivity_20260826_153906","2026-08-26T15:39:06.2831112Z","WeaponInvestmentShareWeight_Minus10Percent","Weapon slot score weights","WeaponInvestmentShareWeight","Minus10Percent","Dynamic_Player_01_Ice_To_Forest_Ocean_Ice","Day27_SeaTurtleDefeat","27","Ocean","Forest","FALSE","ForestToOcean","TRUE","FALSE","0.388354","0.051649","0.177468","0.355818","0","0.440099","0.078269","0.190035","0.388354","0","0.336705","0.073724","Weapon_Bow","Boss_SeaTurtle","Region_OceanRuins","FALSE"
"PCG_VFX_OAT_Sensitivity_20260826_153906","2026-08-26T15:39:06.2831112Z","WeaponInvestmentShareWeight_Minus10Percent","Weapon slot score weights","WeaponInvestmentShareWeight","Minus10Percent","Dynamic_Player_01_Ice_To_Forest_Ocean_Ice","Day39_IceDragonRematch","39","Ice","Ice","TRUE","OceanToIce","TRUE","FALSE","0.464286","0.195943","0.555703","0.22834","0","0.186849","0.117162","0.464286","0.268343","0","0.224313","0.106302","Weapon_Sword","Boss_IceDragon","Region_SnowfieldRuins","FALSE"
"PCG_VFX_OAT_Sensitivity_20260826_153906","2026-08-26T15:39:06.2831112Z","WeaponInvestmentShareWeight_Plus10Percent","Weapon slot score weights","WeaponInvestmentShareWeight","Plus10Percent","Dynamic_Player_01_Ice_To_Forest_Ocean_Ice","Day01_IceBaseline","1","Ice","Ice","TRUE","InitialState","FALSE","FALSE","0.878691","0.761646","0.878691","0.010511","0","0.046022","0.117045","0.878691","0.010511","0","0.046022","0.117045","Weapon_Sword","Boss_IceDragon","Region_SnowfieldRuins","FALSE"
"PCG_VFX_OAT_Sensitivity_20260826_153906","2026-08-26T15:39:06.2831112Z","WeaponInvestmentShareWeight_Plus10Percent","Weapon slot score weights","WeaponInvestmentShareWeight","Plus10Percent","Dynamic_Player_01_Ice_To_Forest_Ocean_Ice","Day04_IceSettled","4","Ice","Ice","TRUE","MaintainIce","FALSE","FALSE","0.82436","0.720099","0.80625","0.00625","0","0.0375","0.1","0.82436","0.007315","0","0.039631","0.104261","Weapon_Sword","Boss_IceDragon","Region_SnowfieldRuins","FALSE"
"PCG_VFX_OAT_Sensitivity_20260826_153906","2026-08-26T15:39:06.2831112Z","WeaponInvestmentShareWeight_Plus10Percent","Weapon slot score weights","WeaponInvestmentShareWeight","Plus10Percent","Dynamic_Player_01_Ice_To_Forest_Ocean_Ice","Day08_ForestCommitment","8","Forest","Ice","FALSE","IceToForest","TRUE","FALSE","0.428448","0.08179","0.296477","0.459773","0","0.03125","0.06883","0.428448","0.346658","0","0.033345","0.077688","Weapon_Sword","Boss_IceDragon","Region_ForestRuins","FALSE"
"PCG_VFX_OAT_Sensitivity_20260826_153906","2026-08-26T15:39:06.2831112Z","WeaponInvestmentShareWeight_Plus10Percent","Weapon slot score weights","WeaponInvestmentShareWeight","Plus10Percent","Dynamic_Player_01_Ice_To_Forest_Ocean_Ice","Day14_ForestMastery","14","Forest","Forest","TRUE","MaintainForest","FALSE","FALSE","0.458285","0.182879","0.224393","0.495494","0","0.02721","0.060739","0.275407","0.458285","0","0.028744","0.064976","Weapon_Bow","Boss_IceDragon","Region_ForestRuins","FALSE"
"PCG_VFX_OAT_Sensitivity_20260826_153906","2026-08-26T15:39:06.2831112Z","WeaponInvestmentShareWeight_Plus10Percent","Weapon slot score weights","WeaponInvestmentShareWeight","Plus10Percent","Dynamic_Player_01_Ice_To_Forest_Ocean_Ice","Day20_OceanDiscovery","20","Forest","Forest","TRUE","MaintainForest","FALSE","FALSE","0.485432","0.257167","0.212551","0.494481","0","0.025781","0.05846","0.228265","0.485432","0","0.026522","0.060089","Weapon_Bow","Boss_IceDragon","Region_ForestRuins","FALSE"
"PCG_VFX_OAT_Sensitivity_20260826_153906","2026-08-26T15:39:06.2831112Z","WeaponInvestmentShareWeight_Plus10Percent","Weapon slot score weights","WeaponInvestmentShareWeight","Plus10Percent","Dynamic_Player_01_Ice_To_Forest_Ocean_Ice","Day27_SeaTurtleDefeat","27","Ocean","Forest","FALSE","ForestToOcean","TRUE","FALSE","0.387723","0.051019","0.178132","0.355154","0","0.440099","0.078269","0.190665","0.387723","0","0.336705","0.073724","Weapon_Bow","Boss_SeaTurtle","Region_OceanRuins","FALSE"
"PCG_VFX_OAT_Sensitivity_20260826_153906","2026-08-26T15:39:06.2831112Z","WeaponInvestmentShareWeight_Plus10Percent","Weapon slot score weights","WeaponInvestmentShareWeight","Plus10Percent","Dynamic_Player_01_Ice_To_Forest_Ocean_Ice","Day39_IceDragonRematch","39","Ice","Ice","TRUE","OceanToIce","TRUE","FALSE","0.463974","0.195319","0.555077","0.228966","0","0.186849","0.117162","0.463974","0.268655","0","0.224313","0.106302","Weapon_Sword","Boss_IceDragon","Region_SnowfieldRuins","FALSE"
"PCG_VFX_OAT_Sensitivity_20260826_153906","2026-08-26T15:39:06.2831112Z","BossDifficultyWeight_Minus10Percent","Boss base-value weights","BossDifficultyWeight","Minus10Percent","Dynamic_Player_01_Ice_To_Forest_Ocean_Ice","Day01_IceBaseline","1","Ice","Ice","TRUE","InitialState","FALSE","FALSE","0.878691","0.761646","0.878691","0.010511","0","0.046022","0.117045","0.878691","0.010511","0","0.046022","0.117045","Weapon_Sword","Boss_IceDragon","Region_SnowfieldRuins","FALSE"
"PCG_VFX_OAT_Sensitivity_20260826_153906","2026-08-26T15:39:06.2831112Z","BossDifficultyWeight_Minus10Percent","Boss base-value weights","BossDifficultyWeight","Minus10Percent","Dynamic_Player_01_Ice_To_Forest_Ocean_Ice","Day04_IceSettled","4","Ice","Ice","TRUE","MaintainIce","FALSE","FALSE","0.82436","0.720099","0.80625","0.00625","0","0.0375","0.1","0.82436","0.007315","0","0.039631","0.104261","Weapon_Sword","Boss_IceDragon","Region_SnowfieldRuins","FALSE"
"PCG_VFX_OAT_Sensitivity_20260826_153906","2026-08-26T15:39:06.2831112Z","BossDifficultyWeight_Minus10Percent","Boss base-value weights","BossDifficultyWeight","Minus10Percent","Dynamic_Player_01_Ice_To_Forest_Ocean_Ice","Day08_ForestCommitment","8","Forest","Ice","FALSE","IceToForest","TRUE","FALSE","0.428204","0.081301","0.296152","0.460099","0","0.03125","0.06883","0.428204","0.346903","0","0.033345","0.077688","Weapon_Sword","Boss_IceDragon","Region_ForestRuins","FALSE"
"PCG_VFX_OAT_Sensitivity_20260826_153906","2026-08-26T15:39:06.2831112Z","BossDifficultyWeight_Minus10Percent","Boss base-value weights","BossDifficultyWeight","Minus10Percent","Dynamic_Player_01_Ice_To_Forest_Ocean_Ice","Day14_ForestMastery","14","Forest","Forest","TRUE","MaintainForest","FALSE","FALSE","0.458509","0.183326","0.224176","0.495711","0","0.02721","0.060739","0.275183","0.458509","0","0.028744","0.064976","Weapon_Bow","Boss_IceDragon","Region_ForestRuins","FALSE"
"PCG_VFX_OAT_Sensitivity_20260826_153906","2026-08-26T15:39:06.2831112Z","BossDifficultyWeight_Minus10Percent","Boss base-value weights","BossDifficultyWeight","Minus10Percent","Dynamic_Player_01_Ice_To_Forest_Ocean_Ice","Day20_OceanDiscovery","20","Forest","Forest","TRUE","MaintainForest","FALSE","FALSE","0.485693","0.257689","0.212277","0.494754","0","0.025781","0.05846","0.228004","0.485693","0","0.026522","0.060089","Weapon_Bow","Boss_IceDragon","Region_ForestRuins","FALSE"
"PCG_VFX_OAT_Sensitivity_20260826_153906","2026-08-26T15:39:06.2831112Z","BossDifficultyWeight_Minus10Percent","Boss base-value weights","BossDifficultyWeight","Minus10Percent","Dynamic_Player_01_Ice_To_Forest_Ocean_Ice","Day27_SeaTurtleDefeat","27","Ocean","Forest","FALSE","ForestToOcean","TRUE","FALSE","0.388034","0.051327","0.177806","0.355481","0","0.440101","0.078269","0.190355","0.388034","0","0.336706","0.073724","Weapon_Bow","Boss_SeaTurtle","Region_OceanRuins","FALSE"
"PCG_VFX_OAT_Sensitivity_20260826_153906","2026-08-26T15:39:06.2831112Z","BossDifficultyWeight_Minus10Percent","Boss base-value weights","BossDifficultyWeight","Minus10Percent","Dynamic_Player_01_Ice_To_Forest_Ocean_Ice","Day39_IceDragonRematch","39","Ice","Ice","TRUE","OceanToIce","TRUE","FALSE","0.464123","0.195621","0.555378","0.228658","0","0.186849","0.11716","0.464123","0.268502","0","0.224313","0.106301","Weapon_Sword","Boss_IceDragon","Region_SnowfieldRuins","FALSE"
"PCG_VFX_OAT_Sensitivity_20260826_153906","2026-08-26T15:39:06.2831112Z","BossDifficultyWeight_Plus10Percent","Boss base-value weights","BossDifficultyWeight","Plus10Percent","Dynamic_Player_01_Ice_To_Forest_Ocean_Ice","Day01_IceBaseline","1","Ice","Ice","TRUE","InitialState","FALSE","FALSE","0.878691","0.761646","0.878691","0.010511","0","0.046022","0.117045","0.878691","0.010511","0","0.046022","0.117045","Weapon_Sword","Boss_IceDragon","Region_SnowfieldRuins","FALSE"
"PCG_VFX_OAT_Sensitivity_20260826_153906","2026-08-26T15:39:06.2831112Z","BossDifficultyWeight_Plus10Percent","Boss base-value weights","BossDifficultyWeight","Plus10Percent","Dynamic_Player_01_Ice_To_Forest_Ocean_Ice","Day04_IceSettled","4","Ice","Ice","TRUE","MaintainIce","FALSE","FALSE","0.82436","0.720099","0.80625","0.00625","0","0.0375","0.1","0.82436","0.007315","0","0.039631","0.104261","Weapon_Sword","Boss_IceDragon","Region_SnowfieldRuins","FALSE"
"PCG_VFX_OAT_Sensitivity_20260826_153906","2026-08-26T15:39:06.2831112Z","BossDifficultyWeight_Plus10Percent","Boss base-value weights","BossDifficultyWeight","Plus10Percent","Dynamic_Player_01_Ice_To_Forest_Ocean_Ice","Day08_ForestCommitment","8","Forest","Ice","FALSE","IceToForest","TRUE","FALSE","0.428204","0.081301","0.296152","0.460099","0","0.03125","0.06883","0.428204","0.346903","0","0.033345","0.077688","Weapon_Sword","Boss_IceDragon","Region_ForestRuins","FALSE"
"PCG_VFX_OAT_Sensitivity_20260826_153906","2026-08-26T15:39:06.2831112Z","BossDifficultyWeight_Plus10Percent","Boss base-value weights","BossDifficultyWeight","Plus10Percent","Dynamic_Player_01_Ice_To_Forest_Ocean_Ice","Day14_ForestMastery","14","Forest","Forest","TRUE","MaintainForest","FALSE","FALSE","0.458509","0.183326","0.224176","0.495711","0","0.02721","0.060739","0.275183","0.458509","0","0.028744","0.064976","Weapon_Bow","Boss_IceDragon","Region_ForestRuins","FALSE"
"PCG_VFX_OAT_Sensitivity_20260826_153906","2026-08-26T15:39:06.2831112Z","BossDifficultyWeight_Plus10Percent","Boss base-value weights","BossDifficultyWeight","Plus10Percent","Dynamic_Player_01_Ice_To_Forest_Ocean_Ice","Day20_OceanDiscovery","20","Forest","Forest","TRUE","MaintainForest","FALSE","FALSE","0.485693","0.257689","0.212277","0.494754","0","0.025781","0.05846","0.228004","0.485693","0","0.026522","0.060089","Weapon_Bow","Boss_IceDragon","Region_ForestRuins","FALSE"
"PCG_VFX_OAT_Sensitivity_20260826_153906","2026-08-26T15:39:06.2831112Z","BossDifficultyWeight_Plus10Percent","Boss base-value weights","BossDifficultyWeight","Plus10Percent","Dynamic_Player_01_Ice_To_Forest_Ocean_Ice","Day27_SeaTurtleDefeat","27","Ocean","Forest","FALSE","ForestToOcean","TRUE","FALSE","0.388033","0.051331","0.177806","0.35548","0","0.440097","0.078269","0.190355","0.388033","0","0.336703","0.073724","Weapon_Bow","Boss_SeaTurtle","Region_OceanRuins","FALSE"
"PCG_VFX_OAT_Sensitivity_20260826_153906","2026-08-26T15:39:06.2831112Z","BossDifficultyWeight_Plus10Percent","Boss base-value weights","BossDifficultyWeight","Plus10Percent","Dynamic_Player_01_Ice_To_Forest_Ocean_Ice","Day39_IceDragonRematch","39","Ice","Ice","TRUE","OceanToIce","TRUE","FALSE","0.464132","0.19563","0.555391","0.228658","0","0.186849","0.117163","0.464132","0.268502","0","0.224312","0.106303","Weapon_Sword","Boss_IceDragon","Region_SnowfieldRuins","FALSE"
"PCG_VFX_OAT_Sensitivity_20260826_153906","2026-08-26T15:39:06.2831112Z","BossRarityWeight_Minus10Percent","Boss base-value weights","BossRarityWeight","Minus10Percent","Dynamic_Player_01_Ice_To_Forest_Ocean_Ice","Day01_IceBaseline","1","Ice","Ice","TRUE","InitialState","FALSE","FALSE","0.878691","0.761646","0.878691","0.010511","0","0.046022","0.117045","0.878691","0.010511","0","0.046022","0.117045","Weapon_Sword","Boss_IceDragon","Region_SnowfieldRuins","FALSE"
"PCG_VFX_OAT_Sensitivity_20260826_153906","2026-08-26T15:39:06.2831112Z","BossRarityWeight_Minus10Percent","Boss base-value weights","BossRarityWeight","Minus10Percent","Dynamic_Player_01_Ice_To_Forest_Ocean_Ice","Day04_IceSettled","4","Ice","Ice","TRUE","MaintainIce","FALSE","FALSE","0.82436","0.720099","0.80625","0.00625","0","0.0375","0.1","0.82436","0.007315","0","0.039631","0.104261","Weapon_Sword","Boss_IceDragon","Region_SnowfieldRuins","FALSE"
"PCG_VFX_OAT_Sensitivity_20260826_153906","2026-08-26T15:39:06.2831112Z","BossRarityWeight_Minus10Percent","Boss base-value weights","BossRarityWeight","Minus10Percent","Dynamic_Player_01_Ice_To_Forest_Ocean_Ice","Day08_ForestCommitment","8","Forest","Ice","FALSE","IceToForest","TRUE","FALSE","0.428204","0.081301","0.296152","0.460099","0","0.03125","0.06883","0.428204","0.346903","0","0.033345","0.077688","Weapon_Sword","Boss_IceDragon","Region_ForestRuins","FALSE"
"PCG_VFX_OAT_Sensitivity_20260826_153906","2026-08-26T15:39:06.2831112Z","BossRarityWeight_Minus10Percent","Boss base-value weights","BossRarityWeight","Minus10Percent","Dynamic_Player_01_Ice_To_Forest_Ocean_Ice","Day14_ForestMastery","14","Forest","Forest","TRUE","MaintainForest","FALSE","FALSE","0.458509","0.183326","0.224176","0.495711","0","0.02721","0.060739","0.275183","0.458509","0","0.028744","0.064976","Weapon_Bow","Boss_IceDragon","Region_ForestRuins","FALSE"
"PCG_VFX_OAT_Sensitivity_20260826_153906","2026-08-26T15:39:06.2831112Z","BossRarityWeight_Minus10Percent","Boss base-value weights","BossRarityWeight","Minus10Percent","Dynamic_Player_01_Ice_To_Forest_Ocean_Ice","Day20_OceanDiscovery","20","Forest","Forest","TRUE","MaintainForest","FALSE","FALSE","0.485693","0.257689","0.212277","0.494754","0","0.025781","0.05846","0.228004","0.485693","0","0.026522","0.060089","Weapon_Bow","Boss_IceDragon","Region_ForestRuins","FALSE"
"PCG_VFX_OAT_Sensitivity_20260826_153906","2026-08-26T15:39:06.2831112Z","BossRarityWeight_Minus10Percent","Boss base-value weights","BossRarityWeight","Minus10Percent","Dynamic_Player_01_Ice_To_Forest_Ocean_Ice","Day27_SeaTurtleDefeat","27","Ocean","Forest","FALSE","ForestToOcean","TRUE","FALSE","0.388033","0.051331","0.177806","0.35548","0","0.440097","0.078269","0.190355","0.388033","0","0.336703","0.073724","Weapon_Bow","Boss_SeaTurtle","Region_OceanRuins","FALSE"
"PCG_VFX_OAT_Sensitivity_20260826_153906","2026-08-26T15:39:06.2831112Z","BossRarityWeight_Minus10Percent","Boss base-value weights","BossRarityWeight","Minus10Percent","Dynamic_Player_01_Ice_To_Forest_Ocean_Ice","Day39_IceDragonRematch","39","Ice","Ice","TRUE","OceanToIce","TRUE","FALSE","0.464132","0.19563","0.555391","0.228658","0","0.186849","0.117163","0.464132","0.268502","0","0.224312","0.106303","Weapon_Sword","Boss_IceDragon","Region_SnowfieldRuins","FALSE"
"PCG_VFX_OAT_Sensitivity_20260826_153906","2026-08-26T15:39:06.2831112Z","BossRarityWeight_Plus10Percent","Boss base-value weights","BossRarityWeight","Plus10Percent","Dynamic_Player_01_Ice_To_Forest_Ocean_Ice","Day01_IceBaseline","1","Ice","Ice","TRUE","InitialState","FALSE","FALSE","0.878691","0.761646","0.878691","0.010511","0","0.046022","0.117045","0.878691","0.010511","0","0.046022","0.117045","Weapon_Sword","Boss_IceDragon","Region_SnowfieldRuins","FALSE"
"PCG_VFX_OAT_Sensitivity_20260826_153906","2026-08-26T15:39:06.2831112Z","BossRarityWeight_Plus10Percent","Boss base-value weights","BossRarityWeight","Plus10Percent","Dynamic_Player_01_Ice_To_Forest_Ocean_Ice","Day04_IceSettled","4","Ice","Ice","TRUE","MaintainIce","FALSE","FALSE","0.82436","0.720099","0.80625","0.00625","0","0.0375","0.1","0.82436","0.007315","0","0.039631","0.104261","Weapon_Sword","Boss_IceDragon","Region_SnowfieldRuins","FALSE"
"PCG_VFX_OAT_Sensitivity_20260826_153906","2026-08-26T15:39:06.2831112Z","BossRarityWeight_Plus10Percent","Boss base-value weights","BossRarityWeight","Plus10Percent","Dynamic_Player_01_Ice_To_Forest_Ocean_Ice","Day08_ForestCommitment","8","Forest","Ice","FALSE","IceToForest","TRUE","FALSE","0.428204","0.081301","0.296152","0.460099","0","0.03125","0.06883","0.428204","0.346903","0","0.033345","0.077688","Weapon_Sword","Boss_IceDragon","Region_ForestRuins","FALSE"
"PCG_VFX_OAT_Sensitivity_20260826_153906","2026-08-26T15:39:06.2831112Z","BossRarityWeight_Plus10Percent","Boss base-value weights","BossRarityWeight","Plus10Percent","Dynamic_Player_01_Ice_To_Forest_Ocean_Ice","Day14_ForestMastery","14","Forest","Forest","TRUE","MaintainForest","FALSE","FALSE","0.458509","0.183326","0.224176","0.495711","0","0.02721","0.060739","0.275183","0.458509","0","0.028744","0.064976","Weapon_Bow","Boss_IceDragon","Region_ForestRuins","FALSE"
"PCG_VFX_OAT_Sensitivity_20260826_153906","2026-08-26T15:39:06.2831112Z","BossRarityWeight_Plus10Percent","Boss base-value weights","BossRarityWeight","Plus10Percent","Dynamic_Player_01_Ice_To_Forest_Ocean_Ice","Day20_OceanDiscovery","20","Forest","Forest","TRUE","MaintainForest","FALSE","FALSE","0.485693","0.257689","0.212277","0.494754","0","0.025781","0.05846","0.228004","0.485693","0","0.026522","0.060089","Weapon_Bow","Boss_IceDragon","Region_ForestRuins","FALSE"
"PCG_VFX_OAT_Sensitivity_20260826_153906","2026-08-26T15:39:06.2831112Z","BossRarityWeight_Plus10Percent","Boss base-value weights","BossRarityWeight","Plus10Percent","Dynamic_Player_01_Ice_To_Forest_Ocean_Ice","Day27_SeaTurtleDefeat","27","Ocean","Forest","FALSE","ForestToOcean","TRUE","FALSE","0.388034","0.051327","0.177806","0.355481","0","0.440101","0.078269","0.190355","0.388034","0","0.336706","0.073724","Weapon_Bow","Boss_SeaTurtle","Region_OceanRuins","FALSE"
"PCG_VFX_OAT_Sensitivity_20260826_153906","2026-08-26T15:39:06.2831112Z","BossRarityWeight_Plus10Percent","Boss base-value weights","BossRarityWeight","Plus10Percent","Dynamic_Player_01_Ice_To_Forest_Ocean_Ice","Day39_IceDragonRematch","39","Ice","Ice","TRUE","OceanToIce","TRUE","FALSE","0.464123","0.195622","0.555379","0.228658","0","0.186849","0.117161","0.464123","0.268502","0","0.224313","0.106301","Weapon_Sword","Boss_IceDragon","Region_SnowfieldRuins","FALSE"
"PCG_VFX_OAT_Sensitivity_20260826_153906","2026-08-26T15:39:06.2831112Z","BossWinRateWeight_Minus10Percent","Boss performance weight","BossWinRateWeight","Minus10Percent","Dynamic_Player_01_Ice_To_Forest_Ocean_Ice","Day01_IceBaseline","1","Ice","Ice","TRUE","InitialState","FALSE","FALSE","0.878691","0.761646","0.878691","0.010511","0","0.046022","0.117045","0.878691","0.010511","0","0.046022","0.117045","Weapon_Sword","Boss_IceDragon","Region_SnowfieldRuins","FALSE"
"PCG_VFX_OAT_Sensitivity_20260826_153906","2026-08-26T15:39:06.2831112Z","BossWinRateWeight_Minus10Percent","Boss performance weight","BossWinRateWeight","Minus10Percent","Dynamic_Player_01_Ice_To_Forest_Ocean_Ice","Day04_IceSettled","4","Ice","Ice","TRUE","MaintainIce","FALSE","FALSE","0.82436","0.720099","0.80625","0.00625","0","0.0375","0.1","0.82436","0.007315","0","0.039631","0.104261","Weapon_Sword","Boss_IceDragon","Region_SnowfieldRuins","FALSE"
"PCG_VFX_OAT_Sensitivity_20260826_153906","2026-08-26T15:39:06.2831112Z","BossWinRateWeight_Minus10Percent","Boss performance weight","BossWinRateWeight","Minus10Percent","Dynamic_Player_01_Ice_To_Forest_Ocean_Ice","Day08_ForestCommitment","8","Forest","Ice","FALSE","IceToForest","TRUE","FALSE","0.428204","0.081301","0.296152","0.460099","0","0.03125","0.06883","0.428204","0.346903","0","0.033345","0.077688","Weapon_Sword","Boss_IceDragon","Region_ForestRuins","FALSE"
"PCG_VFX_OAT_Sensitivity_20260826_153906","2026-08-26T15:39:06.2831112Z","BossWinRateWeight_Minus10Percent","Boss performance weight","BossWinRateWeight","Minus10Percent","Dynamic_Player_01_Ice_To_Forest_Ocean_Ice","Day14_ForestMastery","14","Forest","Forest","TRUE","MaintainForest","FALSE","FALSE","0.458509","0.183326","0.224176","0.495711","0","0.02721","0.060739","0.275183","0.458509","0","0.028744","0.064976","Weapon_Bow","Boss_IceDragon","Region_ForestRuins","FALSE"
"PCG_VFX_OAT_Sensitivity_20260826_153906","2026-08-26T15:39:06.2831112Z","BossWinRateWeight_Minus10Percent","Boss performance weight","BossWinRateWeight","Minus10Percent","Dynamic_Player_01_Ice_To_Forest_Ocean_Ice","Day20_OceanDiscovery","20","Forest","Forest","TRUE","MaintainForest","FALSE","FALSE","0.485693","0.257689","0.212277","0.494754","0","0.025781","0.05846","0.228004","0.485693","0","0.026522","0.060089","Weapon_Bow","Boss_IceDragon","Region_ForestRuins","FALSE"
"PCG_VFX_OAT_Sensitivity_20260826_153906","2026-08-26T15:39:06.2831112Z","BossWinRateWeight_Minus10Percent","Boss performance weight","BossWinRateWeight","Minus10Percent","Dynamic_Player_01_Ice_To_Forest_Ocean_Ice","Day27_SeaTurtleDefeat","27","Ocean","Forest","FALSE","ForestToOcean","TRUE","FALSE","0.388034","0.051329","0.177806","0.35548","0","0.440099","0.078269","0.190355","0.388034","0","0.336705","0.073724","Weapon_Bow","Boss_SeaTurtle","Region_OceanRuins","FALSE"
"PCG_VFX_OAT_Sensitivity_20260826_153906","2026-08-26T15:39:06.2831112Z","BossWinRateWeight_Minus10Percent","Boss performance weight","BossWinRateWeight","Minus10Percent","Dynamic_Player_01_Ice_To_Forest_Ocean_Ice","Day39_IceDragonRematch","39","Ice","Ice","TRUE","OceanToIce","TRUE","FALSE","0.464128","0.195626","0.555385","0.228658","0","0.186849","0.117162","0.464128","0.268502","0","0.224313","0.106302","Weapon_Sword","Boss_IceDragon","Region_SnowfieldRuins","FALSE"
"PCG_VFX_OAT_Sensitivity_20260826_153906","2026-08-26T15:39:06.2831112Z","BossWinRateWeight_Plus10Percent","Boss performance weight","BossWinRateWeight","Plus10Percent","Dynamic_Player_01_Ice_To_Forest_Ocean_Ice","Day01_IceBaseline","1","Ice","Ice","TRUE","InitialState","FALSE","FALSE","0.878691","0.761646","0.878691","0.010511","0","0.046022","0.117045","0.878691","0.010511","0","0.046022","0.117045","Weapon_Sword","Boss_IceDragon","Region_SnowfieldRuins","FALSE"
"PCG_VFX_OAT_Sensitivity_20260826_153906","2026-08-26T15:39:06.2831112Z","BossWinRateWeight_Plus10Percent","Boss performance weight","BossWinRateWeight","Plus10Percent","Dynamic_Player_01_Ice_To_Forest_Ocean_Ice","Day04_IceSettled","4","Ice","Ice","TRUE","MaintainIce","FALSE","FALSE","0.82436","0.720099","0.80625","0.00625","0","0.0375","0.1","0.82436","0.007315","0","0.039631","0.104261","Weapon_Sword","Boss_IceDragon","Region_SnowfieldRuins","FALSE"
"PCG_VFX_OAT_Sensitivity_20260826_153906","2026-08-26T15:39:06.2831112Z","BossWinRateWeight_Plus10Percent","Boss performance weight","BossWinRateWeight","Plus10Percent","Dynamic_Player_01_Ice_To_Forest_Ocean_Ice","Day08_ForestCommitment","8","Forest","Ice","FALSE","IceToForest","TRUE","FALSE","0.428204","0.081301","0.296152","0.460099","0","0.03125","0.06883","0.428204","0.346903","0","0.033345","0.077688","Weapon_Sword","Boss_IceDragon","Region_ForestRuins","FALSE"
"PCG_VFX_OAT_Sensitivity_20260826_153906","2026-08-26T15:39:06.2831112Z","BossWinRateWeight_Plus10Percent","Boss performance weight","BossWinRateWeight","Plus10Percent","Dynamic_Player_01_Ice_To_Forest_Ocean_Ice","Day14_ForestMastery","14","Forest","Forest","TRUE","MaintainForest","FALSE","FALSE","0.458509","0.183326","0.224176","0.495711","0","0.02721","0.060739","0.275183","0.458509","0","0.028744","0.064976","Weapon_Bow","Boss_IceDragon","Region_ForestRuins","FALSE"
"PCG_VFX_OAT_Sensitivity_20260826_153906","2026-08-26T15:39:06.2831112Z","BossWinRateWeight_Plus10Percent","Boss performance weight","BossWinRateWeight","Plus10Percent","Dynamic_Player_01_Ice_To_Forest_Ocean_Ice","Day20_OceanDiscovery","20","Forest","Forest","TRUE","MaintainForest","FALSE","FALSE","0.485693","0.257689","0.212277","0.494754","0","0.025781","0.05846","0.228004","0.485693","0","0.026522","0.060089","Weapon_Bow","Boss_IceDragon","Region_ForestRuins","FALSE"
"PCG_VFX_OAT_Sensitivity_20260826_153906","2026-08-26T15:39:06.2831112Z","BossWinRateWeight_Plus10Percent","Boss performance weight","BossWinRateWeight","Plus10Percent","Dynamic_Player_01_Ice_To_Forest_Ocean_Ice","Day27_SeaTurtleDefeat","27","Ocean","Forest","FALSE","ForestToOcean","TRUE","FALSE","0.388034","0.051329","0.177806","0.35548","0","0.440099","0.078269","0.190355","0.388034","0","0.336705","0.073724","Weapon_Bow","Boss_SeaTurtle","Region_OceanRuins","FALSE"
"PCG_VFX_OAT_Sensitivity_20260826_153906","2026-08-26T15:39:06.2831112Z","BossWinRateWeight_Plus10Percent","Boss performance weight","BossWinRateWeight","Plus10Percent","Dynamic_Player_01_Ice_To_Forest_Ocean_Ice","Day39_IceDragonRematch","39","Ice","Ice","TRUE","OceanToIce","TRUE","FALSE","0.464128","0.195626","0.555385","0.228658","0","0.186849","0.117162","0.464128","0.268502","0","0.224313","0.106302","Weapon_Sword","Boss_IceDragon","Region_SnowfieldRuins","FALSE"
"PCG_VFX_OAT_Sensitivity_20260826_153906","2026-08-26T15:39:06.2831112Z","RegionExplorationWeight_Minus10Percent","Region depth weights","RegionExplorationWeight","Minus10Percent","Dynamic_Player_01_Ice_To_Forest_Ocean_Ice","Day01_IceBaseline","1","Ice","Ice","TRUE","InitialState","FALSE","FALSE","0.878691","0.761646","0.878691","0.010511","0","0.046022","0.117045","0.878691","0.010511","0","0.046022","0.117045","Weapon_Sword","Boss_IceDragon","Region_SnowfieldRuins","FALSE"
"PCG_VFX_OAT_Sensitivity_20260826_153906","2026-08-26T15:39:06.2831112Z","RegionExplorationWeight_Minus10Percent","Region depth weights","RegionExplorationWeight","Minus10Percent","Dynamic_Player_01_Ice_To_Forest_Ocean_Ice","Day04_IceSettled","4","Ice","Ice","TRUE","MaintainIce","FALSE","FALSE","0.82436","0.720099","0.80625","0.00625","0","0.0375","0.1","0.82436","0.007315","0","0.039631","0.104261","Weapon_Sword","Boss_IceDragon","Region_SnowfieldRuins","FALSE"
"PCG_VFX_OAT_Sensitivity_20260826_153906","2026-08-26T15:39:06.2831112Z","RegionExplorationWeight_Minus10Percent","Region depth weights","RegionExplorationWeight","Minus10Percent","Dynamic_Player_01_Ice_To_Forest_Ocean_Ice","Day08_ForestCommitment","8","Forest","Ice","FALSE","IceToForest","TRUE","FALSE","0.42821","0.081313","0.29616","0.46009","0","0.03125","0.068831","0.42821","0.346897","0","0.033345","0.077689","Weapon_Sword","Boss_IceDragon","Region_ForestRuins","FALSE"
"PCG_VFX_OAT_Sensitivity_20260826_153906","2026-08-26T15:39:06.2831112Z","RegionExplorationWeight_Minus10Percent","Region depth weights","RegionExplorationWeight","Minus10Percent","Dynamic_Player_01_Ice_To_Forest_Ocean_Ice","Day14_ForestMastery","14","Forest","Forest","TRUE","MaintainForest","FALSE","FALSE","0.458525","0.183357","0.224153","0.495734","0","0.02721","0.060738","0.275167","0.458525","0","0.028744","0.064975","Weapon_Bow","Boss_IceDragon","Region_ForestRuins","FALSE"
"PCG_VFX_OAT_Sensitivity_20260826_153906","2026-08-26T15:39:06.2831112Z","RegionExplorationWeight_Minus10Percent","Region depth weights","RegionExplorationWeight","Minus10Percent","Dynamic_Player_01_Ice_To_Forest_Ocean_Ice","Day20_OceanDiscovery","20","Forest","Forest","TRUE","MaintainForest","FALSE","FALSE","0.485724","0.257751","0.212241","0.49479","0","0.025781","0.058458","0.227973","0.485724","0","0.026522","0.060087","Weapon_Bow","Boss_IceDragon","Region_ForestRuins","FALSE"
"PCG_VFX_OAT_Sensitivity_20260826_153906","2026-08-26T15:39:06.2831112Z","RegionExplorationWeight_Minus10Percent","Region depth weights","RegionExplorationWeight","Minus10Percent","Dynamic_Player_01_Ice_To_Forest_Ocean_Ice","Day27_SeaTurtleDefeat","27","Ocean","Forest","FALSE","ForestToOcean","TRUE","FALSE","0.388045","0.051326","0.177781","0.355486","0","0.440118","0.078268","0.190329","0.388045","0","0.336719","0.073723","Weapon_Bow","Boss_SeaTurtle","Region_OceanRuins","FALSE"
"PCG_VFX_OAT_Sensitivity_20260826_153906","2026-08-26T15:39:06.2831112Z","RegionExplorationWeight_Minus10Percent","Region depth weights","RegionExplorationWeight","Minus10Percent","Dynamic_Player_01_Ice_To_Forest_Ocean_Ice","Day39_IceDragonRematch","39","Ice","Ice","TRUE","OceanToIce","TRUE","FALSE","0.464148","0.19566","0.555421","0.228636","0","0.186835","0.117163","0.464148","0.268488","0","0.224306","0.106303","Weapon_Sword","Boss_IceDragon","Region_SnowfieldRuins","FALSE"
"PCG_VFX_OAT_Sensitivity_20260826_153906","2026-08-26T15:39:06.2831112Z","RegionExplorationWeight_Plus10Percent","Region depth weights","RegionExplorationWeight","Plus10Percent","Dynamic_Player_01_Ice_To_Forest_Ocean_Ice","Day01_IceBaseline","1","Ice","Ice","TRUE","InitialState","FALSE","FALSE","0.878691","0.761646","0.878691","0.010511","0","0.046022","0.117045","0.878691","0.010511","0","0.046022","0.117045","Weapon_Sword","Boss_IceDragon","Region_SnowfieldRuins","FALSE"
"PCG_VFX_OAT_Sensitivity_20260826_153906","2026-08-26T15:39:06.2831112Z","RegionExplorationWeight_Plus10Percent","Region depth weights","RegionExplorationWeight","Plus10Percent","Dynamic_Player_01_Ice_To_Forest_Ocean_Ice","Day04_IceSettled","4","Ice","Ice","TRUE","MaintainIce","FALSE","FALSE","0.82436","0.720099","0.80625","0.00625","0","0.0375","0.1","0.82436","0.007315","0","0.039631","0.104261","Weapon_Sword","Boss_IceDragon","Region_SnowfieldRuins","FALSE"
"PCG_VFX_OAT_Sensitivity_20260826_153906","2026-08-26T15:39:06.2831112Z","RegionExplorationWeight_Plus10Percent","Region depth weights","RegionExplorationWeight","Plus10Percent","Dynamic_Player_01_Ice_To_Forest_Ocean_Ice","Day08_ForestCommitment","8","Forest","Ice","FALSE","IceToForest","TRUE","FALSE","0.428198","0.08129","0.296144","0.460106","0","0.03125","0.06883","0.428198","0.346908","0","0.033345","0.077688","Weapon_Sword","Boss_IceDragon","Region_ForestRuins","FALSE"
"PCG_VFX_OAT_Sensitivity_20260826_153906","2026-08-26T15:39:06.2831112Z","RegionExplorationWeight_Plus10Percent","Region depth weights","RegionExplorationWeight","Plus10Percent","Dynamic_Player_01_Ice_To_Forest_Ocean_Ice","Day14_ForestMastery","14","Forest","Forest","TRUE","MaintainForest","FALSE","FALSE","0.458495","0.183298","0.224197","0.495691","0","0.02721","0.06074","0.275197","0.458495","0","0.028744","0.064977","Weapon_Bow","Boss_IceDragon","Region_ForestRuins","FALSE"
"PCG_VFX_OAT_Sensitivity_20260826_153906","2026-08-26T15:39:06.2831112Z","RegionExplorationWeight_Plus10Percent","Region depth weights","RegionExplorationWeight","Plus10Percent","Dynamic_Player_01_Ice_To_Forest_Ocean_Ice","Day20_OceanDiscovery","20","Forest","Forest","TRUE","MaintainForest","FALSE","FALSE","0.485666","0.257635","0.212309","0.494723","0","0.025781","0.058462","0.228031","0.485666","0","0.026522","0.06009","Weapon_Bow","Boss_IceDragon","Region_ForestRuins","FALSE"
"PCG_VFX_OAT_Sensitivity_20260826_153906","2026-08-26T15:39:06.2831112Z","RegionExplorationWeight_Plus10Percent","Region depth weights","RegionExplorationWeight","Plus10Percent","Dynamic_Player_01_Ice_To_Forest_Ocean_Ice","Day27_SeaTurtleDefeat","27","Ocean","Forest","FALSE","ForestToOcean","TRUE","FALSE","0.388023","0.051332","0.177828","0.355476","0","0.440082","0.078269","0.190378","0.388023","0","0.336692","0.073724","Weapon_Bow","Boss_SeaTurtle","Region_OceanRuins","FALSE"
"PCG_VFX_OAT_Sensitivity_20260826_153906","2026-08-26T15:39:06.2831112Z","RegionExplorationWeight_Plus10Percent","Region depth weights","RegionExplorationWeight","Plus10Percent","Dynamic_Player_01_Ice_To_Forest_Ocean_Ice","Day39_IceDragonRematch","39","Ice","Ice","TRUE","OceanToIce","TRUE","FALSE","0.46411","0.195596","0.555353","0.228677","0","0.186861","0.117161","0.46411","0.268514","0","0.224319","0.106302","Weapon_Sword","Boss_IceDragon","Region_SnowfieldRuins","FALSE"
"PCG_VFX_OAT_Sensitivity_20260826_153906","2026-08-26T15:39:06.2831112Z","RegionQuestWeight_Minus10Percent","Region depth weights","RegionQuestWeight","Minus10Percent","Dynamic_Player_01_Ice_To_Forest_Ocean_Ice","Day01_IceBaseline","1","Ice","Ice","TRUE","InitialState","FALSE","FALSE","0.878691","0.761646","0.878691","0.010511","0","0.046022","0.117045","0.878691","0.010511","0","0.046022","0.117045","Weapon_Sword","Boss_IceDragon","Region_SnowfieldRuins","FALSE"
"PCG_VFX_OAT_Sensitivity_20260826_153906","2026-08-26T15:39:06.2831112Z","RegionQuestWeight_Minus10Percent","Region depth weights","RegionQuestWeight","Minus10Percent","Dynamic_Player_01_Ice_To_Forest_Ocean_Ice","Day04_IceSettled","4","Ice","Ice","TRUE","MaintainIce","FALSE","FALSE","0.82436","0.720099","0.80625","0.00625","0","0.0375","0.1","0.82436","0.007315","0","0.039631","0.104261","Weapon_Sword","Boss_IceDragon","Region_SnowfieldRuins","FALSE"
"PCG_VFX_OAT_Sensitivity_20260826_153906","2026-08-26T15:39:06.2831112Z","RegionQuestWeight_Minus10Percent","Region depth weights","RegionQuestWeight","Minus10Percent","Dynamic_Player_01_Ice_To_Forest_Ocean_Ice","Day08_ForestCommitment","8","Forest","Ice","FALSE","IceToForest","TRUE","FALSE","0.428198","0.081289","0.296144","0.460106","0","0.03125","0.06883","0.428198","0.346909","0","0.033345","0.077688","Weapon_Sword","Boss_IceDragon","Region_ForestRuins","FALSE"
"PCG_VFX_OAT_Sensitivity_20260826_153906","2026-08-26T15:39:06.2831112Z","RegionQuestWeight_Minus10Percent","Region depth weights","RegionQuestWeight","Minus10Percent","Dynamic_Player_01_Ice_To_Forest_Ocean_Ice","Day14_ForestMastery","14","Forest","Forest","TRUE","MaintainForest","FALSE","FALSE","0.458493","0.183295","0.224199","0.495688","0","0.02721","0.06074","0.275199","0.458493","0","0.028744","0.064977","Weapon_Bow","Boss_IceDragon","Region_ForestRuins","FALSE"
"PCG_VFX_OAT_Sensitivity_20260826_153906","2026-08-26T15:39:06.2831112Z","RegionQuestWeight_Minus10Percent","Region depth weights","RegionQuestWeight","Minus10Percent","Dynamic_Player_01_Ice_To_Forest_Ocean_Ice","Day20_OceanDiscovery","20","Forest","Forest","TRUE","MaintainForest","FALSE","FALSE","0.485663","0.257629","0.212312","0.494719","0","0.025781","0.058462","0.228034","0.485663","0","0.026522","0.060091","Weapon_Bow","Boss_IceDragon","Region_ForestRuins","FALSE"
"PCG_VFX_OAT_Sensitivity_20260826_153906","2026-08-26T15:39:06.2831112Z","RegionQuestWeight_Minus10Percent","Region depth weights","RegionQuestWeight","Minus10Percent","Dynamic_Player_01_Ice_To_Forest_Ocean_Ice","Day27_SeaTurtleDefeat","27","Ocean","Forest","FALSE","ForestToOcean","TRUE","FALSE","0.388022","0.051332","0.17783","0.355475","0","0.44008","0.078269","0.190381","0.388022","0","0.33669","0.073724","Weapon_Bow","Boss_SeaTurtle","Region_OceanRuins","FALSE"
"PCG_VFX_OAT_Sensitivity_20260826_153906","2026-08-26T15:39:06.2831112Z","RegionQuestWeight_Minus10Percent","Region depth weights","RegionQuestWeight","Minus10Percent","Dynamic_Player_01_Ice_To_Forest_Ocean_Ice","Day39_IceDragonRematch","39","Ice","Ice","TRUE","OceanToIce","TRUE","FALSE","0.464108","0.195593","0.55535","0.228679","0","0.186862","0.117161","0.464108","0.268515","0","0.224319","0.106302","Weapon_Sword","Boss_IceDragon","Region_SnowfieldRuins","FALSE"
"PCG_VFX_OAT_Sensitivity_20260826_153906","2026-08-26T15:39:06.2831112Z","RegionQuestWeight_Plus10Percent","Region depth weights","RegionQuestWeight","Plus10Percent","Dynamic_Player_01_Ice_To_Forest_Ocean_Ice","Day01_IceBaseline","1","Ice","Ice","TRUE","InitialState","FALSE","FALSE","0.878691","0.761646","0.878691","0.010511","0","0.046022","0.117045","0.878691","0.010511","0","0.046022","0.117045","Weapon_Sword","Boss_IceDragon","Region_SnowfieldRuins","FALSE"
"PCG_VFX_OAT_Sensitivity_20260826_153906","2026-08-26T15:39:06.2831112Z","RegionQuestWeight_Plus10Percent","Region depth weights","RegionQuestWeight","Plus10Percent","Dynamic_Player_01_Ice_To_Forest_Ocean_Ice","Day04_IceSettled","4","Ice","Ice","TRUE","MaintainIce","FALSE","FALSE","0.82436","0.720099","0.80625","0.00625","0","0.0375","0.1","0.82436","0.007315","0","0.039631","0.104261","Weapon_Sword","Boss_IceDragon","Region_SnowfieldRuins","FALSE"
"PCG_VFX_OAT_Sensitivity_20260826_153906","2026-08-26T15:39:06.2831112Z","RegionQuestWeight_Plus10Percent","Region depth weights","RegionQuestWeight","Plus10Percent","Dynamic_Player_01_Ice_To_Forest_Ocean_Ice","Day08_ForestCommitment","8","Forest","Ice","FALSE","IceToForest","TRUE","FALSE","0.428209","0.081312","0.296159","0.460091","0","0.03125","0.068831","0.428209","0.346897","0","0.033345","0.077688","Weapon_Sword","Boss_IceDragon","Region_ForestRuins","FALSE"
"PCG_VFX_OAT_Sensitivity_20260826_153906","2026-08-26T15:39:06.2831112Z","RegionQuestWeight_Plus10Percent","Region depth weights","RegionQuestWeight","Plus10Percent","Dynamic_Player_01_Ice_To_Forest_Ocean_Ice","Day14_ForestMastery","14","Forest","Forest","TRUE","MaintainForest","FALSE","FALSE","0.458523","0.183354","0.224156","0.495732","0","0.02721","0.060738","0.275169","0.458523","0","0.028744","0.064975","Weapon_Bow","Boss_IceDragon","Region_ForestRuins","FALSE"
"PCG_VFX_OAT_Sensitivity_20260826_153906","2026-08-26T15:39:06.2831112Z","RegionQuestWeight_Plus10Percent","Region depth weights","RegionQuestWeight","Plus10Percent","Dynamic_Player_01_Ice_To_Forest_Ocean_Ice","Day20_OceanDiscovery","20","Forest","Forest","TRUE","MaintainForest","FALSE","FALSE","0.485721","0.257745","0.212245","0.494787","0","0.025781","0.058458","0.227976","0.485721","0","0.026522","0.060087","Weapon_Bow","Boss_IceDragon","Region_ForestRuins","FALSE"
"PCG_VFX_OAT_Sensitivity_20260826_153906","2026-08-26T15:39:06.2831112Z","RegionQuestWeight_Plus10Percent","Region depth weights","RegionQuestWeight","Plus10Percent","Dynamic_Player_01_Ice_To_Forest_Ocean_Ice","Day27_SeaTurtleDefeat","27","Ocean","Forest","FALSE","ForestToOcean","TRUE","FALSE","0.388044","0.051326","0.177783","0.355485","0","0.440116","0.078268","0.190331","0.388044","0","0.336718","0.073723","Weapon_Bow","Boss_SeaTurtle","Region_OceanRuins","FALSE"
"PCG_VFX_OAT_Sensitivity_20260826_153906","2026-08-26T15:39:06.2831112Z","RegionQuestWeight_Plus10Percent","Region depth weights","RegionQuestWeight","Plus10Percent","Dynamic_Player_01_Ice_To_Forest_Ocean_Ice","Day39_IceDragonRematch","39","Ice","Ice","TRUE","OceanToIce","TRUE","FALSE","0.464146","0.195656","0.555417","0.228638","0","0.186836","0.117163","0.464146","0.26849","0","0.224307","0.106303","Weapon_Sword","Boss_IceDragon","Region_SnowfieldRuins","FALSE"
"PCG_VFX_OAT_Sensitivity_20260826_153906","2026-08-26T15:39:06.2831112Z","RegionRecentVisitWeight_Minus10Percent","Region behaviour-score weights","RegionRecentVisitWeight","Minus10Percent","Dynamic_Player_01_Ice_To_Forest_Ocean_Ice","Day01_IceBaseline","1","Ice","Ice","TRUE","InitialState","FALSE","FALSE","0.878691","0.761646","0.878691","0.010511","0","0.046022","0.117045","0.878691","0.010511","0","0.046022","0.117045","Weapon_Sword","Boss_IceDragon","Region_SnowfieldRuins","FALSE"
"PCG_VFX_OAT_Sensitivity_20260826_153906","2026-08-26T15:39:06.2831112Z","RegionRecentVisitWeight_Minus10Percent","Region behaviour-score weights","RegionRecentVisitWeight","Minus10Percent","Dynamic_Player_01_Ice_To_Forest_Ocean_Ice","Day04_IceSettled","4","Ice","Ice","TRUE","MaintainIce","FALSE","FALSE","0.82436","0.720099","0.80625","0.00625","0","0.0375","0.1","0.82436","0.007315","0","0.039631","0.104261","Weapon_Sword","Boss_IceDragon","Region_SnowfieldRuins","FALSE"
"PCG_VFX_OAT_Sensitivity_20260826_153906","2026-08-26T15:39:06.2831112Z","RegionRecentVisitWeight_Minus10Percent","Region behaviour-score weights","RegionRecentVisitWeight","Minus10Percent","Dynamic_Player_01_Ice_To_Forest_Ocean_Ice","Day08_ForestCommitment","8","Forest","Ice","FALSE","IceToForest","TRUE","FALSE","0.431004","0.086902","0.299886","0.456364","0","0.03125","0.069038","0.431004","0.344102","0","0.033345","0.077844","Weapon_Sword","Boss_IceDragon","Region_ForestRuins","FALSE"
"PCG_VFX_OAT_Sensitivity_20260826_153906","2026-08-26T15:39:06.2831112Z","RegionRecentVisitWeight_Minus10Percent","Region behaviour-score weights","RegionRecentVisitWeight","Minus10Percent","Dynamic_Player_01_Ice_To_Forest_Ocean_Ice","Day14_ForestMastery","14","Forest","Forest","TRUE","MaintainForest","FALSE","FALSE","0.455018","0.176344","0.227898","0.49199","0","0.02721","0.060946","0.278674","0.455018","0","0.028744","0.06517","Weapon_Bow","Boss_IceDragon","Region_ForestRuins","FALSE"
"PCG_VFX_OAT_Sensitivity_20260826_153906","2026-08-26T15:39:06.2831112Z","RegionRecentVisitWeight_Minus10Percent","Region behaviour-score weights","RegionRecentVisitWeight","Minus10Percent","Dynamic_Player_01_Ice_To_Forest_Ocean_Ice","Day20_OceanDiscovery","20","Forest","Forest","TRUE","MaintainForest","FALSE","FALSE","0.482142","0.250587","0.215848","0.491183","0","0.025781","0.058658","0.231555","0.482142","0","0.026522","0.060286","Weapon_Bow","Boss_IceDragon","Region_ForestRuins","FALSE"
"PCG_VFX_OAT_Sensitivity_20260826_153906","2026-08-26T15:39:06.2831112Z","RegionRecentVisitWeight_Minus10Percent","Region behaviour-score weights","RegionRecentVisitWeight","Minus10Percent","Dynamic_Player_01_Ice_To_Forest_Ocean_Ice","Day27_SeaTurtleDefeat","27","Ocean","Forest","FALSE","ForestToOcean","TRUE","FALSE","0.386867","0.051271","0.179655","0.355109","0","0.438621","0.078289","0.19263","0.386867","0","0.335596","0.073789","Weapon_Bow","Boss_SeaTurtle","Region_OceanRuins","FALSE"
"PCG_VFX_OAT_Sensitivity_20260826_153906","2026-08-26T15:39:06.2831112Z","RegionRecentVisitWeight_Minus10Percent","Region behaviour-score weights","RegionRecentVisitWeight","Minus10Percent","Dynamic_Player_01_Ice_To_Forest_Ocean_Ice","Day39_IceDragonRematch","39","Ice","Ice","TRUE","OceanToIce","TRUE","FALSE","0.464455","0.195882","0.555064","0.229141","0","0.186686","0.117135","0.464455","0.268573","0","0.223914","0.106298","Weapon_Sword","Boss_IceDragon","Region_SnowfieldRuins","FALSE"
"PCG_VFX_OAT_Sensitivity_20260826_153906","2026-08-26T15:39:06.2831112Z","RegionRecentVisitWeight_Plus10Percent","Region behaviour-score weights","RegionRecentVisitWeight","Plus10Percent","Dynamic_Player_01_Ice_To_Forest_Ocean_Ice","Day01_IceBaseline","1","Ice","Ice","TRUE","InitialState","FALSE","FALSE","0.878691","0.761646","0.878691","0.010511","0","0.046022","0.117045","0.878691","0.010511","0","0.046022","0.117045","Weapon_Sword","Boss_IceDragon","Region_SnowfieldRuins","FALSE"
"PCG_VFX_OAT_Sensitivity_20260826_153906","2026-08-26T15:39:06.2831112Z","RegionRecentVisitWeight_Plus10Percent","Region behaviour-score weights","RegionRecentVisitWeight","Plus10Percent","Dynamic_Player_01_Ice_To_Forest_Ocean_Ice","Day04_IceSettled","4","Ice","Ice","TRUE","MaintainIce","FALSE","FALSE","0.82436","0.720099","0.80625","0.00625","0","0.0375","0.1","0.82436","0.007315","0","0.039631","0.104261","Weapon_Sword","Boss_IceDragon","Region_SnowfieldRuins","FALSE"
"PCG_VFX_OAT_Sensitivity_20260826_153906","2026-08-26T15:39:06.2831112Z","RegionRecentVisitWeight_Plus10Percent","Region behaviour-score weights","RegionRecentVisitWeight","Plus10Percent","Dynamic_Player_01_Ice_To_Forest_Ocean_Ice","Day08_ForestCommitment","8","Forest","Ice","FALSE","IceToForest","TRUE","FALSE","0.425575","0.076044","0.292647","0.463603","0","0.03125","0.068636","0.425575","0.349531","0","0.033345","0.077542","Weapon_Sword","Boss_IceDragon","Region_ForestRuins","FALSE"
"PCG_VFX_OAT_Sensitivity_20260826_153906","2026-08-26T15:39:06.2831112Z","RegionRecentVisitWeight_Plus10Percent","Region behaviour-score weights","RegionRecentVisitWeight","Plus10Percent","Dynamic_Player_01_Ice_To_Forest_Ocean_Ice","Day14_ForestMastery","14","Forest","Forest","TRUE","MaintainForest","FALSE","FALSE","0.461786","0.189879","0.220684","0.499204","0","0.02721","0.060545","0.271907","0.461786","0","0.028744","0.064794","Weapon_Bow","Boss_IceDragon","Region_ForestRuins","FALSE"
"PCG_VFX_OAT_Sensitivity_20260826_153906","2026-08-26T15:39:06.2831112Z","RegionRecentVisitWeight_Plus10Percent","Region behaviour-score weights","RegionRecentVisitWeight","Plus10Percent","Dynamic_Player_01_Ice_To_Forest_Ocean_Ice","Day20_OceanDiscovery","20","Forest","Forest","TRUE","MaintainForest","FALSE","FALSE","0.489045","0.264393","0.2089","0.498131","0","0.025781","0.058272","0.224652","0.489045","0","0.026522","0.059903","Weapon_Bow","Boss_IceDragon","Region_ForestRuins","FALSE"
"PCG_VFX_OAT_Sensitivity_20260826_153906","2026-08-26T15:39:06.2831112Z","RegionRecentVisitWeight_Plus10Percent","Region behaviour-score weights","RegionRecentVisitWeight","Plus10Percent","Dynamic_Player_01_Ice_To_Forest_Ocean_Ice","Day27_SeaTurtleDefeat","27","Ocean","Forest","FALSE","ForestToOcean","TRUE","FALSE","0.389138","0.051375","0.17604","0.355835","0","0.44151","0.078249","0.188193","0.389138","0","0.337763","0.073662","Weapon_Bow","Boss_SeaTurtle","Region_OceanRuins","FALSE"
"PCG_VFX_OAT_Sensitivity_20260826_153906","2026-08-26T15:39:06.2831112Z","RegionRecentVisitWeight_Plus10Percent","Region behaviour-score weights","RegionRecentVisitWeight","Plus10Percent","Dynamic_Player_01_Ice_To_Forest_Ocean_Ice","Day39_IceDragonRematch","39","Ice","Ice","TRUE","OceanToIce","TRUE","FALSE","0.463818","0.195388","0.555693","0.228194","0","0.187004","0.117188","0.463818","0.26843","0","0.224694","0.106306","Weapon_Sword","Boss_IceDragon","Region_SnowfieldRuins","FALSE"
"PCG_VFX_OAT_Sensitivity_20260826_153906","2026-08-26T15:39:06.2831112Z","RegionVisitRateWeight_Minus10Percent","Region behaviour-score weights","RegionVisitRateWeight","Minus10Percent","Dynamic_Player_01_Ice_To_Forest_Ocean_Ice","Day01_IceBaseline","1","Ice","Ice","TRUE","InitialState","FALSE","FALSE","0.878691","0.761646","0.878691","0.010511","0","0.046022","0.117045","0.878691","0.010511","0","0.046022","0.117045","Weapon_Sword","Boss_IceDragon","Region_SnowfieldRuins","FALSE"
"PCG_VFX_OAT_Sensitivity_20260826_153906","2026-08-26T15:39:06.2831112Z","RegionVisitRateWeight_Minus10Percent","Region behaviour-score weights","RegionVisitRateWeight","Minus10Percent","Dynamic_Player_01_Ice_To_Forest_Ocean_Ice","Day04_IceSettled","4","Ice","Ice","TRUE","MaintainIce","FALSE","FALSE","0.82436","0.720099","0.80625","0.00625","0","0.0375","0.1","0.82436","0.007315","0","0.039631","0.104261","Weapon_Sword","Boss_IceDragon","Region_SnowfieldRuins","FALSE"
"PCG_VFX_OAT_Sensitivity_20260826_153906","2026-08-26T15:39:06.2831112Z","RegionVisitRateWeight_Minus10Percent","Region behaviour-score weights","RegionVisitRateWeight","Minus10Percent","Dynamic_Player_01_Ice_To_Forest_Ocean_Ice","Day08_ForestCommitment","8","Forest","Ice","FALSE","IceToForest","TRUE","FALSE","0.429807","0.084508","0.298289","0.457961","0","0.03125","0.068949","0.429807","0.345299","0","0.033345","0.077777","Weapon_Sword","Boss_IceDragon","Region_ForestRuins","FALSE"
"PCG_VFX_OAT_Sensitivity_20260826_153906","2026-08-26T15:39:06.2831112Z","RegionVisitRateWeight_Minus10Percent","Region behaviour-score weights","RegionVisitRateWeight","Minus10Percent","Dynamic_Player_01_Ice_To_Forest_Ocean_Ice","Day14_ForestMastery","14","Forest","Forest","TRUE","MaintainForest","FALSE","FALSE","0.456696","0.1797","0.226059","0.493828","0","0.02721","0.060844","0.276996","0.456696","0","0.028744","0.065077","Weapon_Bow","Boss_IceDragon","Region_ForestRuins","FALSE"
"PCG_VFX_OAT_Sensitivity_20260826_153906","2026-08-26T15:39:06.2831112Z","RegionVisitRateWeight_Minus10Percent","Region behaviour-score weights","RegionVisitRateWeight","Minus10Percent","Dynamic_Player_01_Ice_To_Forest_Ocean_Ice","Day20_OceanDiscovery","20","Forest","Forest","TRUE","MaintainForest","FALSE","FALSE","0.483849","0.254001","0.214132","0.4929","0","0.025781","0.058563","0.229848","0.483849","0","0.026522","0.060191","Weapon_Bow","Boss_IceDragon","Region_ForestRuins","FALSE"
"PCG_VFX_OAT_Sensitivity_20260826_153906","2026-08-26T15:39:06.2831112Z","RegionVisitRateWeight_Minus10Percent","Region behaviour-score weights","RegionVisitRateWeight","Minus10Percent","Dynamic_Player_01_Ice_To_Forest_Ocean_Ice","Day27_SeaTurtleDefeat","27","Ocean","Forest","FALSE","ForestToOcean","TRUE","FALSE","0.387479","0.05189","0.179417","0.355356","0","0.438612","0.078276","0.192025","0.387479","0","0.335589","0.073755","Weapon_Bow","Boss_SeaTurtle","Region_OceanRuins","FALSE"
"PCG_VFX_OAT_Sensitivity_20260826_153906","2026-08-26T15:39:06.2831112Z","RegionVisitRateWeight_Minus10Percent","Region behaviour-score weights","RegionVisitRateWeight","Minus10Percent","Dynamic_Player_01_Ice_To_Forest_Ocean_Ice","Day39_IceDragonRematch","39","Ice","Ice","TRUE","OceanToIce","TRUE","FALSE","0.463669","0.194544","0.554217","0.229674","0","0.187","0.117105","0.463669","0.269126","0","0.224147","0.106268","Weapon_Sword","Boss_IceDragon","Region_SnowfieldRuins","FALSE"
"PCG_VFX_OAT_Sensitivity_20260826_153906","2026-08-26T15:39:06.2831112Z","RegionVisitRateWeight_Plus10Percent","Region behaviour-score weights","RegionVisitRateWeight","Plus10Percent","Dynamic_Player_01_Ice_To_Forest_Ocean_Ice","Day01_IceBaseline","1","Ice","Ice","TRUE","InitialState","FALSE","FALSE","0.878691","0.761646","0.878691","0.010511","0","0.046022","0.117045","0.878691","0.010511","0","0.046022","0.117045","Weapon_Sword","Boss_IceDragon","Region_SnowfieldRuins","FALSE"
"PCG_VFX_OAT_Sensitivity_20260826_153906","2026-08-26T15:39:06.2831112Z","RegionVisitRateWeight_Plus10Percent","Region behaviour-score weights","RegionVisitRateWeight","Plus10Percent","Dynamic_Player_01_Ice_To_Forest_Ocean_Ice","Day04_IceSettled","4","Ice","Ice","TRUE","MaintainIce","FALSE","FALSE","0.82436","0.720099","0.80625","0.00625","0","0.0375","0.1","0.82436","0.007315","0","0.039631","0.104261","Weapon_Sword","Boss_IceDragon","Region_SnowfieldRuins","FALSE"
"PCG_VFX_OAT_Sensitivity_20260826_153906","2026-08-26T15:39:06.2831112Z","RegionVisitRateWeight_Plus10Percent","Region behaviour-score weights","RegionVisitRateWeight","Plus10Percent","Dynamic_Player_01_Ice_To_Forest_Ocean_Ice","Day08_ForestCommitment","8","Forest","Ice","FALSE","IceToForest","TRUE","FALSE","0.426658","0.07821","0.294091","0.462159","0","0.03125","0.068716","0.426658","0.348448","0","0.033345","0.077602","Weapon_Sword","Boss_IceDragon","Region_ForestRuins","FALSE"
"PCG_VFX_OAT_Sensitivity_20260826_153906","2026-08-26T15:39:06.2831112Z","RegionVisitRateWeight_Plus10Percent","Region behaviour-score weights","RegionVisitRateWeight","Plus10Percent","Dynamic_Player_01_Ice_To_Forest_Ocean_Ice","Day14_ForestMastery","14","Forest","Forest","TRUE","MaintainForest","FALSE","FALSE","0.460262","0.186832","0.222354","0.497533","0","0.02721","0.060638","0.27343","0.460262","0","0.028744","0.064879","Weapon_Bow","Boss_IceDragon","Region_ForestRuins","FALSE"
"PCG_VFX_OAT_Sensitivity_20260826_153906","2026-08-26T15:39:06.2831112Z","RegionVisitRateWeight_Plus10Percent","Region behaviour-score weights","RegionVisitRateWeight","Plus10Percent","Dynamic_Player_01_Ice_To_Forest_Ocean_Ice","Day20_OceanDiscovery","20","Forest","Forest","TRUE","MaintainForest","FALSE","FALSE","0.487482","0.261267","0.210476","0.496555","0","0.025781","0.05836","0.226215","0.487482","0","0.026522","0.05999","Weapon_Bow","Boss_IceDragon","Region_ForestRuins","FALSE"
"PCG_VFX_OAT_Sensitivity_20260826_153906","2026-08-26T15:39:06.2831112Z","RegionVisitRateWeight_Plus10Percent","Region behaviour-score weights","RegionVisitRateWeight","Plus10Percent","Dynamic_Player_01_Ice_To_Forest_Ocean_Ice","Day27_SeaTurtleDefeat","27","Ocean","Forest","FALSE","ForestToOcean","TRUE","FALSE","0.38857","0.050795","0.176258","0.3556","0","0.441527","0.078262","0.188747","0.38857","0","0.337776","0.073694","Weapon_Bow","Boss_SeaTurtle","Region_OceanRuins","FALSE"
"PCG_VFX_OAT_Sensitivity_20260826_153906","2026-08-26T15:39:06.2831112Z","RegionVisitRateWeight_Plus10Percent","Region behaviour-score weights","RegionVisitRateWeight","Plus10Percent","Dynamic_Player_01_Ice_To_Forest_Ocean_Ice","Day39_IceDragonRematch","39","Ice","Ice","TRUE","OceanToIce","TRUE","FALSE","0.464559","0.196648","0.556496","0.227691","0","0.186705","0.117216","0.464559","0.267911","0","0.224472","0.106335","Weapon_Sword","Boss_IceDragon","Region_SnowfieldRuins","FALSE"
"PCG_VFX_OAT_Sensitivity_20260826_153906","2026-08-26T15:39:06.2831112Z","RegionDepthWeight_Minus10Percent","Region behaviour-score weights","RegionDepthWeight","Minus10Percent","Dynamic_Player_01_Ice_To_Forest_Ocean_Ice","Day01_IceBaseline","1","Ice","Ice","TRUE","InitialState","FALSE","FALSE","0.878691","0.761646","0.878691","0.010511","0","0.046022","0.117045","0.878691","0.010511","0","0.046022","0.117045","Weapon_Sword","Boss_IceDragon","Region_SnowfieldRuins","FALSE"
"PCG_VFX_OAT_Sensitivity_20260826_153906","2026-08-26T15:39:06.2831112Z","RegionDepthWeight_Minus10Percent","Region behaviour-score weights","RegionDepthWeight","Minus10Percent","Dynamic_Player_01_Ice_To_Forest_Ocean_Ice","Day04_IceSettled","4","Ice","Ice","TRUE","MaintainIce","FALSE","FALSE","0.82436","0.720099","0.80625","0.00625","0","0.0375","0.1","0.82436","0.007315","0","0.039631","0.104261","Weapon_Sword","Boss_IceDragon","Region_SnowfieldRuins","FALSE"
"PCG_VFX_OAT_Sensitivity_20260826_153906","2026-08-26T15:39:06.2831112Z","RegionDepthWeight_Minus10Percent","Region behaviour-score weights","RegionDepthWeight","Minus10Percent","Dynamic_Player_01_Ice_To_Forest_Ocean_Ice","Day08_ForestCommitment","8","Forest","Ice","FALSE","IceToForest","TRUE","FALSE","0.423693","0.07228","0.290137","0.466113","0","0.03125","0.068496","0.423693","0.351413","0","0.033345","0.077438","Weapon_Sword","Boss_IceDragon","Region_ForestRuins","FALSE"
"PCG_VFX_OAT_Sensitivity_20260826_153906","2026-08-26T15:39:06.2831112Z","RegionDepthWeight_Minus10Percent","Region behaviour-score weights","RegionDepthWeight","Minus10Percent","Dynamic_Player_01_Ice_To_Forest_Ocean_Ice","Day14_ForestMastery","14","Forest","Forest","TRUE","MaintainForest","FALSE","FALSE","0.463953","0.194213","0.218422","0.501466","0","0.02721","0.060419","0.26974","0.463953","0","0.028744","0.064674","Weapon_Bow","Boss_IceDragon","Region_ForestRuins","FALSE"
"PCG_VFX_OAT_Sensitivity_20260826_153906","2026-08-26T15:39:06.2831112Z","RegionDepthWeight_Minus10Percent","Region behaviour-score weights","RegionDepthWeight","Minus10Percent","Dynamic_Player_01_Ice_To_Forest_Ocean_Ice","Day20_OceanDiscovery","20","Forest","Forest","TRUE","MaintainForest","FALSE","FALSE","0.49127","0.268843","0.206656","0.500375","0","0.025781","0.058147","0.222427","0.49127","0","0.026522","0.059779","Weapon_Bow","Boss_IceDragon","Region_ForestRuins","FALSE"
"PCG_VFX_OAT_Sensitivity_20260826_153906","2026-08-26T15:39:06.2831112Z","RegionDepthWeight_Minus10Percent","Region behaviour-score weights","RegionDepthWeight","Minus10Percent","Dynamic_Player_01_Ice_To_Forest_Ocean_Ice","Day27_SeaTurtleDefeat","27","Ocean","Forest","FALSE","ForestToOcean","TRUE","FALSE","0.389813","0.050802","0.174216","0.355994","0","0.443175","0.07824","0.186269","0.389813","0","0.339011","0.073625","Weapon_Bow","Boss_SeaTurtle","Region_OceanRuins","FALSE"
"PCG_VFX_OAT_Sensitivity_20260826_153906","2026-08-26T15:39:06.2831112Z","RegionDepthWeight_Minus10Percent","Region behaviour-score weights","RegionDepthWeight","Minus10Percent","Dynamic_Player_01_Ice_To_Forest_Ocean_Ice","Day39_IceDragonRematch","39","Ice","Ice","TRUE","OceanToIce","TRUE","FALSE","0.464258","0.196473","0.556921","0.22711","0","0.18686","0.117248","0.464258","0.267786","0","0.224898","0.106342","Weapon_Sword","Boss_IceDragon","Region_SnowfieldRuins","FALSE"
"PCG_VFX_OAT_Sensitivity_20260826_153906","2026-08-26T15:39:06.2831112Z","RegionDepthWeight_Plus10Percent","Region behaviour-score weights","RegionDepthWeight","Plus10Percent","Dynamic_Player_01_Ice_To_Forest_Ocean_Ice","Day01_IceBaseline","1","Ice","Ice","TRUE","InitialState","FALSE","FALSE","0.878691","0.761646","0.878691","0.010511","0","0.046022","0.117045","0.878691","0.010511","0","0.046022","0.117045","Weapon_Sword","Boss_IceDragon","Region_SnowfieldRuins","FALSE"
"PCG_VFX_OAT_Sensitivity_20260826_153906","2026-08-26T15:39:06.2831112Z","RegionDepthWeight_Plus10Percent","Region behaviour-score weights","RegionDepthWeight","Plus10Percent","Dynamic_Player_01_Ice_To_Forest_Ocean_Ice","Day04_IceSettled","4","Ice","Ice","TRUE","MaintainIce","FALSE","FALSE","0.82436","0.720099","0.80625","0.00625","0","0.0375","0.1","0.82436","0.007315","0","0.039631","0.104261","Weapon_Sword","Boss_IceDragon","Region_SnowfieldRuins","FALSE"
"PCG_VFX_OAT_Sensitivity_20260826_153906","2026-08-26T15:39:06.2831112Z","RegionDepthWeight_Plus10Percent","Region behaviour-score weights","RegionDepthWeight","Plus10Percent","Dynamic_Player_01_Ice_To_Forest_Ocean_Ice","Day08_ForestCommitment","8","Forest","Ice","FALSE","IceToForest","TRUE","FALSE","0.432286","0.089465","0.301594","0.454656","0","0.03125","0.069133","0.432286","0.342821","0","0.033345","0.077915","Weapon_Sword","Boss_IceDragon","Region_ForestRuins","FALSE"
"PCG_VFX_OAT_Sensitivity_20260826_153906","2026-08-26T15:39:06.2831112Z","RegionDepthWeight_Plus10Percent","Region behaviour-score weights","RegionDepthWeight","Plus10Percent","Dynamic_Player_01_Ice_To_Forest_Ocean_Ice","Day14_ForestMastery","14","Forest","Forest","TRUE","MaintainForest","FALSE","FALSE","0.453599","0.173507","0.229362","0.490526","0","0.02721","0.061027","0.280093","0.453599","0","0.028744","0.065249","Weapon_Bow","Boss_IceDragon","Region_ForestRuins","FALSE"
"PCG_VFX_OAT_Sensitivity_20260826_153906","2026-08-26T15:39:06.2831112Z","RegionDepthWeight_Plus10Percent","Region behaviour-score weights","RegionDepthWeight","Plus10Percent","Dynamic_Player_01_Ice_To_Forest_Ocean_Ice","Day20_OceanDiscovery","20","Forest","Forest","TRUE","MaintainForest","FALSE","FALSE","0.480707","0.247717","0.217288","0.489743","0","0.025781","0.058738","0.23299","0.480707","0","0.026522","0.060366","Weapon_Bow","Boss_IceDragon","Region_ForestRuins","FALSE"
"PCG_VFX_OAT_Sensitivity_20260826_153906","2026-08-26T15:39:06.2831112Z","RegionDepthWeight_Plus10Percent","Region behaviour-score weights","RegionDepthWeight","Plus10Percent","Dynamic_Player_01_Ice_To_Forest_Ocean_Ice","Day27_SeaTurtleDefeat","27","Ocean","Forest","FALSE","ForestToOcean","TRUE","FALSE","0.386443","0.051797","0.181009","0.355022","0","0.437354","0.078294","0.194004","0.386443","0","0.334646","0.073812","Weapon_Bow","Boss_SeaTurtle","Region_OceanRuins","FALSE"
"PCG_VFX_OAT_Sensitivity_20260826_153906","2026-08-26T15:39:06.2831112Z","RegionDepthWeight_Plus10Percent","Region behaviour-score weights","RegionDepthWeight","Plus10Percent","Dynamic_Player_01_Ice_To_Forest_Ocean_Ice","Day39_IceDragonRematch","39","Ice","Ice","TRUE","OceanToIce","TRUE","FALSE","0.464006","0.194859","0.554006","0.230047","0","0.186838","0.117085","0.464006","0.269146","0","0.22379","0.106267","Weapon_Sword","Boss_IceDragon","Region_SnowfieldRuins","FALSE"
"PCG_VFX_OAT_Sensitivity_20260826_153906","2026-08-26T15:39:06.2831112Z","RegionEligibilityThreshold_Minus10Percent","Region eligibility threshold","RegionEligibilityThreshold","Minus10Percent","Dynamic_Player_01_Ice_To_Forest_Ocean_Ice","Day01_IceBaseline","1","Ice","Ice","TRUE","InitialState","FALSE","FALSE","0.878691","0.761646","0.878691","0.010511","0","0.046022","0.117045","0.878691","0.010511","0","0.046022","0.117045","Weapon_Sword","Boss_IceDragon","Region_SnowfieldRuins","FALSE"
"PCG_VFX_OAT_Sensitivity_20260826_153906","2026-08-26T15:39:06.2831112Z","RegionEligibilityThreshold_Minus10Percent","Region eligibility threshold","RegionEligibilityThreshold","Minus10Percent","Dynamic_Player_01_Ice_To_Forest_Ocean_Ice","Day04_IceSettled","4","Ice","Ice","TRUE","MaintainIce","FALSE","FALSE","0.82436","0.720099","0.80625","0.00625","0","0.0375","0.1","0.82436","0.007315","0","0.039631","0.104261","Weapon_Sword","Boss_IceDragon","Region_SnowfieldRuins","FALSE"
"PCG_VFX_OAT_Sensitivity_20260826_153906","2026-08-26T15:39:06.2831112Z","RegionEligibilityThreshold_Minus10Percent","Region eligibility threshold","RegionEligibilityThreshold","Minus10Percent","Dynamic_Player_01_Ice_To_Forest_Ocean_Ice","Day08_ForestCommitment","8","Forest","Ice","FALSE","IceToForest","TRUE","FALSE","0.428204","0.081301","0.296152","0.460099","0","0.03125","0.06883","0.428204","0.346903","0","0.033345","0.077688","Weapon_Sword","Boss_IceDragon","Region_ForestRuins","FALSE"
"PCG_VFX_OAT_Sensitivity_20260826_153906","2026-08-26T15:39:06.2831112Z","RegionEligibilityThreshold_Minus10Percent","Region eligibility threshold","RegionEligibilityThreshold","Minus10Percent","Dynamic_Player_01_Ice_To_Forest_Ocean_Ice","Day14_ForestMastery","14","Forest","Forest","TRUE","MaintainForest","FALSE","FALSE","0.458509","0.183326","0.224176","0.495711","0","0.02721","0.060739","0.275183","0.458509","0","0.028744","0.064976","Weapon_Bow","Boss_IceDragon","Region_ForestRuins","FALSE"
"PCG_VFX_OAT_Sensitivity_20260826_153906","2026-08-26T15:39:06.2831112Z","RegionEligibilityThreshold_Minus10Percent","Region eligibility threshold","RegionEligibilityThreshold","Minus10Percent","Dynamic_Player_01_Ice_To_Forest_Ocean_Ice","Day20_OceanDiscovery","20","Forest","Forest","TRUE","MaintainForest","FALSE","FALSE","0.485693","0.257689","0.212277","0.494754","0","0.025781","0.05846","0.228004","0.485693","0","0.026522","0.060089","Weapon_Bow","Boss_IceDragon","Region_ForestRuins","FALSE"
"PCG_VFX_OAT_Sensitivity_20260826_153906","2026-08-26T15:39:06.2831112Z","RegionEligibilityThreshold_Minus10Percent","Region eligibility threshold","RegionEligibilityThreshold","Minus10Percent","Dynamic_Player_01_Ice_To_Forest_Ocean_Ice","Day27_SeaTurtleDefeat","27","Ocean","Forest","FALSE","ForestToOcean","TRUE","FALSE","0.388034","0.051329","0.177806","0.35548","0","0.440099","0.078269","0.190355","0.388034","0","0.336705","0.073724","Weapon_Bow","Boss_SeaTurtle","Region_OceanRuins","FALSE"
"PCG_VFX_OAT_Sensitivity_20260826_153906","2026-08-26T15:39:06.2831112Z","RegionEligibilityThreshold_Minus10Percent","Region eligibility threshold","RegionEligibilityThreshold","Minus10Percent","Dynamic_Player_01_Ice_To_Forest_Ocean_Ice","Day39_IceDragonRematch","39","Ice","Ice","TRUE","OceanToIce","TRUE","FALSE","0.464128","0.195626","0.555385","0.228658","0","0.186849","0.117162","0.464128","0.268502","0","0.224313","0.106302","Weapon_Sword","Boss_IceDragon","Region_SnowfieldRuins","FALSE"
"PCG_VFX_OAT_Sensitivity_20260826_153906","2026-08-26T15:39:06.2831112Z","RegionEligibilityThreshold_Plus10Percent","Region eligibility threshold","RegionEligibilityThreshold","Plus10Percent","Dynamic_Player_01_Ice_To_Forest_Ocean_Ice","Day01_IceBaseline","1","Ice","Ice","TRUE","InitialState","FALSE","FALSE","0.878691","0.761646","0.878691","0.010511","0","0.046022","0.117045","0.878691","0.010511","0","0.046022","0.117045","Weapon_Sword","Boss_IceDragon","Region_SnowfieldRuins","FALSE"
"PCG_VFX_OAT_Sensitivity_20260826_153906","2026-08-26T15:39:06.2831112Z","RegionEligibilityThreshold_Plus10Percent","Region eligibility threshold","RegionEligibilityThreshold","Plus10Percent","Dynamic_Player_01_Ice_To_Forest_Ocean_Ice","Day04_IceSettled","4","Ice","Ice","TRUE","MaintainIce","FALSE","FALSE","0.82436","0.720099","0.80625","0.00625","0","0.0375","0.1","0.82436","0.007315","0","0.039631","0.104261","Weapon_Sword","Boss_IceDragon","Region_SnowfieldRuins","FALSE"
"PCG_VFX_OAT_Sensitivity_20260826_153906","2026-08-26T15:39:06.2831112Z","RegionEligibilityThreshold_Plus10Percent","Region eligibility threshold","RegionEligibilityThreshold","Plus10Percent","Dynamic_Player_01_Ice_To_Forest_Ocean_Ice","Day08_ForestCommitment","8","Forest","Ice","FALSE","IceToForest","TRUE","FALSE","0.428204","0.081301","0.296152","0.460099","0","0.03125","0.06883","0.428204","0.346903","0","0.033345","0.077688","Weapon_Sword","Boss_IceDragon","Region_ForestRuins","FALSE"
"PCG_VFX_OAT_Sensitivity_20260826_153906","2026-08-26T15:39:06.2831112Z","RegionEligibilityThreshold_Plus10Percent","Region eligibility threshold","RegionEligibilityThreshold","Plus10Percent","Dynamic_Player_01_Ice_To_Forest_Ocean_Ice","Day14_ForestMastery","14","Forest","Forest","TRUE","MaintainForest","FALSE","FALSE","0.458509","0.183326","0.224176","0.495711","0","0.02721","0.060739","0.275183","0.458509","0","0.028744","0.064976","Weapon_Bow","Boss_IceDragon","Region_ForestRuins","FALSE"
"PCG_VFX_OAT_Sensitivity_20260826_153906","2026-08-26T15:39:06.2831112Z","RegionEligibilityThreshold_Plus10Percent","Region eligibility threshold","RegionEligibilityThreshold","Plus10Percent","Dynamic_Player_01_Ice_To_Forest_Ocean_Ice","Day20_OceanDiscovery","20","Forest","Forest","TRUE","MaintainForest","FALSE","FALSE","0.485693","0.257689","0.212277","0.494754","0","0.025781","0.05846","0.228004","0.485693","0","0.026522","0.060089","Weapon_Bow","Boss_IceDragon","Region_ForestRuins","FALSE"
"PCG_VFX_OAT_Sensitivity_20260826_153906","2026-08-26T15:39:06.2831112Z","RegionEligibilityThreshold_Plus10Percent","Region eligibility threshold","RegionEligibilityThreshold","Plus10Percent","Dynamic_Player_01_Ice_To_Forest_Ocean_Ice","Day27_SeaTurtleDefeat","27","Ocean","Forest","FALSE","ForestToOcean","TRUE","FALSE","0.388034","0.051329","0.177806","0.35548","0","0.440099","0.078269","0.190355","0.388034","0","0.336705","0.073724","Weapon_Bow","Boss_SeaTurtle","Region_OceanRuins","FALSE"
"PCG_VFX_OAT_Sensitivity_20260826_153906","2026-08-26T15:39:06.2831112Z","RegionEligibilityThreshold_Plus10Percent","Region eligibility threshold","RegionEligibilityThreshold","Plus10Percent","Dynamic_Player_01_Ice_To_Forest_Ocean_Ice","Day39_IceDragonRematch","39","Ice","Ice","TRUE","OceanToIce","TRUE","FALSE","0.464128","0.195626","0.555385","0.228658","0","0.186849","0.117162","0.464128","0.268502","0","0.224313","0.106302","Weapon_Sword","Boss_IceDragon","Region_SnowfieldRuins","FALSE"
"PCG_VFX_OAT_Sensitivity_20260826_153906","2026-08-26T15:39:06.2831112Z","WeaponHalfLifeDays_Minus10Percent","Weapon recency half-life","WeaponHalfLifeDays","Minus10Percent","Dynamic_Player_01_Ice_To_Forest_Ocean_Ice","Day01_IceBaseline","1","Ice","Ice","TRUE","InitialState","FALSE","FALSE","0.878691","0.761646","0.878691","0.010511","0","0.046022","0.117045","0.878691","0.010511","0","0.046022","0.117045","Weapon_Sword","Boss_IceDragon","Region_SnowfieldRuins","FALSE"
"PCG_VFX_OAT_Sensitivity_20260826_153906","2026-08-26T15:39:06.2831112Z","WeaponHalfLifeDays_Minus10Percent","Weapon recency half-life","WeaponHalfLifeDays","Minus10Percent","Dynamic_Player_01_Ice_To_Forest_Ocean_Ice","Day04_IceSettled","4","Ice","Ice","TRUE","MaintainIce","FALSE","FALSE","0.82436","0.720099","0.80625","0.00625","0","0.0375","0.1","0.82436","0.007315","0","0.039631","0.104261","Weapon_Sword","Boss_IceDragon","Region_SnowfieldRuins","FALSE"
"PCG_VFX_OAT_Sensitivity_20260826_153906","2026-08-26T15:39:06.2831112Z","WeaponHalfLifeDays_Minus10Percent","Weapon recency half-life","WeaponHalfLifeDays","Minus10Percent","Dynamic_Player_01_Ice_To_Forest_Ocean_Ice","Day08_ForestCommitment","8","Forest","Ice","FALSE","IceToForest","TRUE","FALSE","0.427009","0.078912","0.294559","0.461691","0","0.03125","0.06883","0.427009","0.348097","0","0.033345","0.077688","Weapon_Sword","Boss_IceDragon","Region_ForestRuins","FALSE"
"PCG_VFX_OAT_Sensitivity_20260826_153906","2026-08-26T15:39:06.2831112Z","WeaponHalfLifeDays_Minus10Percent","Weapon recency half-life","WeaponHalfLifeDays","Minus10Percent","Dynamic_Player_01_Ice_To_Forest_Ocean_Ice","Day14_ForestMastery","14","Forest","Forest","TRUE","MaintainForest","FALSE","FALSE","0.46071","0.187728","0.22164","0.498247","0","0.02721","0.060739","0.272982","0.46071","0","0.028744","0.064976","Weapon_Bow","Boss_IceDragon","Region_ForestRuins","FALSE"
"PCG_VFX_OAT_Sensitivity_20260826_153906","2026-08-26T15:39:06.2831112Z","WeaponHalfLifeDays_Minus10Percent","Weapon recency half-life","WeaponHalfLifeDays","Minus10Percent","Dynamic_Player_01_Ice_To_Forest_Ocean_Ice","Day20_OceanDiscovery","20","Forest","Forest","TRUE","MaintainForest","FALSE","FALSE","0.488439","0.263181","0.20935","0.497682","0","0.025781","0.05846","0.225258","0.488439","0","0.026522","0.060089","Weapon_Bow","Boss_IceDragon","Region_ForestRuins","FALSE"
"PCG_VFX_OAT_Sensitivity_20260826_153906","2026-08-26T15:39:06.2831112Z","WeaponHalfLifeDays_Minus10Percent","Weapon recency half-life","WeaponHalfLifeDays","Minus10Percent","Dynamic_Player_01_Ice_To_Forest_Ocean_Ice","Day27_SeaTurtleDefeat","27","Ocean","Forest","FALSE","ForestToOcean","TRUE","FALSE","0.391241","0.054536","0.174445","0.358842","0","0.440099","0.078269","0.187148","0.391241","0","0.336705","0.073724","Weapon_Bow","Boss_SeaTurtle","Region_OceanRuins","FALSE"
"PCG_VFX_OAT_Sensitivity_20260826_153906","2026-08-26T15:39:06.2831112Z","WeaponHalfLifeDays_Minus10Percent","Weapon recency half-life","WeaponHalfLifeDays","Minus10Percent","Dynamic_Player_01_Ice_To_Forest_Ocean_Ice","Day39_IceDragonRematch","39","Ice","Ice","TRUE","OceanToIce","TRUE","FALSE","0.466287","0.199945","0.559334","0.224709","0","0.186849","0.117162","0.466287","0.266342","0","0.224313","0.106302","Weapon_Sword","Boss_IceDragon","Region_SnowfieldRuins","FALSE"
"PCG_VFX_OAT_Sensitivity_20260826_153906","2026-08-26T15:39:06.2831112Z","WeaponHalfLifeDays_Plus10Percent","Weapon recency half-life","WeaponHalfLifeDays","Plus10Percent","Dynamic_Player_01_Ice_To_Forest_Ocean_Ice","Day01_IceBaseline","1","Ice","Ice","TRUE","InitialState","FALSE","FALSE","0.878691","0.761646","0.878691","0.010511","0","0.046022","0.117045","0.878691","0.010511","0","0.046022","0.117045","Weapon_Sword","Boss_IceDragon","Region_SnowfieldRuins","FALSE"
"PCG_VFX_OAT_Sensitivity_20260826_153906","2026-08-26T15:39:06.2831112Z","WeaponHalfLifeDays_Plus10Percent","Weapon recency half-life","WeaponHalfLifeDays","Plus10Percent","Dynamic_Player_01_Ice_To_Forest_Ocean_Ice","Day04_IceSettled","4","Ice","Ice","TRUE","MaintainIce","FALSE","FALSE","0.82436","0.720099","0.80625","0.00625","0","0.0375","0.1","0.82436","0.007315","0","0.039631","0.104261","Weapon_Sword","Boss_IceDragon","Region_SnowfieldRuins","FALSE"
"PCG_VFX_OAT_Sensitivity_20260826_153906","2026-08-26T15:39:06.2831112Z","WeaponHalfLifeDays_Plus10Percent","Weapon recency half-life","WeaponHalfLifeDays","Plus10Percent","Dynamic_Player_01_Ice_To_Forest_Ocean_Ice","Day08_ForestCommitment","8","Forest","Ice","FALSE","IceToForest","TRUE","FALSE","0.429184","0.083261","0.297458","0.458792","0","0.03125","0.06883","0.429184","0.345923","0","0.033345","0.077688","Weapon_Sword","Boss_IceDragon","Region_ForestRuins","FALSE"
"PCG_VFX_OAT_Sensitivity_20260826_153906","2026-08-26T15:39:06.2831112Z","WeaponHalfLifeDays_Plus10Percent","Weapon recency half-life","WeaponHalfLifeDays","Plus10Percent","Dynamic_Player_01_Ice_To_Forest_Ocean_Ice","Day14_ForestMastery","14","Forest","Forest","TRUE","MaintainForest","FALSE","FALSE","0.456684","0.179676","0.226283","0.493604","0","0.02721","0.060739","0.277008","0.456684","0","0.028744","0.064976","Weapon_Bow","Boss_IceDragon","Region_ForestRuins","FALSE"
"PCG_VFX_OAT_Sensitivity_20260826_153906","2026-08-26T15:39:06.2831112Z","WeaponHalfLifeDays_Plus10Percent","Weapon recency half-life","WeaponHalfLifeDays","Plus10Percent","Dynamic_Player_01_Ice_To_Forest_Ocean_Ice","Day20_OceanDiscovery","20","Forest","Forest","TRUE","MaintainForest","FALSE","FALSE","0.483397","0.253098","0.21473","0.492301","0","0.025781","0.05846","0.230299","0.483397","0","0.026522","0.060089","Weapon_Bow","Boss_IceDragon","Region_ForestRuins","FALSE"
"PCG_VFX_OAT_Sensitivity_20260826_153906","2026-08-26T15:39:06.2831112Z","WeaponHalfLifeDays_Plus10Percent","Weapon recency half-life","WeaponHalfLifeDays","Plus10Percent","Dynamic_Player_01_Ice_To_Forest_Ocean_Ice","Day27_SeaTurtleDefeat","27","Ocean","Forest","FALSE","ForestToOcean","TRUE","FALSE","0.385325","0.048621","0.180652","0.352635","0","0.440099","0.078269","0.193064","0.385325","0","0.336705","0.073724","Weapon_Bow","Boss_SeaTurtle","Region_OceanRuins","FALSE"
"PCG_VFX_OAT_Sensitivity_20260826_153906","2026-08-26T15:39:06.2831112Z","WeaponHalfLifeDays_Plus10Percent","Weapon recency half-life","WeaponHalfLifeDays","Plus10Percent","Dynamic_Player_01_Ice_To_Forest_Ocean_Ice","Day39_IceDragonRematch","39","Ice","Ice","TRUE","OceanToIce","TRUE","FALSE","0.46242","0.192211","0.552206","0.231837","0","0.186849","0.117162","0.46242","0.270209","0","0.224313","0.106302","Weapon_Sword","Boss_IceDragon","Region_SnowfieldRuins","FALSE"
"PCG_VFX_OAT_Sensitivity_20260826_153906","2026-08-26T15:39:06.2831112Z","BossRecencyHalfLifeDays_Minus10Percent","Boss recency half-life","BossRecencyHalfLifeDays","Minus10Percent","Dynamic_Player_01_Ice_To_Forest_Ocean_Ice","Day01_IceBaseline","1","Ice","Ice","TRUE","InitialState","FALSE","FALSE","0.875283","0.75904","0.875283","0.010311","0","0.045622","0.116243","0.875283","0.010311","0","0.045622","0.116243","Weapon_Sword","Boss_IceDragon","Region_SnowfieldRuins","FALSE"
"PCG_VFX_OAT_Sensitivity_20260826_153906","2026-08-26T15:39:06.2831112Z","BossRecencyHalfLifeDays_Minus10Percent","Boss recency half-life","BossRecencyHalfLifeDays","Minus10Percent","Dynamic_Player_01_Ice_To_Forest_Ocean_Ice","Day04_IceSettled","4","Ice","Ice","TRUE","MaintainIce","FALSE","FALSE","0.817601","0.71493","0.798374","0.005787","0","0.036573","0.098147","0.817601","0.006918","0","0.038835","0.102671","Weapon_Sword","Boss_IceDragon","Region_SnowfieldRuins","FALSE"
"PCG_VFX_OAT_Sensitivity_20260826_153906","2026-08-26T15:39:06.2831112Z","BossRecencyHalfLifeDays_Minus10Percent","Boss recency half-life","BossRecencyHalfLifeDays","Minus10Percent","Dynamic_Player_01_Ice_To_Forest_Ocean_Ice","Day08_ForestCommitment","8","Forest","Ice","FALSE","IceToForest","TRUE","FALSE","0.420826","0.074357","0.288568","0.459652","0","0.030358","0.067046","0.420826","0.346469","0","0.032477","0.075952","Weapon_Sword","Boss_IceDragon","Region_ForestRuins","FALSE"
"PCG_VFX_OAT_Sensitivity_20260826_153906","2026-08-26T15:39:06.2831112Z","BossRecencyHalfLifeDays_Minus10Percent","Boss recency half-life","BossRecencyHalfLifeDays","Minus10Percent","Dynamic_Player_01_Ice_To_Forest_Ocean_Ice","Day14_ForestMastery","14","Forest","Forest","TRUE","MaintainForest","FALSE","FALSE","0.458205","0.188194","0.219738","0.49545","0","0.026688","0.059695","0.27001","0.458205","0","0.028135","0.063759","Weapon_Bow","Boss_IceDragon","Region_ForestRuins","FALSE"
"PCG_VFX_OAT_Sensitivity_20260826_153906","2026-08-26T15:39:06.2831112Z","BossRecencyHalfLifeDays_Minus10Percent","Boss recency half-life","BossRecencyHalfLifeDays","Minus10Percent","Dynamic_Player_01_Ice_To_Forest_Ocean_Ice","Day20_OceanDiscovery","20","Forest","Forest","TRUE","MaintainForest","FALSE","FALSE","0.485523","0.260405","0.210155","0.494629","0","0.025532","0.05796","0.225119","0.485523","0","0.026182","0.05941","Weapon_Bow","Boss_IceDragon","Region_ForestRuins","FALSE"
"PCG_VFX_OAT_Sensitivity_20260826_153906","2026-08-26T15:39:06.2831112Z","BossRecencyHalfLifeDays_Minus10Percent","Boss recency half-life","BossRecencyHalfLifeDays","Minus10Percent","Dynamic_Player_01_Ice_To_Forest_Ocean_Ice","Day27_SeaTurtleDefeat","27","Ocean","Forest","FALSE","ForestToOcean","TRUE","FALSE","0.388015","0.050952","0.17783","0.355513","0","0.44069","0.0783","0.189652","0.388015","0","0.337063","0.073577","Weapon_Bow","Boss_SeaTurtle","Region_OceanRuins","FALSE"
"PCG_VFX_OAT_Sensitivity_20260826_153906","2026-08-26T15:39:06.2831112Z","BossRecencyHalfLifeDays_Minus10Percent","Boss recency half-life","BossRecencyHalfLifeDays","Minus10Percent","Dynamic_Player_01_Ice_To_Forest_Ocean_Ice","Day39_IceDragonRematch","39","Ice","Ice","TRUE","OceanToIce","TRUE","FALSE","0.464552","0.196027","0.556185","0.228695","0","0.18675","0.117342","0.464552","0.268525","0","0.224328","0.106401","Weapon_Sword","Boss_IceDragon","Region_SnowfieldRuins","FALSE"
"PCG_VFX_OAT_Sensitivity_20260826_153906","2026-08-26T15:39:06.2831112Z","BossRecencyHalfLifeDays_Plus10Percent","Boss recency half-life","BossRecencyHalfLifeDays","Plus10Percent","Dynamic_Player_01_Ice_To_Forest_Ocean_Ice","Day01_IceBaseline","1","Ice","Ice","TRUE","InitialState","FALSE","FALSE","0.881528","0.763815","0.881528","0.010678","0","0.046356","0.117712","0.881528","0.010678","0","0.046356","0.117712","Weapon_Sword","Boss_IceDragon","Region_SnowfieldRuins","FALSE"
"PCG_VFX_OAT_Sensitivity_20260826_153906","2026-08-26T15:39:06.2831112Z","BossRecencyHalfLifeDays_Plus10Percent","Boss recency half-life","BossRecencyHalfLifeDays","Plus10Percent","Dynamic_Player_01_Ice_To_Forest_Ocean_Ice","Day04_IceSettled","4","Ice","Ice","TRUE","MaintainIce","FALSE","FALSE","0.830252","0.724605","0.813161","0.006657","0","0.038313","0.101626","0.830252","0.007662","0","0.040324","0.105648","Weapon_Sword","Boss_IceDragon","Region_SnowfieldRuins","FALSE"
"PCG_VFX_OAT_Sensitivity_20260826_153906","2026-08-26T15:39:06.2831112Z","BossRecencyHalfLifeDays_Plus10Percent","Boss recency half-life","BossRecencyHalfLifeDays","Plus10Percent","Dynamic_Player_01_Ice_To_Forest_Ocean_Ice","Day08_ForestCommitment","8","Forest","Ice","FALSE","IceToForest","TRUE","FALSE","0.435028","0.087724","0.303287","0.460518","0","0.032089","0.070509","0.435028","0.347304","0","0.034148","0.079294","Weapon_Sword","Boss_IceDragon","Region_ForestRuins","FALSE"
"PCG_VFX_OAT_Sensitivity_20260826_153906","2026-08-26T15:39:06.2831112Z","BossRecencyHalfLifeDays_Plus10Percent","Boss recency half-life","BossRecencyHalfLifeDays","Plus10Percent","Dynamic_Player_01_Ice_To_Forest_Ocean_Ice","Day14_ForestMastery","14","Forest","Forest","TRUE","MaintainForest","FALSE","FALSE","0.458814","0.178448","0.228811","0.495984","0","0.027755","0.061829","0.280365","0.458814","0","0.029353","0.066196","Weapon_Bow","Boss_IceDragon","Region_ForestRuins","FALSE"
"PCG_VFX_OAT_Sensitivity_20260826_153906","2026-08-26T15:39:06.2831112Z","BossRecencyHalfLifeDays_Plus10Percent","Boss recency half-life","BossRecencyHalfLifeDays","Plus10Percent","Dynamic_Player_01_Ice_To_Forest_Ocean_Ice","Day20_OceanDiscovery","20","Forest","Forest","TRUE","MaintainForest","FALSE","FALSE","0.485878","0.254734","0.214736","0.494899","0","0.026071","0.059038","0.231144","0.485878","0","0.026891","0.060828","Weapon_Bow","Boss_IceDragon","Region_ForestRuins","FALSE"
"PCG_VFX_OAT_Sensitivity_20260826_153906","2026-08-26T15:39:06.2831112Z","BossRecencyHalfLifeDays_Plus10Percent","Boss recency half-life","BossRecencyHalfLifeDays","Plus10Percent","Dynamic_Player_01_Ice_To_Forest_Ocean_Ice","Day27_SeaTurtleDefeat","27","Ocean","Forest","FALSE","ForestToOcean","TRUE","FALSE","0.388048","0.051827","0.17778","0.355439","0","0.439331","0.07823","0.191121","0.388048","0","0.336221","0.073879","Weapon_Bow","Boss_SeaTurtle","Region_OceanRuins","FALSE"
"PCG_VFX_OAT_Sensitivity_20260826_153906","2026-08-26T15:39:06.2831112Z","BossRecencyHalfLifeDays_Plus10Percent","Boss recency half-life","BossRecencyHalfLifeDays","Plus10Percent","Dynamic_Player_01_Ice_To_Forest_Ocean_Ice","Day39_IceDragonRematch","39","Ice","Ice","TRUE","OceanToIce","TRUE","FALSE","0.46372","0.195241","0.554587","0.228623","0","0.186993","0.116984","0.46372","0.26848","0","0.2243","0.106208","Weapon_Sword","Boss_IceDragon","Region_SnowfieldRuins","FALSE"
"PCG_VFX_OAT_Sensitivity_20260826_153906","2026-08-26T15:39:06.2831112Z","RegionRecencyHalfLifeDays_Minus10Percent","Region recency half-life","RegionRecencyHalfLifeDays","Minus10Percent","Dynamic_Player_01_Ice_To_Forest_Ocean_Ice","Day01_IceBaseline","1","Ice","Ice","TRUE","InitialState","FALSE","FALSE","0.878691","0.761646","0.878691","0.010511","0","0.046022","0.117045","0.878691","0.010511","0","0.046022","0.117045","Weapon_Sword","Boss_IceDragon","Region_SnowfieldRuins","FALSE"
"PCG_VFX_OAT_Sensitivity_20260826_153906","2026-08-26T15:39:06.2831112Z","RegionRecencyHalfLifeDays_Minus10Percent","Region recency half-life","RegionRecencyHalfLifeDays","Minus10Percent","Dynamic_Player_01_Ice_To_Forest_Ocean_Ice","Day04_IceSettled","4","Ice","Ice","TRUE","MaintainIce","FALSE","FALSE","0.82436","0.720099","0.80625","0.00625","0","0.0375","0.1","0.82436","0.007315","0","0.039631","0.104261","Weapon_Sword","Boss_IceDragon","Region_SnowfieldRuins","FALSE"
"PCG_VFX_OAT_Sensitivity_20260826_153906","2026-08-26T15:39:06.2831112Z","RegionRecencyHalfLifeDays_Minus10Percent","Region recency half-life","RegionRecencyHalfLifeDays","Minus10Percent","Dynamic_Player_01_Ice_To_Forest_Ocean_Ice","Day08_ForestCommitment","8","Forest","Ice","FALSE","IceToForest","TRUE","FALSE","0.428204","0.081301","0.296152","0.460099","0","0.03125","0.06883","0.428204","0.346903","0","0.033345","0.077688","Weapon_Sword","Boss_IceDragon","Region_ForestRuins","FALSE"
"PCG_VFX_OAT_Sensitivity_20260826_153906","2026-08-26T15:39:06.2831112Z","RegionRecencyHalfLifeDays_Minus10Percent","Region recency half-life","RegionRecencyHalfLifeDays","Minus10Percent","Dynamic_Player_01_Ice_To_Forest_Ocean_Ice","Day14_ForestMastery","14","Forest","Forest","TRUE","MaintainForest","FALSE","FALSE","0.458346","0.182999","0.224394","0.495493","0","0.02721","0.060751","0.275347","0.458346","0","0.028744","0.064985","Weapon_Bow","Boss_IceDragon","Region_ForestRuins","FALSE"
"PCG_VFX_OAT_Sensitivity_20260826_153906","2026-08-26T15:39:06.2831112Z","RegionRecencyHalfLifeDays_Minus10Percent","Region recency half-life","RegionRecencyHalfLifeDays","Minus10Percent","Dynamic_Player_01_Ice_To_Forest_Ocean_Ice","Day20_OceanDiscovery","20","Forest","Forest","TRUE","MaintainForest","FALSE","FALSE","0.485119","0.256541","0.212988","0.494043","0","0.025781","0.058499","0.228578","0.485119","0","0.026522","0.060121","Weapon_Bow","Boss_IceDragon","Region_ForestRuins","FALSE"
"PCG_VFX_OAT_Sensitivity_20260826_153906","2026-08-26T15:39:06.2831112Z","RegionRecencyHalfLifeDays_Minus10Percent","Region recency half-life","RegionRecencyHalfLifeDays","Minus10Percent","Dynamic_Player_01_Ice_To_Forest_Ocean_Ice","Day27_SeaTurtleDefeat","27","Ocean","Forest","FALSE","ForestToOcean","TRUE","FALSE","0.38611","0.047998","0.178303","0.353107","0","0.441975","0.078401","0.190872","0.38611","0","0.338112","0.073831","Weapon_Bow","Boss_SeaTurtle","Region_OceanRuins","FALSE"
"PCG_VFX_OAT_Sensitivity_20260826_153906","2026-08-26T15:39:06.2831112Z","RegionRecencyHalfLifeDays_Minus10Percent","Region recency half-life","RegionRecencyHalfLifeDays","Minus10Percent","Dynamic_Player_01_Ice_To_Forest_Ocean_Ice","Day39_IceDragonRematch","39","Ice","Ice","TRUE","OceanToIce","TRUE","FALSE","0.466608","0.200336","0.55852","0.226326","0","0.186045","0.117291","0.466608","0.266272","0","0.224062","0.106426","Weapon_Sword","Boss_IceDragon","Region_SnowfieldRuins","FALSE"
"PCG_VFX_OAT_Sensitivity_20260826_153906","2026-08-26T15:39:06.2831112Z","RegionRecencyHalfLifeDays_Plus10Percent","Region recency half-life","RegionRecencyHalfLifeDays","Plus10Percent","Dynamic_Player_01_Ice_To_Forest_Ocean_Ice","Day01_IceBaseline","1","Ice","Ice","TRUE","InitialState","FALSE","FALSE","0.878691","0.761646","0.878691","0.010511","0","0.046022","0.117045","0.878691","0.010511","0","0.046022","0.117045","Weapon_Sword","Boss_IceDragon","Region_SnowfieldRuins","FALSE"
"PCG_VFX_OAT_Sensitivity_20260826_153906","2026-08-26T15:39:06.2831112Z","RegionRecencyHalfLifeDays_Plus10Percent","Region recency half-life","RegionRecencyHalfLifeDays","Plus10Percent","Dynamic_Player_01_Ice_To_Forest_Ocean_Ice","Day04_IceSettled","4","Ice","Ice","TRUE","MaintainIce","FALSE","FALSE","0.82436","0.720099","0.80625","0.00625","0","0.0375","0.1","0.82436","0.007315","0","0.039631","0.104261","Weapon_Sword","Boss_IceDragon","Region_SnowfieldRuins","FALSE"
"PCG_VFX_OAT_Sensitivity_20260826_153906","2026-08-26T15:39:06.2831112Z","RegionRecencyHalfLifeDays_Plus10Percent","Region recency half-life","RegionRecencyHalfLifeDays","Plus10Percent","Dynamic_Player_01_Ice_To_Forest_Ocean_Ice","Day08_ForestCommitment","8","Forest","Ice","FALSE","IceToForest","TRUE","FALSE","0.428204","0.081301","0.296152","0.460099","0","0.03125","0.06883","0.428204","0.346903","0","0.033345","0.077688","Weapon_Sword","Boss_IceDragon","Region_ForestRuins","FALSE"
"PCG_VFX_OAT_Sensitivity_20260826_153906","2026-08-26T15:39:06.2831112Z","RegionRecencyHalfLifeDays_Plus10Percent","Region recency half-life","RegionRecencyHalfLifeDays","Plus10Percent","Dynamic_Player_01_Ice_To_Forest_Ocean_Ice","Day14_ForestMastery","14","Forest","Forest","TRUE","MaintainForest","FALSE","FALSE","0.458645","0.183598","0.223995","0.495892","0","0.02721","0.060729","0.275047","0.458645","0","0.028744","0.064969","Weapon_Bow","Boss_IceDragon","Region_ForestRuins","FALSE"
"PCG_VFX_OAT_Sensitivity_20260826_153906","2026-08-26T15:39:06.2831112Z","RegionRecencyHalfLifeDays_Plus10Percent","Region recency half-life","RegionRecencyHalfLifeDays","Plus10Percent","Dynamic_Player_01_Ice_To_Forest_Ocean_Ice","Day20_OceanDiscovery","20","Forest","Forest","TRUE","MaintainForest","FALSE","FALSE","0.486169","0.258642","0.211687","0.495344","0","0.025781","0.058427","0.227527","0.486169","0","0.026522","0.060062","Weapon_Bow","Boss_IceDragon","Region_ForestRuins","FALSE"
"PCG_VFX_OAT_Sensitivity_20260826_153906","2026-08-26T15:39:06.2831112Z","RegionRecencyHalfLifeDays_Plus10Percent","Region recency half-life","RegionRecencyHalfLifeDays","Plus10Percent","Dynamic_Player_01_Ice_To_Forest_Ocean_Ice","Day27_SeaTurtleDefeat","27","Ocean","Forest","FALSE","ForestToOcean","TRUE","FALSE","0.389646","0.054119","0.177383","0.357472","0","0.43853","0.078158","0.189919","0.389646","0","0.335528","0.073634","Weapon_Bow","Boss_SeaTurtle","Region_OceanRuins","FALSE"
"PCG_VFX_OAT_Sensitivity_20260826_153906","2026-08-26T15:39:06.2831112Z","RegionRecencyHalfLifeDays_Plus10Percent","Region recency half-life","RegionRecencyHalfLifeDays","Plus10Percent","Dynamic_Player_01_Ice_To_Forest_Ocean_Ice","Day39_IceDragonRematch","39","Ice","Ice","TRUE","OceanToIce","TRUE","FALSE","0.462051","0.191633","0.552762","0.230675","0","0.187455","0.11705","0.462051","0.270418","0","0.224473","0.106196","Weapon_Sword","Boss_IceDragon","Region_SnowfieldRuins","FALSE"
"PCG_VFX_OAT_Sensitivity_20260826_153906","2026-08-26T15:39:06.2831112Z","Stage2WeaponSemanticWeight_Minus10Percent","Stage 2 semantic aggregation weights","Stage2WeaponSemanticWeight","Minus10Percent","Dynamic_Player_01_Ice_To_Forest_Ocean_Ice","Day01_IceBaseline","1","Ice","Ice","TRUE","InitialState","FALSE","FALSE","0.87558","0.755534","0.87558","0.010781","0","0.047202","0.120046","0.87558","0.010781","0","0.047202","0.120046","Weapon_Sword","Boss_IceDragon","Region_SnowfieldRuins","FALSE"
"PCG_VFX_OAT_Sensitivity_20260826_153906","2026-08-26T15:39:06.2831112Z","Stage2WeaponSemanticWeight_Minus10Percent","Stage 2 semantic aggregation weights","Stage2WeaponSemanticWeight","Minus10Percent","Dynamic_Player_01_Ice_To_Forest_Ocean_Ice","Day04_IceSettled","4","Ice","Ice","TRUE","MaintainIce","FALSE","FALSE","0.819857","0.712922","0.801282","0.00641","0","0.038462","0.102564","0.819857","0.007503","0","0.040647","0.106935","Weapon_Sword","Boss_IceDragon","Region_SnowfieldRuins","FALSE"
"PCG_VFX_OAT_Sensitivity_20260826_153906","2026-08-26T15:39:06.2831112Z","Stage2WeaponSemanticWeight_Minus10Percent","Stage 2 semantic aggregation weights","Stage2WeaponSemanticWeight","Minus10Percent","Dynamic_Player_01_Ice_To_Forest_Ocean_Ice","Day08_ForestCommitment","8","Forest","Ice","FALSE","IceToForest","TRUE","FALSE","0.422844","0.076348","0.290506","0.459494","0","0.032051","0.070595","0.422844","0.346496","0","0.0342","0.07968","Weapon_Sword","Boss_IceDragon","Region_ForestRuins","FALSE"
"PCG_VFX_OAT_Sensitivity_20260826_153906","2026-08-26T15:39:06.2831112Z","Stage2WeaponSemanticWeight_Minus10Percent","Stage 2 semantic aggregation weights","Stage2WeaponSemanticWeight","Minus10Percent","Dynamic_Player_01_Ice_To_Forest_Ocean_Ice","Day14_ForestMastery","14","Forest","Forest","TRUE","MaintainForest","FALSE","FALSE","0.455759","0.184654","0.220525","0.49218","0","0.027907","0.062296","0.271105","0.455759","0","0.029481","0.066642","Weapon_Bow","Boss_IceDragon","Region_ForestRuins","FALSE"
"PCG_VFX_OAT_Sensitivity_20260826_153906","2026-08-26T15:39:06.2831112Z","Stage2WeaponSemanticWeight_Minus10Percent","Stage 2 semantic aggregation weights","Stage2WeaponSemanticWeight","Minus10Percent","Dynamic_Player_01_Ice_To_Forest_Ocean_Ice","Day20_OceanDiscovery","20","Forest","Forest","TRUE","MaintainForest","FALSE","FALSE","0.481557","0.256759","0.209362","0.490157","0","0.026442","0.059959","0.224798","0.481557","0","0.027202","0.06163","Weapon_Bow","Boss_IceDragon","Region_ForestRuins","FALSE"
"PCG_VFX_OAT_Sensitivity_20260826_153906","2026-08-26T15:39:06.2831112Z","Stage2WeaponSemanticWeight_Minus10Percent","Stage 2 semantic aggregation weights","Stage2WeaponSemanticWeight","Minus10Percent","Dynamic_Player_01_Ice_To_Forest_Ocean_Ice","Day27_SeaTurtleDefeat","27","Ocean","Forest","FALSE","ForestToOcean","TRUE","FALSE","0.38012","0.034782","0.175012","0.346307","0","0.451383","0.080276","0.187459","0.38012","0","0.345338","0.075614","Weapon_Bow","Boss_SeaTurtle","Region_OceanRuins","FALSE"
"PCG_VFX_OAT_Sensitivity_20260826_153906","2026-08-26T15:39:06.2831112Z","Stage2WeaponSemanticWeight_Minus10Percent","Stage 2 semantic aggregation weights","Stage2WeaponSemanticWeight","Minus10Percent","Dynamic_Player_01_Ice_To_Forest_Ocean_Ice","Day39_IceDragonRematch","39","Ice","Ice","TRUE","OceanToIce","TRUE","FALSE","0.461903","0.198033","0.553385","0.225121","0","0.19164","0.120166","0.461903","0.26387","0","0.230064","0.109028","Weapon_Sword","Boss_IceDragon","Region_SnowfieldRuins","FALSE"
"PCG_VFX_OAT_Sensitivity_20260826_153906","2026-08-26T15:39:06.2831112Z","Stage2WeaponSemanticWeight_Plus10Percent","Stage 2 semantic aggregation weights","Stage2WeaponSemanticWeight","Plus10Percent","Dynamic_Player_01_Ice_To_Forest_Ocean_Ice","Day01_IceBaseline","1","Ice","Ice","TRUE","InitialState","FALSE","FALSE","0.881649","0.767459","0.881649","0.010255","0","0.0449","0.11419","0.881649","0.010255","0","0.0449","0.11419","Weapon_Sword","Boss_IceDragon","Region_SnowfieldRuins","FALSE"
"PCG_VFX_OAT_Sensitivity_20260826_153906","2026-08-26T15:39:06.2831112Z","Stage2WeaponSemanticWeight_Plus10Percent","Stage 2 semantic aggregation weights","Stage2WeaponSemanticWeight","Plus10Percent","Dynamic_Player_01_Ice_To_Forest_Ocean_Ice","Day04_IceSettled","4","Ice","Ice","TRUE","MaintainIce","FALSE","FALSE","0.828644","0.726926","0.810976","0.006098","0","0.036585","0.097561","0.828644","0.007137","0","0.038664","0.101718","Weapon_Sword","Boss_IceDragon","Region_SnowfieldRuins","FALSE"
"PCG_VFX_OAT_Sensitivity_20260826_153906","2026-08-26T15:39:06.2831112Z","Stage2WeaponSemanticWeight_Plus10Percent","Stage 2 semantic aggregation weights","Stage2WeaponSemanticWeight","Plus10Percent","Dynamic_Player_01_Ice_To_Forest_Ocean_Ice","Day08_ForestCommitment","8","Forest","Ice","FALSE","IceToForest","TRUE","FALSE","0.433302","0.086012","0.301521","0.460674","0","0.030488","0.067152","0.433302","0.34729","0","0.032532","0.075793","Weapon_Sword","Boss_IceDragon","Region_ForestRuins","FALSE"
"PCG_VFX_OAT_Sensitivity_20260826_153906","2026-08-26T15:39:06.2831112Z","Stage2WeaponSemanticWeight_Plus10Percent","Stage 2 semantic aggregation weights","Stage2WeaponSemanticWeight","Plus10Percent","Dynamic_Player_01_Ice_To_Forest_Ocean_Ice","Day14_ForestMastery","14","Forest","Forest","TRUE","MaintainForest","FALSE","FALSE","0.461125","0.182062","0.227649","0.49907","0","0.026546","0.059257","0.279063","0.461125","0","0.028043","0.063391","Weapon_Bow","Boss_IceDragon","Region_ForestRuins","FALSE"
"PCG_VFX_OAT_Sensitivity_20260826_153906","2026-08-26T15:39:06.2831112Z","Stage2WeaponSemanticWeight_Plus10Percent","Stage 2 semantic aggregation weights","Stage2WeaponSemanticWeight","Plus10Percent","Dynamic_Player_01_Ice_To_Forest_Ocean_Ice","Day20_OceanDiscovery","20","Forest","Forest","TRUE","MaintainForest","FALSE","FALSE","0.489627","0.258574","0.215049","0.499128","0","0.025152","0.057034","0.231053","0.489627","0","0.025875","0.058623","Weapon_Bow","Boss_IceDragon","Region_ForestRuins","FALSE"
"PCG_VFX_OAT_Sensitivity_20260826_153906","2026-08-26T15:39:06.2831112Z","Stage2WeaponSemanticWeight_Plus10Percent","Stage 2 semantic aggregation weights","Stage2WeaponSemanticWeight","Plus10Percent","Dynamic_Player_01_Ice_To_Forest_Ocean_Ice","Day27_SeaTurtleDefeat","27","Ocean","Forest","FALSE","ForestToOcean","TRUE","FALSE","0.395561","0.067069","0.180463","0.364206","0","0.429365","0.07636","0.193111","0.395561","0","0.328492","0.071926","Weapon_Bow","Boss_SeaTurtle","Region_OceanRuins","FALSE"
"PCG_VFX_OAT_Sensitivity_20260826_153906","2026-08-26T15:39:06.2831112Z","Stage2WeaponSemanticWeight_Plus10Percent","Stage 2 semantic aggregation weights","Stage2WeaponSemanticWeight","Plus10Percent","Dynamic_Player_01_Ice_To_Forest_Ocean_Ice","Day39_IceDragonRematch","39","Ice","Ice","TRUE","OceanToIce","TRUE","FALSE","0.466243","0.193336","0.557288","0.232023","0","0.182291","0.114304","0.466243","0.272907","0","0.218842","0.10371","Weapon_Sword","Boss_IceDragon","Region_SnowfieldRuins","FALSE"
"PCG_VFX_OAT_Sensitivity_20260826_153906","2026-08-26T15:39:06.2831112Z","Stage2BossSemanticWeight_Minus10Percent","Stage 2 semantic aggregation weights","Stage2BossSemanticWeight","Minus10Percent","Dynamic_Player_01_Ice_To_Forest_Ocean_Ice","Day01_IceBaseline","1","Ice","Ice","TRUE","InitialState","FALSE","FALSE","0.882894","0.76716","0.882894","0.009703","0","0.045046","0.115734","0.882894","0.009703","0","0.045046","0.115734","Weapon_Sword","Boss_IceDragon","Region_SnowfieldRuins","FALSE"
"PCG_VFX_OAT_Sensitivity_20260826_153906","2026-08-26T15:39:06.2831112Z","Stage2BossSemanticWeight_Minus10Percent","Stage 2 semantic aggregation weights","Stage2BossSemanticWeight","Minus10Percent","Dynamic_Player_01_Ice_To_Forest_Ocean_Ice","Day04_IceSettled","4","Ice","Ice","TRUE","MaintainIce","FALSE","FALSE","0.832743","0.728809","0.816026","0.005769","0","0.037179","0.1","0.832743","0.006753","0","0.039146","0.103933","Weapon_Sword","Boss_IceDragon","Region_SnowfieldRuins","FALSE"
"PCG_VFX_OAT_Sensitivity_20260826_153906","2026-08-26T15:39:06.2831112Z","Stage2BossSemanticWeight_Minus10Percent","Stage 2 semantic aggregation weights","Stage2BossSemanticWeight","Minus10Percent","Dynamic_Player_01_Ice_To_Forest_Ocean_Ice","Day08_ForestCommitment","8","Forest","Ice","FALSE","IceToForest","TRUE","FALSE","0.431908","0.076538","0.298296","0.471575","0","0.03141","0.069313","0.431908","0.35537","0","0.033344","0.077968","Weapon_Sword","Boss_IceDragon","Region_ForestRuins","FALSE"
"PCG_VFX_OAT_Sensitivity_20260826_153906","2026-08-26T15:39:06.2831112Z","Stage2BossSemanticWeight_Minus10Percent","Stage 2 semantic aggregation weights","Stage2BossSemanticWeight","Minus10Percent","Dynamic_Player_01_Ice_To_Forest_Ocean_Ice","Day14_ForestMastery","14","Forest","Forest","TRUE","MaintainForest","FALSE","FALSE","0.470074","0.191098","0.227998","0.508308","0","0.027681","0.061843","0.278976","0.470074","0","0.029097","0.065874","Weapon_Bow","Boss_IceDragon","Region_ForestRuins","FALSE"
"PCG_VFX_OAT_Sensitivity_20260826_153906","2026-08-26T15:39:06.2831112Z","Stage2BossSemanticWeight_Minus10Percent","Stage 2 semantic aggregation weights","Stage2BossSemanticWeight","Minus10Percent","Dynamic_Player_01_Ice_To_Forest_Ocean_Ice","Day20_OceanDiscovery","20","Forest","Forest","TRUE","MaintainForest","FALSE","FALSE","0.498069","0.265546","0.217039","0.5074","0","0.026362","0.059798","0.232523","0.498069","0","0.027046","0.061317","Weapon_Bow","Boss_IceDragon","Region_ForestRuins","FALSE"
"PCG_VFX_OAT_Sensitivity_20260826_153906","2026-08-26T15:39:06.2831112Z","Stage2BossSemanticWeight_Minus10Percent","Stage 2 semantic aggregation weights","Stage2BossSemanticWeight","Minus10Percent","Dynamic_Player_01_Ice_To_Forest_Ocean_Ice","Day27_SeaTurtleDefeat","27","Ocean","Forest","FALSE","ForestToOcean","TRUE","FALSE","0.397008","0.068904","0.18109","0.363322","0","0.428457","0.079002","0.193948","0.397008","0","0.328104","0.074581","Weapon_Bow","Boss_SeaTurtle","Region_OceanRuins","FALSE"
"PCG_VFX_OAT_Sensitivity_20260826_153906","2026-08-26T15:39:06.2831112Z","Stage2BossSemanticWeight_Minus10Percent","Stage 2 semantic aggregation weights","Stage2BossSemanticWeight","Minus10Percent","Dynamic_Player_01_Ice_To_Forest_Ocean_Ice","Day39_IceDragonRematch","39","Ice","Ice","TRUE","OceanToIce","TRUE","FALSE","0.459665","0.185468","0.548237","0.23326","0","0.189069","0.115131","0.459665","0.274197","0","0.223828","0.104994","Weapon_Sword","Boss_IceDragon","Region_SnowfieldRuins","FALSE"
"PCG_VFX_OAT_Sensitivity_20260826_153906","2026-08-26T15:39:06.2831112Z","Stage2BossSemanticWeight_Plus10Percent","Stage 2 semantic aggregation weights","Stage2BossSemanticWeight","Plus10Percent","Dynamic_Player_01_Ice_To_Forest_Ocean_Ice","Day01_IceBaseline","1","Ice","Ice","TRUE","InitialState","FALSE","FALSE","0.874692","0.7564","0.874692","0.01128","0","0.046951","0.118292","0.874692","0.01128","0","0.046951","0.118292","Weapon_Sword","Boss_IceDragon","Region_SnowfieldRuins","FALSE"
"PCG_VFX_OAT_Sensitivity_20260826_153906","2026-08-26T15:39:06.2831112Z","Stage2BossSemanticWeight_Plus10Percent","Stage 2 semantic aggregation weights","Stage2BossSemanticWeight","Plus10Percent","Dynamic_Player_01_Ice_To_Forest_Ocean_Ice","Day04_IceSettled","4","Ice","Ice","TRUE","MaintainIce","FALSE","FALSE","0.816387","0.711813","0.796951","0.006707","0","0.037805","0.1","0.816387","0.007851","0","0.040091","0.104573","Weapon_Sword","Boss_IceDragon","Region_SnowfieldRuins","FALSE"
"PCG_VFX_OAT_Sensitivity_20260826_153906","2026-08-26T15:39:06.2831112Z","Stage2BossSemanticWeight_Plus10Percent","Stage 2 semantic aggregation weights","Stage2BossSemanticWeight","Plus10Percent","Dynamic_Player_01_Ice_To_Forest_Ocean_Ice","Day08_ForestCommitment","8","Forest","Ice","FALSE","IceToForest","TRUE","FALSE","0.42468","0.085831","0.294111","0.449182","0","0.031098","0.068371","0.42468","0.338849","0","0.033346","0.077422","Weapon_Sword","Boss_IceDragon","Region_ForestRuins","FALSE"
"PCG_VFX_OAT_Sensitivity_20260826_153906","2026-08-26T15:39:06.2831112Z","Stage2BossSemanticWeight_Plus10Percent","Stage 2 semantic aggregation weights","Stage2BossSemanticWeight","Plus10Percent","Dynamic_Player_01_Ice_To_Forest_Ocean_Ice","Day14_ForestMastery","14","Forest","Forest","TRUE","MaintainForest","FALSE","FALSE","0.447508","0.175933","0.220541","0.483728","0","0.026762","0.059689","0.271576","0.447508","0","0.028408","0.064122","Weapon_Bow","Boss_IceDragon","Region_ForestRuins","FALSE"
"PCG_VFX_OAT_Sensitivity_20260826_153906","2026-08-26T15:39:06.2831112Z","Stage2BossSemanticWeight_Plus10Percent","Stage 2 semantic aggregation weights","Stage2BossSemanticWeight","Plus10Percent","Dynamic_Player_01_Ice_To_Forest_Ocean_Ice","Day20_OceanDiscovery","20","Forest","Forest","TRUE","MaintainForest","FALSE","FALSE","0.473921","0.250217","0.207747","0.482725","0","0.025229","0.057186","0.223705","0.473921","0","0.026023","0.05892","Weapon_Bow","Boss_IceDragon","Region_ForestRuins","FALSE"
"PCG_VFX_OAT_Sensitivity_20260826_153906","2026-08-26T15:39:06.2831112Z","Stage2BossSemanticWeight_Plus10Percent","Stage 2 semantic aggregation weights","Stage2BossSemanticWeight","Plus10Percent","Dynamic_Player_01_Ice_To_Forest_Ocean_Ice","Day27_SeaTurtleDefeat","27","Ocean","Forest","FALSE","ForestToOcean","TRUE","FALSE","0.379497","0.034611","0.174682","0.348022","0","0.451173","0.077572","0.186938","0.379497","0","0.344886","0.072909","Weapon_Bow","Boss_SeaTurtle","Region_OceanRuins","FALSE"
"PCG_VFX_OAT_Sensitivity_20260826_153906","2026-08-26T15:39:06.2831112Z","Stage2BossSemanticWeight_Plus10Percent","Stage 2 semantic aggregation weights","Stage2BossSemanticWeight","Plus10Percent","Dynamic_Player_01_Ice_To_Forest_Ocean_Ice","Day39_IceDragonRematch","39","Ice","Ice","TRUE","OceanToIce","TRUE","FALSE","0.468373","0.205288","0.562184","0.22428","0","0.184736","0.119094","0.468373","0.263084","0","0.224773","0.107547","Weapon_Sword","Boss_IceDragon","Region_SnowfieldRuins","FALSE"
"PCG_VFX_OAT_Sensitivity_20260826_153906","2026-08-26T15:39:06.2831112Z","Stage2RegionSemanticWeight_Minus10Percent","Stage 2 semantic aggregation weights","Stage2RegionSemanticWeight","Minus10Percent","Dynamic_Player_01_Ice_To_Forest_Ocean_Ice","Day01_IceBaseline","1","Ice","Ice","TRUE","InitialState","FALSE","FALSE","0.877569","0.762259","0.877569","0.011064","0","0.045813","0.11531","0.877569","0.011064","0","0.045813","0.11531","Weapon_Sword","Boss_IceDragon","Region_SnowfieldRuins","FALSE"
"PCG_VFX_OAT_Sensitivity_20260826_153906","2026-08-26T15:39:06.2831112Z","Stage2RegionSemanticWeight_Minus10Percent","Stage 2 semantic aggregation weights","Stage2RegionSemanticWeight","Minus10Percent","Dynamic_Player_01_Ice_To_Forest_Ocean_Ice","Day04_IceSettled","4","Ice","Ice","TRUE","MaintainIce","FALSE","FALSE","0.820379","0.718525","0.801316","0.006579","0","0.036842","0.097368","0.820379","0.0077","0","0.039085","0.101854","Weapon_Sword","Boss_IceDragon","Region_SnowfieldRuins","FALSE"
"PCG_VFX_OAT_Sensitivity_20260826_153906","2026-08-26T15:39:06.2831112Z","Stage2RegionSemanticWeight_Minus10Percent","Stage 2 semantic aggregation weights","Stage2RegionSemanticWeight","Minus10Percent","Dynamic_Player_01_Ice_To_Forest_Ocean_Ice","Day08_ForestCommitment","8","Forest","Ice","FALSE","IceToForest","TRUE","FALSE","0.429903","0.091272","0.299744","0.44894","0","0.030263","0.066524","0.429903","0.33863","0","0.032469","0.075356","Weapon_Sword","Boss_IceDragon","Region_ForestRuins","FALSE"
"PCG_VFX_OAT_Sensitivity_20260826_153906","2026-08-26T15:39:06.2831112Z","Stage2RegionSemanticWeight_Minus10Percent","Stage 2 semantic aggregation weights","Stage2RegionSemanticWeight","Minus10Percent","Dynamic_Player_01_Ice_To_Forest_Ocean_Ice","Day14_ForestMastery","14","Forest","Forest","TRUE","MaintainForest","FALSE","FALSE","0.449462","0.173986","0.224001","0.486406","0","0.02601","0.058007","0.275477","0.449462","0","0.027625","0.062345","Weapon_Bow","Boss_IceDragon","Region_ForestRuins","FALSE"
"PCG_VFX_OAT_Sensitivity_20260826_153906","2026-08-26T15:39:06.2831112Z","Stage2RegionSemanticWeight_Minus10Percent","Stage 2 semantic aggregation weights","Stage2RegionSemanticWeight","Minus10Percent","Dynamic_Player_01_Ice_To_Forest_Ocean_Ice","Day20_OceanDiscovery","20","Forest","Forest","TRUE","MaintainForest","FALSE","FALSE","0.477236","0.250581","0.210381","0.486494","0","0.024507","0.055547","0.226655","0.477236","0","0.025286","0.057247","Weapon_Bow","Boss_IceDragon","Region_ForestRuins","FALSE"
"PCG_VFX_OAT_Sensitivity_20260826_153906","2026-08-26T15:39:06.2831112Z","Stage2RegionSemanticWeight_Minus10Percent","Stage 2 semantic aggregation weights","Stage2RegionSemanticWeight","Minus10Percent","Dynamic_Player_01_Ice_To_Forest_Ocean_Ice","Day27_SeaTurtleDefeat","27","Ocean","Forest","FALSE","ForestToOcean","TRUE","FALSE","0.386945","0.050274","0.177302","0.356848","0","0.440466","0.075457","0.189641","0.386945","0","0.336671","0.070904","Weapon_Bow","Boss_SeaTurtle","Region_OceanRuins","FALSE"
"PCG_VFX_OAT_Sensitivity_20260826_153906","2026-08-26T15:39:06.2831112Z","Stage2RegionSemanticWeight_Minus10Percent","Stage 2 semantic aggregation weights","Stage2RegionSemanticWeight","Minus10Percent","Dynamic_Player_01_Ice_To_Forest_Ocean_Ice","Day39_IceDragonRematch","39","Ice","Ice","TRUE","OceanToIce","TRUE","FALSE","0.470991","0.203581","0.564774","0.227565","0","0.179652","0.116163","0.470991","0.26741","0","0.218907","0.104848","Weapon_Sword","Boss_IceDragon","Region_SnowfieldRuins","FALSE"
"PCG_VFX_OAT_Sensitivity_20260826_153906","2026-08-26T15:39:06.2831112Z","Stage2RegionSemanticWeight_Plus10Percent","Stage 2 semantic aggregation weights","Stage2RegionSemanticWeight","Plus10Percent","Dynamic_Player_01_Ice_To_Forest_Ocean_Ice","Day01_IceBaseline","1","Ice","Ice","TRUE","InitialState","FALSE","FALSE","0.879705","0.761091","0.879705","0.010011","0","0.046212","0.118614","0.879705","0.010011","0","0.046212","0.118614","Weapon_Sword","Boss_IceDragon","Region_SnowfieldRuins","FALSE"
"PCG_VFX_OAT_Sensitivity_20260826_153906","2026-08-26T15:39:06.2831112Z","Stage2RegionSemanticWeight_Plus10Percent","Stage 2 semantic aggregation weights","Stage2RegionSemanticWeight","Plus10Percent","Dynamic_Player_01_Ice_To_Forest_Ocean_Ice","Day04_IceSettled","4","Ice","Ice","TRUE","MaintainIce","FALSE","FALSE","0.827962","0.721523","0.810714","0.005952","0","0.038095","0.102381","0.827962","0.006967","0","0.040124","0.106439","Weapon_Sword","Boss_IceDragon","Region_SnowfieldRuins","FALSE"
"PCG_VFX_OAT_Sensitivity_20260826_153906","2026-08-26T15:39:06.2831112Z","Stage2RegionSemanticWeight_Plus10Percent","Stage 2 semantic aggregation weights","Stage2RegionSemanticWeight","Plus10Percent","Dynamic_Player_01_Ice_To_Forest_Ocean_Ice","Day08_ForestCommitment","8","Forest","Ice","FALSE","IceToForest","TRUE","FALSE","0.426667","0.072279","0.292901","0.470194","0","0.032143","0.070918","0.426667","0.354387","0","0.034138","0.079798","Weapon_Sword","Boss_IceDragon","Region_ForestRuins","FALSE"
"PCG_VFX_OAT_Sensitivity_20260826_153906","2026-08-26T15:39:06.2831112Z","Stage2RegionSemanticWeight_Plus10Percent","Stage 2 semantic aggregation weights","Stage2RegionSemanticWeight","Plus10Percent","Dynamic_Player_01_Ice_To_Forest_Ocean_Ice","Day14_ForestMastery","14","Forest","Forest","TRUE","MaintainForest","FALSE","FALSE","0.466694","0.191776","0.224335","0.504129","0","0.028295","0.06321","0.274918","0.466694","0","0.029756","0.067357","Weapon_Bow","Boss_IceDragon","Region_ForestRuins","FALSE"
"PCG_VFX_OAT_Sensitivity_20260826_153906","2026-08-26T15:39:06.2831112Z","Stage2RegionSemanticWeight_Plus10Percent","Stage 2 semantic aggregation weights","Stage2RegionSemanticWeight","Plus10Percent","Dynamic_Player_01_Ice_To_Forest_Ocean_Ice","Day20_OceanDiscovery","20","Forest","Forest","TRUE","MaintainForest","FALSE","FALSE","0.493344","0.264121","0.213992","0.502228","0","0.026935","0.061095","0.229224","0.493344","0","0.02764","0.06266","Weapon_Bow","Boss_IceDragon","Region_ForestRuins","FALSE"
"PCG_VFX_OAT_Sensitivity_20260826_153906","2026-08-26T15:39:06.2831112Z","Stage2RegionSemanticWeight_Plus10Percent","Stage 2 semantic aggregation weights","Stage2RegionSemanticWeight","Plus10Percent","Dynamic_Player_01_Ice_To_Forest_Ocean_Ice","Day27_SeaTurtleDefeat","27","Ocean","Forest","FALSE","ForestToOcean","TRUE","FALSE","0.389019","0.052284","0.178261","0.354243","0","0.439767","0.080813","0.191002","0.389019","0","0.336735","0.076275","Weapon_Bow","Boss_SeaTurtle","Region_OceanRuins","FALSE"
"PCG_VFX_OAT_Sensitivity_20260826_153906","2026-08-26T15:39:06.2831112Z","Stage2RegionSemanticWeight_Plus10Percent","Stage 2 semantic aggregation weights","Stage2RegionSemanticWeight","Plus10Percent","Dynamic_Player_01_Ice_To_Forest_Ocean_Ice","Day39_IceDragonRematch","39","Ice","Ice","TRUE","OceanToIce","TRUE","FALSE","0.457918","0.188429","0.546891","0.229647","0","0.19336","0.118066","0.457918","0.26949","0","0.229204","0.107618","Weapon_Sword","Boss_IceDragon","Region_SnowfieldRuins","FALSE"
"PCG_VFX_OAT_Sensitivity_20260826_153906","2026-08-26T15:39:06.2831112Z","TrajectoryThemeTemporalSmoothingAlpha_Minus10Percent","Dynamic temporal smoothing","TrajectoryThemeTemporalSmoothingAlpha","Minus10Percent","Dynamic_Player_01_Ice_To_Forest_Ocean_Ice","Day01_IceBaseline","1","Ice","Ice","TRUE","InitialState","FALSE","FALSE","0.878691","0.761646","0.878691","0.010511","0","0.046022","0.117045","0.878691","0.010511","0","0.046022","0.117045","Weapon_Sword","Boss_IceDragon","Region_SnowfieldRuins","FALSE"
"PCG_VFX_OAT_Sensitivity_20260826_153906","2026-08-26T15:39:06.2831112Z","TrajectoryThemeTemporalSmoothingAlpha_Minus10Percent","Dynamic temporal smoothing","TrajectoryThemeTemporalSmoothingAlpha","Minus10Percent","Dynamic_Player_01_Ice_To_Forest_Ocean_Ice","Day04_IceSettled","4","Ice","Ice","TRUE","MaintainIce","FALSE","FALSE","0.829793","0.724254","0.80625","0.00625","0","0.0375","0.1","0.829793","0.007635","0","0.04027","0.10554","Weapon_Sword","Boss_IceDragon","Region_SnowfieldRuins","FALSE"
"PCG_VFX_OAT_Sensitivity_20260826_153906","2026-08-26T15:39:06.2831112Z","TrajectoryThemeTemporalSmoothingAlpha_Minus10Percent","Dynamic temporal smoothing","TrajectoryThemeTemporalSmoothingAlpha","Minus10Percent","Dynamic_Player_01_Ice_To_Forest_Ocean_Ice","Day08_ForestCommitment","8","Forest","Ice","FALSE","IceToForest","TRUE","FALSE","0.469585","0.156537","0.296152","0.460099","0","0.03125","0.06883","0.469585","0.313048","0","0.034181","0.080761","Weapon_Sword","Boss_IceDragon","Region_ForestRuins","FALSE"
"PCG_VFX_OAT_Sensitivity_20260826_153906","2026-08-26T15:39:06.2831112Z","TrajectoryThemeTemporalSmoothingAlpha_Minus10Percent","Dynamic temporal smoothing","TrajectoryThemeTemporalSmoothingAlpha","Minus10Percent","Dynamic_Player_01_Ice_To_Forest_Ocean_Ice","Day14_ForestMastery","14","Forest","Forest","TRUE","MaintainForest","FALSE","FALSE","0.436345","0.132411","0.224176","0.495711","0","0.02721","0.060739","0.303934","0.436345","0","0.029476","0.067246","Weapon_Bow","Boss_IceDragon","Region_ForestRuins","FALSE"
"PCG_VFX_OAT_Sensitivity_20260826_153906","2026-08-26T15:39:06.2831112Z","TrajectoryThemeTemporalSmoothingAlpha_Minus10Percent","Dynamic temporal smoothing","TrajectoryThemeTemporalSmoothingAlpha","Minus10Percent","Dynamic_Player_01_Ice_To_Forest_Ocean_Ice","Day20_OceanDiscovery","20","Forest","Forest","TRUE","MaintainForest","FALSE","FALSE","0.475771","0.233706","0.212277","0.494754","0","0.025781","0.05846","0.242066","0.475771","0","0.026982","0.061315","Weapon_Bow","Boss_IceDragon","Region_ForestRuins","FALSE"
"PCG_VFX_OAT_Sensitivity_20260826_153906","2026-08-26T15:39:06.2831112Z","TrajectoryThemeTemporalSmoothingAlpha_Minus10Percent","Dynamic temporal smoothing","TrajectoryThemeTemporalSmoothingAlpha","Minus10Percent","Dynamic_Player_01_Ice_To_Forest_Ocean_Ice","Day27_SeaTurtleDefeat","27","Ocean","Forest","FALSE","ForestToOcean","TRUE","FALSE","0.394575","0.088739","0.177806","0.35548","0","0.440099","0.078269","0.19869","0.394575","0","0.305836","0.072759","Weapon_Bow","Boss_SeaTurtle","Region_OceanRuins","FALSE"
"PCG_VFX_OAT_Sensitivity_20260826_153906","2026-08-26T15:39:06.2831112Z","TrajectoryThemeTemporalSmoothingAlpha_Minus10Percent","Dynamic temporal smoothing","TrajectoryThemeTemporalSmoothingAlpha","Minus10Percent","Dynamic_Player_01_Ice_To_Forest_Ocean_Ice","Day39_IceDragonRematch","39","Ice","Ice","TRUE","OceanToIce","TRUE","FALSE","0.439459","0.156878","0.555385","0.228658","0","0.186849","0.117162","0.439459","0.282581","0","0.225519","0.102731","Weapon_Sword","Boss_IceDragon","Region_SnowfieldRuins","FALSE"
"PCG_VFX_OAT_Sensitivity_20260826_153906","2026-08-26T15:39:06.2831112Z","TrajectoryThemeTemporalSmoothingAlpha_Plus10Percent","Dynamic temporal smoothing","TrajectoryThemeTemporalSmoothingAlpha","Plus10Percent","Dynamic_Player_01_Ice_To_Forest_Ocean_Ice","Day01_IceBaseline","1","Ice","Ice","TRUE","InitialState","FALSE","FALSE","0.878691","0.761646","0.878691","0.010511","0","0.046022","0.117045","0.878691","0.010511","0","0.046022","0.117045","Weapon_Sword","Boss_IceDragon","Region_SnowfieldRuins","FALSE"
"PCG_VFX_OAT_Sensitivity_20260826_153906","2026-08-26T15:39:06.2831112Z","TrajectoryThemeTemporalSmoothingAlpha_Plus10Percent","Dynamic temporal smoothing","TrajectoryThemeTemporalSmoothingAlpha","Plus10Percent","Dynamic_Player_01_Ice_To_Forest_Ocean_Ice","Day04_IceSettled","4","Ice","Ice","TRUE","MaintainIce","FALSE","FALSE","0.818927","0.715944","0.80625","0.00625","0","0.0375","0.1","0.818927","0.006996","0","0.038991","0.102983","Weapon_Sword","Boss_IceDragon","Region_SnowfieldRuins","FALSE"
"PCG_VFX_OAT_Sensitivity_20260826_153906","2026-08-26T15:39:06.2831112Z","TrajectoryThemeTemporalSmoothingAlpha_Plus10Percent","Dynamic temporal smoothing","TrajectoryThemeTemporalSmoothingAlpha","Plus10Percent","Dynamic_Player_01_Ice_To_Forest_Ocean_Ice","Day08_ForestCommitment","8","Forest","Neutral","FALSE","IceToForest","TRUE","TRUE","0.387637","0.006832","0.296152","0.460099","0","0.03125","0.06883","0.387637","0.380806","0","0.032605","0.074807","Weapon_Sword","Boss_IceDragon","Region_ForestRuins","TRUE"
"PCG_VFX_OAT_Sensitivity_20260826_153906","2026-08-26T15:39:06.2831112Z","TrajectoryThemeTemporalSmoothingAlpha_Plus10Percent","Dynamic temporal smoothing","TrajectoryThemeTemporalSmoothingAlpha","Plus10Percent","Dynamic_Player_01_Ice_To_Forest_Ocean_Ice","Day14_ForestMastery","14","Forest","Forest","TRUE","MaintainForest","FALSE","FALSE","0.475603","0.222821","0.224176","0.495711","0","0.02721","0.060739","0.252782","0.475603","0","0.028154","0.063201","Weapon_Bow","Boss_IceDragon","Region_ForestRuins","FALSE"
"PCG_VFX_OAT_Sensitivity_20260826_153906","2026-08-26T15:39:06.2831112Z","TrajectoryThemeTemporalSmoothingAlpha_Plus10Percent","Dynamic temporal smoothing","TrajectoryThemeTemporalSmoothingAlpha","Plus10Percent","Dynamic_Player_01_Ice_To_Forest_Ocean_Ice","Day20_OceanDiscovery","20","Forest","Forest","TRUE","MaintainForest","FALSE","FALSE","0.491403","0.272037","0.212277","0.494754","0","0.025781","0.05846","0.219365","0.491403","0","0.026196","0.059289","Weapon_Bow","Boss_IceDragon","Region_ForestRuins","FALSE"
"PCG_VFX_OAT_Sensitivity_20260826_153906","2026-08-26T15:39:06.2831112Z","TrajectoryThemeTemporalSmoothingAlpha_Plus10Percent","Dynamic temporal smoothing","TrajectoryThemeTemporalSmoothingAlpha","Plus10Percent","Dynamic_Player_01_Ice_To_Forest_Ocean_Ice","Day27_SeaTurtleDefeat","27","Ocean","Neutral","FALSE","ForestToOcean","TRUE","TRUE","0.379267","0.011601","0.177806","0.35548","0","0.440099","0.078269","0.185079","0.379267","0","0.367666","0.074947","Weapon_Bow","Boss_SeaTurtle","Region_OceanRuins","TRUE"
"PCG_VFX_OAT_Sensitivity_20260826_153906","2026-08-26T15:39:06.2831112Z","TrajectoryThemeTemporalSmoothingAlpha_Plus10Percent","Dynamic temporal smoothing","TrajectoryThemeTemporalSmoothingAlpha","Plus10Percent","Dynamic_Player_01_Ice_To_Forest_Ocean_Ice","Day39_IceDragonRematch","39","Ice","Ice","TRUE","OceanToIce","TRUE","FALSE","0.490582","0.235567","0.555385","0.228658","0","0.186849","0.117162","0.490582","0.255014","0","0.218492","0.109774","Weapon_Sword","Boss_IceDragon","Region_SnowfieldRuins","FALSE"
