"ExperimentId","GeneratedAtUtc","ScenarioId","ParameterGroup","ParameterName","Direction","TrajectoryId","NodeId","Day","SignalType","EntityId","PreviousDay","PreviousValue","HalfLifeDays","DecayFactor","ExpectedDecayedValue","ObservedDecayedValue","AuditCorrect"
"PCG_VFX_OAT_Sensitivity_20260826_153906","2026-08-26T15:39:06.2831112Z","Baseline","Baseline","No parameter change","Baseline","Dynamic_Player_01_Ice_To_Forest_Ocean_Ice","Day01_IceBaseline","1","WeaponEffectiveUse","Sword","0","360","15","0.954842","343.743","343.743","TRUE"
"PCG_VFX_OAT_Sensitivity_20260826_153906","2026-08-26T15:39:06.2831112Z","Baseline","Baseline","No parameter change","Baseline","Dynamic_Player_01_Ice_To_Forest_Ocean_Ice","Day01_IceBaseline","1","BossRecencyWeight","IceDragon","0","1","4","0.840896","0.840896","0.840896","TRUE"
"PCG_VFX_OAT_Sensitivity_20260826_153906","2026-08-26T15:39:06.2831112Z","Baseline","Baseline","No parameter change","Baseline","Dynamic_Player_01_Ice_To_Forest_Ocean_Ice","Day04_IceSettled","4","WeaponEffectiveUse","Sword","1","433.743","15","0.870551","377.5952","377.5952","TRUE"
"PCG_VFX_OAT_Sensitivity_20260826_153906","2026-08-26T15:39:06.2831112Z","Baseline","Baseline","No parameter change","Baseline","Dynamic_Player_01_Ice_To_Forest_Ocean_Ice","Day04_IceSettled","4","BossRecencyWeight","IceDragon","1","0.840896","4","0.594604","0.5","0.5","TRUE"
"PCG_VFX_OAT_Sensitivity_20260826_153906","2026-08-26T15:39:06.2831112Z","Baseline","Baseline","No parameter change","Baseline","Dynamic_Player_01_Ice_To_Forest_Ocean_Ice","Day08_ForestCommitment","8","WeaponEffectiveUse","Sword","4","487.5952","15","0.831238","405.3076","405.3076","TRUE"
"PCG_VFX_OAT_Sensitivity_20260826_153906","2026-08-26T15:39:06.2831112Z","Baseline","Baseline","No parameter change","Baseline","Dynamic_Player_01_Ice_To_Forest_Ocean_Ice","Day08_ForestCommitment","8","BossRecencyWeight","IceDragon","4","0.5","4","0.5","0.25","0.25","TRUE"
"PCG_VFX_OAT_Sensitivity_20260826_153906","2026-08-26T15:39:06.2831112Z","Baseline","Baseline","No parameter change","Baseline","Dynamic_Player_01_Ice_To_Forest_Ocean_Ice","Day14_ForestMastery","14","WeaponEffectiveUse","Sword","8","430.3076","15","0.757858","326.1122","326.1122","TRUE"
"PCG_VFX_OAT_Sensitivity_20260826_153906","2026-08-26T15:39:06.2831112Z","Baseline","Baseline","No parameter change","Baseline","Dynamic_Player_01_Ice_To_Forest_Ocean_Ice","Day14_ForestMastery","14","WeaponEffectiveUse","Bow","8","300","15","0.757858","227.3575","227.3575","TRUE"
"PCG_VFX_OAT_Sensitivity_20260826_153906","2026-08-26T15:39:06.2831112Z","Baseline","Baseline","No parameter change","Baseline","Dynamic_Player_01_Ice_To_Forest_Ocean_Ice","Day14_ForestMastery","14","BossRecencyWeight","IceDragon","8","0.25","4","0.353553","0.088388","0.088388","TRUE"
"PCG_VFX_OAT_Sensitivity_20260826_153906","2026-08-26T15:39:06.2831112Z","Baseline","Baseline","No parameter change","Baseline","Dynamic_Player_01_Ice_To_Forest_Ocean_Ice","Day14_ForestMastery","14","RegionRecentVisit","ForestRuins","8","650","20","0.812252","527.9641","527.9641","TRUE"
"PCG_VFX_OAT_Sensitivity_20260826_153906","2026-08-26T15:39:06.2831112Z","Baseline","Baseline","No parameter change","Baseline","Dynamic_Player_01_Ice_To_Forest_Ocean_Ice","Day20_OceanDiscovery","20","WeaponEffectiveUse","Sword","14","326.1122","15","0.757858","247.1468","247.1468","TRUE"
"PCG_VFX_OAT_Sensitivity_20260826_153906","2026-08-26T15:39:06.2831112Z","Baseline","Baseline","No parameter change","Baseline","Dynamic_Player_01_Ice_To_Forest_Ocean_Ice","Day20_OceanDiscovery","20","WeaponEffectiveUse","Bow","14","587.3575","15","0.757858","445.1337","445.1337","TRUE"
"PCG_VFX_OAT_Sensitivity_20260826_153906","2026-08-26T15:39:06.2831112Z","Baseline","Baseline","No parameter change","Baseline","Dynamic_Player_01_Ice_To_Forest_Ocean_Ice","Day20_OceanDiscovery","20","BossRecencyWeight","IceDragon","14","0.088388","4","0.353553","0.03125","0.03125","TRUE"
"PCG_VFX_OAT_Sensitivity_20260826_153906","2026-08-26T15:39:06.2831112Z","Baseline","Baseline","No parameter change","Baseline","Dynamic_Player_01_Ice_To_Forest_Ocean_Ice","Day20_OceanDiscovery","20","RegionRecentVisit","ForestRuins","14","1027.964","20","0.812252","834.9663","834.9663","TRUE"
"PCG_VFX_OAT_Sensitivity_20260826_153906","2026-08-26T15:39:06.2831112Z","Baseline","Baseline","No parameter change","Baseline","Dynamic_Player_01_Ice_To_Forest_Ocean_Ice","Day27_SeaTurtleDefeat","27","WeaponEffectiveUse","Sword","20","247.1468","15","0.723635","178.844","178.844","TRUE"
"PCG_VFX_OAT_Sensitivity_20260826_153906","2026-08-26T15:39:06.2831112Z","Baseline","Baseline","No parameter change","Baseline","Dynamic_Player_01_Ice_To_Forest_Ocean_Ice","Day27_SeaTurtleDefeat","27","WeaponEffectiveUse","Bow","20","595.1337","15","0.723635","430.6594","430.6594","TRUE"
"PCG_VFX_OAT_Sensitivity_20260826_153906","2026-08-26T15:39:06.2831112Z","Baseline","Baseline","No parameter change","Baseline","Dynamic_Player_01_Ice_To_Forest_Ocean_Ice","Day27_SeaTurtleDefeat","27","BossRecencyWeight","IceDragon","20","0.03125","4","0.297302","0.009291","0.009291","TRUE"
"PCG_VFX_OAT_Sensitivity_20260826_153906","2026-08-26T15:39:06.2831112Z","Baseline","Baseline","No parameter change","Baseline","Dynamic_Player_01_Ice_To_Forest_Ocean_Ice","Day27_SeaTurtleDefeat","27","RegionRecentVisit","ForestRuins","20","1014.966","20","0.784584","796.3264","796.3264","TRUE"
"PCG_VFX_OAT_Sensitivity_20260826_153906","2026-08-26T15:39:06.2831112Z","Baseline","Baseline","No parameter change","Baseline","Dynamic_Player_01_Ice_To_Forest_Ocean_Ice","Day27_SeaTurtleDefeat","27","RegionRecentVisit","OceanRuins","20","240","20","0.784584","188.3002","188.3002","TRUE"
"PCG_VFX_OAT_Sensitivity_20260826_153906","2026-08-26T15:39:06.2831112Z","Baseline","Baseline","No parameter change","Baseline","Dynamic_Player_01_Ice_To_Forest_Ocean_Ice","Day39_IceDragonRematch","39","WeaponEffectiveUse","Sword","27","178.844","15","0.574349","102.7189","102.7189","TRUE"
"PCG_VFX_OAT_Sensitivity_20260826_153906","2026-08-26T15:39:06.2831112Z","Baseline","Baseline","No parameter change","Baseline","Dynamic_Player_01_Ice_To_Forest_Ocean_Ice","Day39_IceDragonRematch","39","WeaponEffectiveUse","Bow","27","550.6594","15","0.574349","316.2708","316.2708","TRUE"
"PCG_VFX_OAT_Sensitivity_20260826_153906","2026-08-26T15:39:06.2831112Z","Baseline","Baseline","No parameter change","Baseline","Dynamic_Player_01_Ice_To_Forest_Ocean_Ice","Day39_IceDragonRematch","39","BossRecencyWeight","IceDragon","27","0.009291","4","0.125","0.001161","0.001161","TRUE"
"PCG_VFX_OAT_Sensitivity_20260826_153906","2026-08-26T15:39:06.2831112Z","Baseline","Baseline","No parameter change","Baseline","Dynamic_Player_01_Ice_To_Forest_Ocean_Ice","Day39_IceDragonRematch","39","BossRecencyWeight","SeaTurtle","27","1","4","0.125","0.125","0.125","TRUE"
"PCG_VFX_OAT_Sensitivity_20260826_153906","2026-08-26T15:39:06.2831112Z","Baseline","Baseline","No parameter change","Baseline","Dynamic_Player_01_Ice_To_Forest_Ocean_Ice","Day39_IceDragonRematch","39","RegionRecentVisit","ForestRuins","27","796.3264","20","0.659754","525.3795","525.3795","TRUE"
"PCG_VFX_OAT_Sensitivity_20260826_153906","2026-08-26T15:39:06.2831112Z","Baseline","Baseline","No parameter change","Baseline","Dynamic_Player_01_Ice_To_Forest_Ocean_Ice","Day39_IceDragonRematch","39","RegionRecentVisit","OceanRuins","27","1188.3","20","0.659754","783.9857","783.9857","TRUE"
"PCG_VFX_OAT_Sensitivity_20260826_153906","2026-08-26T15:39:06.2831112Z","WeaponChoiceShareWeight_Minus10Percent","Weapon slot score weights","WeaponChoiceShareWeight","Minus10Percent","Dynamic_Player_01_Ice_To_Forest_Ocean_Ice","Day01_IceBaseline","1","WeaponEffectiveUse","Sword","0","360","15","0.954842","343.743","343.743","TRUE"
"PCG_VFX_OAT_Sensitivity_20260826_153906","2026-08-26T15:39:06.2831112Z","WeaponChoiceShareWeight_Minus10Percent","Weapon slot score weights","WeaponChoiceShareWeight","Minus10Percent","Dynamic_Player_01_Ice_To_Forest_Ocean_Ice","Day01_IceBaseline","1","BossRecencyWeight","IceDragon","0","1","4","0.840896","0.840896","0.840896","TRUE"
"PCG_VFX_OAT_Sensitivity_20260826_153906","2026-08-26T15:39:06.2831112Z","WeaponChoiceShareWeight_Minus10Percent","Weapon slot score weights","WeaponChoiceShareWeight","Minus10Percent","Dynamic_Player_01_Ice_To_Forest_Ocean_Ice","Day04_IceSettled","4","WeaponEffectiveUse","Sword","1","433.743","15","0.870551","377.5952","377.5952","TRUE"
"PCG_VFX_OAT_Sensitivity_20260826_153906","2026-08-26T15:39:06.2831112Z","WeaponChoiceShareWeight_Minus10Percent","Weapon slot score weights","WeaponChoiceShareWeight","Minus10Percent","Dynamic_Player_01_Ice_To_Forest_Ocean_Ice","Day04_IceSettled","4","BossRecencyWeight","IceDragon","1","0.840896","4","0.594604","0.5","0.5","TRUE"
"PCG_VFX_OAT_Sensitivity_20260826_153906","2026-08-26T15:39:06.2831112Z","WeaponChoiceShareWeight_Minus10Percent","Weapon slot score weights","WeaponChoiceShareWeight","Minus10Percent","Dynamic_Player_01_Ice_To_Forest_Ocean_Ice","Day08_ForestCommitment","8","WeaponEffectiveUse","Sword","4","487.5952","15","0.831238","405.3076","405.3076","TRUE"
"PCG_VFX_OAT_Sensitivity_20260826_153906","2026-08-26T15:39:06.2831112Z","WeaponChoiceShareWeight_Minus10Percent","Weapon slot score weights","WeaponChoiceShareWeight","Minus10Percent","Dynamic_Player_01_Ice_To_Forest_Ocean_Ice","Day08_ForestCommitment","8","BossRecencyWeight","IceDragon","4","0.5","4","0.5","0.25","0.25","TRUE"
"PCG_VFX_OAT_Sensitivity_20260826_153906","2026-08-26T15:39:06.2831112Z","WeaponChoiceShareWeight_Minus10Percent","Weapon slot score weights","WeaponChoiceShareWeight","Minus10Percent","Dynamic_Player_01_Ice_To_Forest_Ocean_Ice","Day14_ForestMastery","14","WeaponEffectiveUse","Sword","8","430.3076","15","0.757858","326.1122","326.1122","TRUE"
"PCG_VFX_OAT_Sensitivity_20260826_153906","2026-08-26T15:39:06.2831112Z","WeaponChoiceShareWeight_Minus10Percent","Weapon slot score weights","WeaponChoiceShareWeight","Minus10Percent","Dynamic_Player_01_Ice_To_Forest_Ocean_Ice","Day14_ForestMastery","14","WeaponEffectiveUse","Bow","8","300","15","0.757858","227.3575","227.3575","TRUE"
"PCG_VFX_OAT_Sensitivity_20260826_153906","2026-08-26T15:39:06.2831112Z","WeaponChoiceShareWeight_Minus10Percent","Weapon slot score weights","WeaponChoiceShareWeight","Minus10Percent","Dynamic_Player_01_Ice_To_Forest_Ocean_Ice","Day14_ForestMastery","14","BossRecencyWeight","IceDragon","8","0.25","4","0.353553","0.088388","0.088388","TRUE"
"PCG_VFX_OAT_Sensitivity_20260826_153906","2026-08-26T15:39:06.2831112Z","WeaponChoiceShareWeight_Minus10Percent","Weapon slot score weights","WeaponChoiceShareWeight","Minus10Percent","Dynamic_Player_01_Ice_To_Forest_Ocean_Ice","Day14_ForestMastery","14","RegionRecentVisit","ForestRuins","8","650","20","0.812252","527.9641","527.9641","TRUE"
"PCG_VFX_OAT_Sensitivity_20260826_153906","2026-08-26T15:39:06.2831112Z","WeaponChoiceShareWeight_Minus10Percent","Weapon slot score weights","WeaponChoiceShareWeight","Minus10Percent","Dynamic_Player_01_Ice_To_Forest_Ocean_Ice","Day20_OceanDiscovery","20","WeaponEffectiveUse","Sword","14","326.1122","15","0.757858","247.1468","247.1468","TRUE"
"PCG_VFX_OAT_Sensitivity_20260826_153906","2026-08-26T15:39:06.2831112Z","WeaponChoiceShareWeight_Minus10Percent","Weapon slot score weights","WeaponChoiceShareWeight","Minus10Percent","Dynamic_Player_01_Ice_To_Forest_Ocean_Ice","Day20_OceanDiscovery","20","WeaponEffectiveUse","Bow","14","587.3575","15","0.757858","445.1337","445.1337","TRUE"
"PCG_VFX_OAT_Sensitivity_20260826_153906","2026-08-26T15:39:06.2831112Z","WeaponChoiceShareWeight_Minus10Percent","Weapon slot score weights","WeaponChoiceShareWeight","Minus10Percent","Dynamic_Player_01_Ice_To_Forest_Ocean_Ice","Day20_OceanDiscovery","20","BossRecencyWeight","IceDragon","14","0.088388","4","0.353553","0.03125","0.03125","TRUE"
"PCG_VFX_OAT_Sensitivity_20260826_153906","2026-08-26T15:39:06.2831112Z","WeaponChoiceShareWeight_Minus10Percent","Weapon slot score weights","WeaponChoiceShareWeight","Minus10Percent","Dynamic_Player_01_Ice_To_Forest_Ocean_Ice","Day20_OceanDiscovery","20","RegionRecentVisit","ForestRuins","14","1027.964","20","0.812252","834.9663","834.9663","TRUE"
"PCG_VFX_OAT_Sensitivity_20260826_153906","2026-08-26T15:39:06.2831112Z","WeaponChoiceShareWeight_Minus10Percent","Weapon slot score weights","WeaponChoiceShareWeight","Minus10Percent","Dynamic_Player_01_Ice_To_Forest_Ocean_Ice","Day27_SeaTurtleDefeat","27","WeaponEffectiveUse","Sword","20","247.1468","15","0.723635","178.844","178.844","TRUE"
"PCG_VFX_OAT_Sensitivity_20260826_153906","2026-08-26T15:39:06.2831112Z","WeaponChoiceShareWeight_Minus10Percent","Weapon slot score weights","WeaponChoiceShareWeight","Minus10Percent","Dynamic_Player_01_Ice_To_Forest_Ocean_Ice","Day27_SeaTurtleDefeat","27","WeaponEffectiveUse","Bow","20","595.1337","15","0.723635","430.6594","430.6594","TRUE"
"PCG_VFX_OAT_Sensitivity_20260826_153906","2026-08-26T15:39:06.2831112Z","WeaponChoiceShareWeight_Minus10Percent","Weapon slot score weights","WeaponChoiceShareWeight","Minus10Percent","Dynamic_Player_01_Ice_To_Forest_Ocean_Ice","Day27_SeaTurtleDefeat","27","BossRecencyWeight","IceDragon","20","0.03125","4","0.297302","0.009291","0.009291","TRUE"
"PCG_VFX_OAT_Sensitivity_20260826_153906","2026-08-26T15:39:06.2831112Z","WeaponChoiceShareWeight_Minus10Percent","Weapon slot score weights","WeaponChoiceShareWeight","Minus10Percent","Dynamic_Player_01_Ice_To_Forest_Ocean_Ice","Day27_SeaTurtleDefeat","27","RegionRecentVisit","ForestRuins","20","1014.966","20","0.784584","796.3264","796.3264","TRUE"
"PCG_VFX_OAT_Sensitivity_20260826_153906","2026-08-26T15:39:06.2831112Z","WeaponChoiceShareWeight_Minus10Percent","Weapon slot score weights","WeaponChoiceShareWeight","Minus10Percent","Dynamic_Player_01_Ice_To_Forest_Ocean_Ice","Day27_SeaTurtleDefeat","27","RegionRecentVisit","OceanRuins","20","240","20","0.784584","188.3002","188.3002","TRUE"
"PCG_VFX_OAT_Sensitivity_20260826_153906","2026-08-26T15:39:06.2831112Z","WeaponChoiceShareWeight_Minus10Percent","Weapon slot score weights","WeaponChoiceShareWeight","Minus10Percent","Dynamic_Player_01_Ice_To_Forest_Ocean_Ice","Day39_IceDragonRematch","39","WeaponEffectiveUse","Sword","27","178.844","15","0.574349","102.7189","102.7189","TRUE"
"PCG_VFX_OAT_Sensitivity_20260826_153906","2026-08-26T15:39:06.2831112Z","WeaponChoiceShareWeight_Minus10Percent","Weapon slot score weights","WeaponChoiceShareWeight","Minus10Percent","Dynamic_Player_01_Ice_To_Forest_Ocean_Ice","Day39_IceDragonRematch","39","WeaponEffectiveUse","Bow","27","550.6594","15","0.574349","316.2708","316.2708","TRUE"
"PCG_VFX_OAT_Sensitivity_20260826_153906","2026-08-26T15:39:06.2831112Z","WeaponChoiceShareWeight_Minus10Percent","Weapon slot score weights","WeaponChoiceShareWeight","Minus10Percent","Dynamic_Player_01_Ice_To_Forest_Ocean_Ice","Day39_IceDragonRematch","39","BossRecencyWeight","IceDragon","27","0.009291","4","0.125","0.001161","0.001161","TRUE"
"PCG_VFX_OAT_Sensitivity_20260826_153906","2026-08-26T15:39:06.2831112Z","WeaponChoiceShareWeight_Minus10Percent","Weapon slot score weights","WeaponChoiceShareWeight","Minus10Percent","Dynamic_Player_01_Ice_To_Forest_Ocean_Ice","Day39_IceDragonRematch","39","BossRecencyWeight","SeaTurtle","27","1","4","0.125","0.125","0.125","TRUE"
"PCG_VFX_OAT_Sensitivity_20260826_153906","2026-08-26T15:39:06.2831112Z","WeaponChoiceShareWeight_Minus10Percent","Weapon slot score weights","WeaponChoiceShareWeight","Minus10Percent","Dynamic_Player_01_Ice_To_Forest_Ocean_Ice","Day39_IceDragonRematch","39","RegionRecentVisit","ForestRuins","27","796.3264","20","0.659754","525.3795","525.3795","TRUE"
"PCG_VFX_OAT_Sensitivity_20260826_153906","2026-08-26T15:39:06.2831112Z","WeaponChoiceShareWeight_Minus10Percent","Weapon slot score weights","WeaponChoiceShareWeight","Minus10Percent","Dynamic_Player_01_Ice_To_Forest_Ocean_Ice","Day39_IceDragonRematch","39","RegionRecentVisit","OceanRuins","27","1188.3","20","0.659754","783.9857","783.9857","TRUE"
"PCG_VFX_OAT_Sensitivity_20260826_153906","2026-08-26T15:39:06.2831112Z","WeaponChoiceShareWeight_Plus10Percent","Weapon slot score weights","WeaponChoiceShareWeight","Plus10Percent","Dynamic_Player_01_Ice_To_Forest_Ocean_Ice","Day01_IceBaseline","1","WeaponEffectiveUse","Sword","0","360","15","0.954842","343.743","343.743","TRUE"
"PCG_VFX_OAT_Sensitivity_20260826_153906","2026-08-26T15:39:06.2831112Z","WeaponChoiceShareWeight_Plus10Percent","Weapon slot score weights","WeaponChoiceShareWeight","Plus10Percent","Dynamic_Player_01_Ice_To_Forest_Ocean_Ice","Day01_IceBaseline","1","BossRecencyWeight","IceDragon","0","1","4","0.840896","0.840896","0.840896","TRUE"
"PCG_VFX_OAT_Sensitivity_20260826_153906","2026-08-26T15:39:06.2831112Z","WeaponChoiceShareWeight_Plus10Percent","Weapon slot score weights","WeaponChoiceShareWeight","Plus10Percent","Dynamic_Player_01_Ice_To_Forest_Ocean_Ice","Day04_IceSettled","4","WeaponEffectiveUse","Sword","1","433.743","15","0.870551","377.5952","377.5952","TRUE"
"PCG_VFX_OAT_Sensitivity_20260826_153906","2026-08-26T15:39:06.2831112Z","WeaponChoiceShareWeight_Plus10Percent","Weapon slot score weights","WeaponChoiceShareWeight","Plus10Percent","Dynamic_Player_01_Ice_To_Forest_Ocean_Ice","Day04_IceSettled","4","BossRecencyWeight","IceDragon","1","0.840896","4","0.594604","0.5","0.5","TRUE"
"PCG_VFX_OAT_Sensitivity_20260826_153906","2026-08-26T15:39:06.2831112Z","WeaponChoiceShareWeight_Plus10Percent","Weapon slot score weights","WeaponChoiceShareWeight","Plus10Percent","Dynamic_Player_01_Ice_To_Forest_Ocean_Ice","Day08_ForestCommitment","8","WeaponEffectiveUse","Sword","4","487.5952","15","0.831238","405.3076","405.3076","TRUE"
"PCG_VFX_OAT_Sensitivity_20260826_153906","2026-08-26T15:39:06.2831112Z","WeaponChoiceShareWeight_Plus10Percent","Weapon slot score weights","WeaponChoiceShareWeight","Plus10Percent","Dynamic_Player_01_Ice_To_Forest_Ocean_Ice","Day08_ForestCommitment","8","BossRecencyWeight","IceDragon","4","0.5","4","0.5","0.25","0.25","TRUE"
"PCG_VFX_OAT_Sensitivity_20260826_153906","2026-08-26T15:39:06.2831112Z","WeaponChoiceShareWeight_Plus10Percent","Weapon slot score weights","WeaponChoiceShareWeight","Plus10Percent","Dynamic_Player_01_Ice_To_Forest_Ocean_Ice","Day14_ForestMastery","14","WeaponEffectiveUse","Sword","8","430.3076","15","0.757858","326.1122","326.1122","TRUE"
"PCG_VFX_OAT_Sensitivity_20260826_153906","2026-08-26T15:39:06.2831112Z","WeaponChoiceShareWeight_Plus10Percent","Weapon slot score weights","WeaponChoiceShareWeight","Plus10Percent","Dynamic_Player_01_Ice_To_Forest_Ocean_Ice","Day14_ForestMastery","14","WeaponEffectiveUse","Bow","8","300","15","0.757858","227.3575","227.3575","TRUE"
"PCG_VFX_OAT_Sensitivity_20260826_153906","2026-08-26T15:39:06.2831112Z","WeaponChoiceShareWeight_Plus10Percent","Weapon slot score weights","WeaponChoiceShareWeight","Plus10Percent","Dynamic_Player_01_Ice_To_Forest_Ocean_Ice","Day14_ForestMastery","14","BossRecencyWeight","IceDragon","8","0.25","4","0.353553","0.088388","0.088388","TRUE"
"PCG_VFX_OAT_Sensitivity_20260826_153906","2026-08-26T15:39:06.2831112Z","WeaponChoiceShareWeight_Plus10Percent","Weapon slot score weights","WeaponChoiceShareWeight","Plus10Percent","Dynamic_Player_01_Ice_To_Forest_Ocean_Ice","Day14_ForestMastery","14","RegionRecentVisit","ForestRuins","8","650","20","0.812252","527.9641","527.9641","TRUE"
"PCG_VFX_OAT_Sensitivity_20260826_153906","2026-08-26T15:39:06.2831112Z","WeaponChoiceShareWeight_Plus10Percent","Weapon slot score weights","WeaponChoiceShareWeight","Plus10Percent","Dynamic_Player_01_Ice_To_Forest_Ocean_Ice","Day20_OceanDiscovery","20","WeaponEffectiveUse","Sword","14","326.1122","15","0.757858","247.1468","247.1468","TRUE"
"PCG_VFX_OAT_Sensitivity_20260826_153906","2026-08-26T15:39:06.2831112Z","WeaponChoiceShareWeight_Plus10Percent","Weapon slot score weights","WeaponChoiceShareWeight","Plus10Percent","Dynamic_Player_01_Ice_To_Forest_Ocean_Ice","Day20_OceanDiscovery","20","WeaponEffectiveUse","Bow","14","587.3575","15","0.757858","445.1337","445.1337","TRUE"
"PCG_VFX_OAT_Sensitivity_20260826_153906","2026-08-26T15:39:06.2831112Z","WeaponChoiceShareWeight_Plus10Percent","Weapon slot score weights","WeaponChoiceShareWeight","Plus10Percent","Dynamic_Player_01_Ice_To_Forest_Ocean_Ice","Day20_OceanDiscovery","20","BossRecencyWeight","IceDragon","14","0.088388","4","0.353553","0.03125","0.03125","TRUE"
"PCG_VFX_OAT_Sensitivity_20260826_153906","2026-08-26T15:39:06.2831112Z","WeaponChoiceShareWeight_Plus10Percent","Weapon slot score weights","WeaponChoiceShareWeight","Plus10Percent","Dynamic_Player_01_Ice_To_Forest_Ocean_Ice","Day20_OceanDiscovery","20","RegionRecentVisit","ForestRuins","14","1027.964","20","0.812252","834.9663","834.9663","TRUE"
"PCG_VFX_OAT_Sensitivity_20260826_153906","2026-08-26T15:39:06.2831112Z","WeaponChoiceShareWeight_Plus10Percent","Weapon slot score weights","WeaponChoiceShareWeight","Plus10Percent","Dynamic_Player_01_Ice_To_Forest_Ocean_Ice","Day27_SeaTurtleDefeat","27","WeaponEffectiveUse","Sword","20","247.1468","15","0.723635","178.844","178.844","TRUE"
"PCG_VFX_OAT_Sensitivity_20260826_153906","2026-08-26T15:39:06.2831112Z","WeaponChoiceShareWeight_Plus10Percent","Weapon slot score weights","WeaponChoiceShareWeight","Plus10Percent","Dynamic_Player_01_Ice_To_Forest_Ocean_Ice","Day27_SeaTurtleDefeat","27","WeaponEffectiveUse","Bow","20","595.1337","15","0.723635","430.6594","430.6594","TRUE"
"PCG_VFX_OAT_Sensitivity_20260826_153906","2026-08-26T15:39:06.2831112Z","WeaponChoiceShareWeight_Plus10Percent","Weapon slot score weights","WeaponChoiceShareWeight","Plus10Percent","Dynamic_Player_01_Ice_To_Forest_Ocean_Ice","Day27_SeaTurtleDefeat","27","BossRecencyWeight","IceDragon","20","0.03125","4","0.297302","0.009291","0.009291","TRUE"
"PCG_VFX_OAT_Sensitivity_20260826_153906","2026-08-26T15:39:06.2831112Z","WeaponChoiceShareWeight_Plus10Percent","Weapon slot score weights","WeaponChoiceShareWeight","Plus10Percent","Dynamic_Player_01_Ice_To_Forest_Ocean_Ice","Day27_SeaTurtleDefeat","27","RegionRecentVisit","ForestRuins","20","1014.966","20","0.784584","796.3264","796.3264","TRUE"
"PCG_VFX_OAT_Sensitivity_20260826_153906","2026-08-26T15:39:06.2831112Z","WeaponChoiceShareWeight_Plus10Percent","Weapon slot score weights","WeaponChoiceShareWeight","Plus10Percent","Dynamic_Player_01_Ice_To_Forest_Ocean_Ice","Day27_SeaTurtleDefeat","27","RegionRecentVisit","OceanRuins","20","240","20","0.784584","188.3002","188.3002","TRUE"
"PCG_VFX_OAT_Sensitivity_20260826_153906","2026-08-26T15:39:06.2831112Z","WeaponChoiceShareWeight_Plus10Percent","Weapon slot score weights","WeaponChoiceShareWeight","Plus10Percent","Dynamic_Player_01_Ice_To_Forest_Ocean_Ice","Day39_IceDragonRematch","39","WeaponEffectiveUse","Sword","27","178.844","15","0.574349","102.7189","102.7189","TRUE"
"PCG_VFX_OAT_Sensitivity_20260826_153906","2026-08-26T15:39:06.2831112Z","WeaponChoiceShareWeight_Plus10Percent","Weapon slot score weights","WeaponChoiceShareWeight","Plus10Percent","Dynamic_Player_01_Ice_To_Forest_Ocean_Ice","Day39_IceDragonRematch","39","WeaponEffectiveUse","Bow","27","550.6594","15","0.574349","316.2708","316.2708","TRUE"
"PCG_VFX_OAT_Sensitivity_20260826_153906","2026-08-26T15:39:06.2831112Z","WeaponChoiceShareWeight_Plus10Percent","Weapon slot score weights","WeaponChoiceShareWeight","Plus10Percent","Dynamic_Player_01_Ice_To_Forest_Ocean_Ice","Day39_IceDragonRematch","39","BossRecencyWeight","IceDragon","27","0.009291","4","0.125","0.001161","0.001161","TRUE"
"PCG_VFX_OAT_Sensitivity_20260826_153906","2026-08-26T15:39:06.2831112Z","WeaponChoiceShareWeight_Plus10Percent","Weapon slot score weights","WeaponChoiceShareWeight","Plus10Percent","Dynamic_Player_01_Ice_To_Forest_Ocean_Ice","Day39_IceDragonRematch","39","BossRecencyWeight","SeaTurtle","27","1","4","0.125","0.125","0.125","TRUE"
"PCG_VFX_OAT_Sensitivity_20260826_153906","2026-08-26T15:39:06.2831112Z","WeaponChoiceShareWeight_Plus10Percent","Weapon slot score weights","WeaponChoiceShareWeight","Plus10Percent","Dynamic_Player_01_Ice_To_Forest_Ocean_Ice","Day39_IceDragonRematch","39","RegionRecentVisit","ForestRuins","27","796.3264","20","0.659754","525.3795","525.3795","TRUE"
"PCG_VFX_OAT_Sensitivity_20260826_153906","2026-08-26T15:39:06.2831112Z","WeaponChoiceShareWeight_Plus10Percent","Weapon slot score weights","WeaponChoiceShareWeight","Plus10Percent","Dynamic_Player_01_Ice_To_Forest_Ocean_Ice","Day39_IceDragonRematch","39","RegionRecentVisit","OceanRuins","27","1188.3","20","0.659754","783.9857","783.9857","TRUE"
"PCG_VFX_OAT_Sensitivity_20260826_153906","2026-08-26T15:39:06.2831112Z","WeaponUseRateWeight_Minus10Percent","Weapon slot score weights","WeaponUseRateWeight","Minus10Percent","Dynamic_Player_01_Ice_To_Forest_Ocean_Ice","Day01_IceBaseline","1","WeaponEffectiveUse","Sword","0","360","15","0.954842","343.743","343.743","TRUE"
"PCG_VFX_OAT_Sensitivity_20260826_153906","2026-08-26T15:39:06.2831112Z","WeaponUseRateWeight_Minus10Percent","Weapon slot score weights","WeaponUseRateWeight","Minus10Percent","Dynamic_Player_01_Ice_To_Forest_Ocean_Ice","Day01_IceBaseline","1","BossRecencyWeight","IceDragon","0","1","4","0.840896","0.840896","0.840896","TRUE"
"PCG_VFX_OAT_Sensitivity_20260826_153906","2026-08-26T15:39:06.2831112Z","WeaponUseRateWeight_Minus10Percent","Weapon slot score weights","WeaponUseRateWeight","Minus10Percent","Dynamic_Player_01_Ice_To_Forest_Ocean_Ice","Day04_IceSettled","4","WeaponEffectiveUse","Sword","1","433.743","15","0.870551","377.5952","377.5952","TRUE"
"PCG_VFX_OAT_Sensitivity_20260826_153906","2026-08-26T15:39:06.2831112Z","WeaponUseRateWeight_Minus10Percent","Weapon slot score weights","WeaponUseRateWeight","Minus10Percent","Dynamic_Player_01_Ice_To_Forest_Ocean_Ice","Day04_IceSettled","4","BossRecencyWeight","IceDragon","1","0.840896","4","0.594604","0.5","0.5","TRUE"
"PCG_VFX_OAT_Sensitivity_20260826_153906","2026-08-26T15:39:06.2831112Z","WeaponUseRateWeight_Minus10Percent","Weapon slot score weights","WeaponUseRateWeight","Minus10Percent","Dynamic_Player_01_Ice_To_Forest_Ocean_Ice","Day08_ForestCommitment","8","WeaponEffectiveUse","Sword","4","487.5952","15","0.831238","405.3076","405.3076","TRUE"
"PCG_VFX_OAT_Sensitivity_20260826_153906","2026-08-26T15:39:06.2831112Z","WeaponUseRateWeight_Minus10Percent","Weapon slot score weights","WeaponUseRateWeight","Minus10Percent","Dynamic_Player_01_Ice_To_Forest_Ocean_Ice","Day08_ForestCommitment","8","BossRecencyWeight","IceDragon","4","0.5","4","0.5","0.25","0.25","TRUE"
"PCG_VFX_OAT_Sensitivity_20260826_153906","2026-08-26T15:39:06.2831112Z","WeaponUseRateWeight_Minus10Percent","Weapon slot score weights","WeaponUseRateWeight","Minus10Percent","Dynamic_Player_01_Ice_To_Forest_Ocean_Ice","Day14_ForestMastery","14","WeaponEffectiveUse","Sword","8","430.3076","15","0.757858","326.1122","326.1122","TRUE"
"PCG_VFX_OAT_Sensitivity_20260826_153906","2026-08-26T15:39:06.2831112Z","WeaponUseRateWeight_Minus10Percent","Weapon slot score weights","WeaponUseRateWeight","Minus10Percent","Dynamic_Player_01_Ice_To_Forest_Ocean_Ice","Day14_ForestMastery","14","WeaponEffectiveUse","Bow","8","300","15","0.757858","227.3575","227.3575","TRUE"
"PCG_VFX_OAT_Sensitivity_20260826_153906","2026-08-26T15:39:06.2831112Z","WeaponUseRateWeight_Minus10Percent","Weapon slot score weights","WeaponUseRateWeight","Minus10Percent","Dynamic_Player_01_Ice_To_Forest_Ocean_Ice","Day14_ForestMastery","14","BossRecencyWeight","IceDragon","8","0.25","4","0.353553","0.088388","0.088388","TRUE"
"PCG_VFX_OAT_Sensitivity_20260826_153906","2026-08-26T15:39:06.2831112Z","WeaponUseRateWeight_Minus10Percent","Weapon slot score weights","WeaponUseRateWeight","Minus10Percent","Dynamic_Player_01_Ice_To_Forest_Ocean_Ice","Day14_ForestMastery","14","RegionRecentVisit","ForestRuins","8","650","20","0.812252","527.9641","527.9641","TRUE"
"PCG_VFX_OAT_Sensitivity_20260826_153906","2026-08-26T15:39:06.2831112Z","WeaponUseRateWeight_Minus10Percent","Weapon slot score weights","WeaponUseRateWeight","Minus10Percent","Dynamic_Player_01_Ice_To_Forest_Ocean_Ice","Day20_OceanDiscovery","20","WeaponEffectiveUse","Sword","14","326.1122","15","0.757858","247.1468","247.1468","TRUE"
"PCG_VFX_OAT_Sensitivity_20260826_153906","2026-08-26T15:39:06.2831112Z","WeaponUseRateWeight_Minus10Percent","Weapon slot score weights","WeaponUseRateWeight","Minus10Percent","Dynamic_Player_01_Ice_To_Forest_Ocean_Ice","Day20_OceanDiscovery","20","WeaponEffectiveUse","Bow","14","587.3575","15","0.757858","445.1337","445.1337","TRUE"
"PCG_VFX_OAT_Sensitivity_20260826_153906","2026-08-26T15:39:06.2831112Z","WeaponUseRateWeight_Minus10Percent","Weapon slot score weights","WeaponUseRateWeight","Minus10Percent","Dynamic_Player_01_Ice_To_Forest_Ocean_Ice","Day20_OceanDiscovery","20","BossRecencyWeight","IceDragon","14","0.088388","4","0.353553","0.03125","0.03125","TRUE"
"PCG_VFX_OAT_Sensitivity_20260826_153906","2026-08-26T15:39:06.2831112Z","WeaponUseRateWeight_Minus10Percent","Weapon slot score weights","WeaponUseRateWeight","Minus10Percent","Dynamic_Player_01_Ice_To_Forest_Ocean_Ice","Day20_OceanDiscovery","20","RegionRecentVisit","ForestRuins","14","1027.964","20","0.812252","834.9663","834.9663","TRUE"
"PCG_VFX_OAT_Sensitivity_20260826_153906","2026-08-26T15:39:06.2831112Z","WeaponUseRateWeight_Minus10Percent","Weapon slot score weights","WeaponUseRateWeight","Minus10Percent","Dynamic_Player_01_Ice_To_Forest_Ocean_Ice","Day27_SeaTurtleDefeat","27","WeaponEffectiveUse","Sword","20","247.1468","15","0.723635","178.844","178.844","TRUE"
"PCG_VFX_OAT_Sensitivity_20260826_153906","2026-08-26T15:39:06.2831112Z","WeaponUseRateWeight_Minus10Percent","Weapon slot score weights","WeaponUseRateWeight","Minus10Percent","Dynamic_Player_01_Ice_To_Forest_Ocean_Ice","Day27_SeaTurtleDefeat","27","WeaponEffectiveUse","Bow","20","595.1337","15","0.723635","430.6594","430.6594","TRUE"
"PCG_VFX_OAT_Sensitivity_20260826_153906","2026-08-26T15:39:06.2831112Z","WeaponUseRateWeight_Minus10Percent","Weapon slot score weights","WeaponUseRateWeight","Minus10Percent","Dynamic_Player_01_Ice_To_Forest_Ocean_Ice","Day27_SeaTurtleDefeat","27","BossRecencyWeight","IceDragon","20","0.03125","4","0.297302","0.009291","0.009291","TRUE"
"PCG_VFX_OAT_Sensitivity_20260826_153906","2026-08-26T15:39:06.2831112Z","WeaponUseRateWeight_Minus10Percent","Weapon slot score weights","WeaponUseRateWeight","Minus10Percent","Dynamic_Player_01_Ice_To_Forest_Ocean_Ice","Day27_SeaTurtleDefeat","27","RegionRecentVisit","ForestRuins","20","1014.966","20","0.784584","796.3264","796.3264","TRUE"
"PCG_VFX_OAT_Sensitivity_20260826_153906","2026-08-26T15:39:06.2831112Z","WeaponUseRateWeight_Minus10Percent","Weapon slot score weights","WeaponUseRateWeight","Minus10Percent","Dynamic_Player_01_Ice_To_Forest_Ocean_Ice","Day27_SeaTurtleDefeat","27","RegionRecentVisit","OceanRuins","20","240","20","0.784584","188.3002","188.3002","TRUE"
"PCG_VFX_OAT_Sensitivity_20260826_153906","2026-08-26T15:39:06.2831112Z","WeaponUseRateWeight_Minus10Percent","Weapon slot score weights","WeaponUseRateWeight","Minus10Percent","Dynamic_Player_01_Ice_To_Forest_Ocean_Ice","Day39_IceDragonRematch","39","WeaponEffectiveUse","Sword","27","178.844","15","0.574349","102.7189","102.7189","TRUE"
"PCG_VFX_OAT_Sensitivity_20260826_153906","2026-08-26T15:39:06.2831112Z","WeaponUseRateWeight_Minus10Percent","Weapon slot score weights","WeaponUseRateWeight","Minus10Percent","Dynamic_Player_01_Ice_To_Forest_Ocean_Ice","Day39_IceDragonRematch","39","WeaponEffectiveUse","Bow","27","550.6594","15","0.574349","316.2708","316.2708","TRUE"
"PCG_VFX_OAT_Sensitivity_20260826_153906","2026-08-26T15:39:06.2831112Z","WeaponUseRateWeight_Minus10Percent","Weapon slot score weights","WeaponUseRateWeight","Minus10Percent","Dynamic_Player_01_Ice_To_Forest_Ocean_Ice","Day39_IceDragonRematch","39","BossRecencyWeight","IceDragon","27","0.009291","4","0.125","0.001161","0.001161","TRUE"
"PCG_VFX_OAT_Sensitivity_20260826_153906","2026-08-26T15:39:06.2831112Z","WeaponUseRateWeight_Minus10Percent","Weapon slot score weights","WeaponUseRateWeight","Minus10Percent","Dynamic_Player_01_Ice_To_Forest_Ocean_Ice","Day39_IceDragonRematch","39","BossRecencyWeight","SeaTurtle","27","1","4","0.125","0.125","0.125","TRUE"
"PCG_VFX_OAT_Sensitivity_20260826_153906","2026-08-26T15:39:06.2831112Z","WeaponUseRateWeight_Minus10Percent","Weapon slot score weights","WeaponUseRateWeight","Minus10Percent","Dynamic_Player_01_Ice_To_Forest_Ocean_Ice","Day39_IceDragonRematch","39","RegionRecentVisit","ForestRuins","27","796.3264","20","0.659754","525.3795","525.3795","TRUE"
"PCG_VFX_OAT_Sensitivity_20260826_153906","2026-08-26T15:39:06.2831112Z","WeaponUseRateWeight_Minus10Percent","Weapon slot score weights","WeaponUseRateWeight","Minus10Percent","Dynamic_Player_01_Ice_To_Forest_Ocean_Ice","Day39_IceDragonRematch","39","RegionRecentVisit","OceanRuins","27","1188.3","20","0.659754","783.9857","783.9857","TRUE"
"PCG_VFX_OAT_Sensitivity_20260826_153906","2026-08-26T15:39:06.2831112Z","WeaponUseRateWeight_Plus10Percent","Weapon slot score weights","WeaponUseRateWeight","Plus10Percent","Dynamic_Player_01_Ice_To_Forest_Ocean_Ice","Day01_IceBaseline","1","WeaponEffectiveUse","Sword","0","360","15","0.954842","343.743","343.743","TRUE"
"PCG_VFX_OAT_Sensitivity_20260826_153906","2026-08-26T15:39:06.2831112Z","WeaponUseRateWeight_Plus10Percent","Weapon slot score weights","WeaponUseRateWeight","Plus10Percent","Dynamic_Player_01_Ice_To_Forest_Ocean_Ice","Day01_IceBaseline","1","BossRecencyWeight","IceDragon","0","1","4","0.840896","0.840896","0.840896","TRUE"
"PCG_VFX_OAT_Sensitivity_20260826_153906","2026-08-26T15:39:06.2831112Z","WeaponUseRateWeight_Plus10Percent","Weapon slot score weights","WeaponUseRateWeight","Plus10Percent","Dynamic_Player_01_Ice_To_Forest_Ocean_Ice","Day04_IceSettled","4","WeaponEffectiveUse","Sword","1","433.743","15","0.870551","377.5952","377.5952","TRUE"
"PCG_VFX_OAT_Sensitivity_20260826_153906","2026-08-26T15:39:06.2831112Z","WeaponUseRateWeight_Plus10Percent","Weapon slot score weights","WeaponUseRateWeight","Plus10Percent","Dynamic_Player_01_Ice_To_Forest_Ocean_Ice","Day04_IceSettled","4","BossRecencyWeight","IceDragon","1","0.840896","4","0.594604","0.5","0.5","TRUE"
"PCG_VFX_OAT_Sensitivity_20260826_153906","2026-08-26T15:39:06.2831112Z","WeaponUseRateWeight_Plus10Percent","Weapon slot score weights","WeaponUseRateWeight","Plus10Percent","Dynamic_Player_01_Ice_To_Forest_Ocean_Ice","Day08_ForestCommitment","8","WeaponEffectiveUse","Sword","4","487.5952","15","0.831238","405.3076","405.3076","TRUE"
"PCG_VFX_OAT_Sensitivity_20260826_153906","2026-08-26T15:39:06.2831112Z","WeaponUseRateWeight_Plus10Percent","Weapon slot score weights","WeaponUseRateWeight","Plus10Percent","Dynamic_Player_01_Ice_To_Forest_Ocean_Ice","Day08_ForestCommitment","8","BossRecencyWeight","IceDragon","4","0.5","4","0.5","0.25","0.25","TRUE"
"PCG_VFX_OAT_Sensitivity_20260826_153906","2026-08-26T15:39:06.2831112Z","WeaponUseRateWeight_Plus10Percent","Weapon slot score weights","WeaponUseRateWeight","Plus10Percent","Dynamic_Player_01_Ice_To_Forest_Ocean_Ice","Day14_ForestMastery","14","WeaponEffectiveUse","Sword","8","430.3076","15","0.757858","326.1122","326.1122","TRUE"
"PCG_VFX_OAT_Sensitivity_20260826_153906","2026-08-26T15:39:06.2831112Z","WeaponUseRateWeight_Plus10Percent","Weapon slot score weights","WeaponUseRateWeight","Plus10Percent","Dynamic_Player_01_Ice_To_Forest_Ocean_Ice","Day14_ForestMastery","14","WeaponEffectiveUse","Bow","8","300","15","0.757858","227.3575","227.3575","TRUE"
"PCG_VFX_OAT_Sensitivity_20260826_153906","2026-08-26T15:39:06.2831112Z","WeaponUseRateWeight_Plus10Percent","Weapon slot score weights","WeaponUseRateWeight","Plus10Percent","Dynamic_Player_01_Ice_To_Forest_Ocean_Ice","Day14_ForestMastery","14","BossRecencyWeight","IceDragon","8","0.25","4","0.353553","0.088388","0.088388","TRUE"
"PCG_VFX_OAT_Sensitivity_20260826_153906","2026-08-26T15:39:06.2831112Z","WeaponUseRateWeight_Plus10Percent","Weapon slot score weights","WeaponUseRateWeight","Plus10Percent","Dynamic_Player_01_Ice_To_Forest_Ocean_Ice","Day14_ForestMastery","14","RegionRecentVisit","ForestRuins","8","650","20","0.812252","527.9641","527.9641","TRUE"
"PCG_VFX_OAT_Sensitivity_20260826_153906","2026-08-26T15:39:06.2831112Z","WeaponUseRateWeight_Plus10Percent","Weapon slot score weights","WeaponUseRateWeight","Plus10Percent","Dynamic_Player_01_Ice_To_Forest_Ocean_Ice","Day20_OceanDiscovery","20","WeaponEffectiveUse","Sword","14","326.1122","15","0.757858","247.1468","247.1468","TRUE"
"PCG_VFX_OAT_Sensitivity_20260826_153906","2026-08-26T15:39:06.2831112Z","WeaponUseRateWeight_Plus10Percent","Weapon slot score weights","WeaponUseRateWeight","Plus10Percent","Dynamic_Player_01_Ice_To_Forest_Ocean_Ice","Day20_OceanDiscovery","20","WeaponEffectiveUse","Bow","14","587.3575","15","0.757858","445.1337","445.1337","TRUE"
"PCG_VFX_OAT_Sensitivity_20260826_153906","2026-08-26T15:39:06.2831112Z","WeaponUseRateWeight_Plus10Percent","Weapon slot score weights","WeaponUseRateWeight","Plus10Percent","Dynamic_Player_01_Ice_To_Forest_Ocean_Ice","Day20_OceanDiscovery","20","BossRecencyWeight","IceDragon","14","0.088388","4","0.353553","0.03125","0.03125","TRUE"
"PCG_VFX_OAT_Sensitivity_20260826_153906","2026-08-26T15:39:06.2831112Z","WeaponUseRateWeight_Plus10Percent","Weapon slot score weights","WeaponUseRateWeight","Plus10Percent","Dynamic_Player_01_Ice_To_Forest_Ocean_Ice","Day20_OceanDiscovery","20","RegionRecentVisit","ForestRuins","14","1027.964","20","0.812252","834.9663","834.9663","TRUE"
"PCG_VFX_OAT_Sensitivity_20260826_153906","2026-08-26T15:39:06.2831112Z","WeaponUseRateWeight_Plus10Percent","Weapon slot score weights","WeaponUseRateWeight","Plus10Percent","Dynamic_Player_01_Ice_To_Forest_Ocean_Ice","Day27_SeaTurtleDefeat","27","WeaponEffectiveUse","Sword","20","247.1468","15","0.723635","178.844","178.844","TRUE"
"PCG_VFX_OAT_Sensitivity_20260826_153906","2026-08-26T15:39:06.2831112Z","WeaponUseRateWeight_Plus10Percent","Weapon slot score weights","WeaponUseRateWeight","Plus10Percent","Dynamic_Player_01_Ice_To_Forest_Ocean_Ice","Day27_SeaTurtleDefeat","27","WeaponEffectiveUse","Bow","20","595.1337","15","0.723635","430.6594","430.6594","TRUE"
"PCG_VFX_OAT_Sensitivity_20260826_153906","2026-08-26T15:39:06.2831112Z","WeaponUseRateWeight_Plus10Percent","Weapon slot score weights","WeaponUseRateWeight","Plus10Percent","Dynamic_Player_01_Ice_To_Forest_Ocean_Ice","Day27_SeaTurtleDefeat","27","BossRecencyWeight","IceDragon","20","0.03125","4","0.297302","0.009291","0.009291","TRUE"
"PCG_VFX_OAT_Sensitivity_20260826_153906","2026-08-26T15:39:06.2831112Z","WeaponUseRateWeight_Plus10Percent","Weapon slot score weights","WeaponUseRateWeight","Plus10Percent","Dynamic_Player_01_Ice_To_Forest_Ocean_Ice","Day27_SeaTurtleDefeat","27","RegionRecentVisit","ForestRuins","20","1014.966","20","0.784584","796.3264","796.3264","TRUE"
"PCG_VFX_OAT_Sensitivity_20260826_153906","2026-08-26T15:39:06.2831112Z","WeaponUseRateWeight_Plus10Percent","Weapon slot score weights","WeaponUseRateWeight","Plus10Percent","Dynamic_Player_01_Ice_To_Forest_Ocean_Ice","Day27_SeaTurtleDefeat","27","RegionRecentVisit","OceanRuins","20","240","20","0.784584","188.3002","188.3002","TRUE"
"PCG_VFX_OAT_Sensitivity_20260826_153906","2026-08-26T15:39:06.2831112Z","WeaponUseRateWeight_Plus10Percent","Weapon slot score weights","WeaponUseRateWeight","Plus10Percent","Dynamic_Player_01_Ice_To_Forest_Ocean_Ice","Day39_IceDragonRematch","39","WeaponEffectiveUse","Sword","27","178.844","15","0.574349","102.7189","102.7189","TRUE"
"PCG_VFX_OAT_Sensitivity_20260826_153906","2026-08-26T15:39:06.2831112Z","WeaponUseRateWeight_Plus10Percent","Weapon slot score weights","WeaponUseRateWeight","Plus10Percent","Dynamic_Player_01_Ice_To_Forest_Ocean_Ice","Day39_IceDragonRematch","39","WeaponEffectiveUse","Bow","27","550.6594","15","0.574349","316.2708","316.2708","TRUE"
"PCG_VFX_OAT_Sensitivity_20260826_153906","2026-08-26T15:39:06.2831112Z","WeaponUseRateWeight_Plus10Percent","Weapon slot score weights","WeaponUseRateWeight","Plus10Percent","Dynamic_Player_01_Ice_To_Forest_Ocean_Ice","Day39_IceDragonRematch","39","BossRecencyWeight","IceDragon","27","0.009291","4","0.125","0.001161","0.001161","TRUE"
"PCG_VFX_OAT_Sensitivity_20260826_153906","2026-08-26T15:39:06.2831112Z","WeaponUseRateWeight_Plus10Percent","Weapon slot score weights","WeaponUseRateWeight","Plus10Percent","Dynamic_Player_01_Ice_To_Forest_Ocean_Ice","Day39_IceDragonRematch","39","BossRecencyWeight","SeaTurtle","27","1","4","0.125","0.125","0.125","TRUE"
"PCG_VFX_OAT_Sensitivity_20260826_153906","2026-08-26T15:39:06.2831112Z","WeaponUseRateWeight_Plus10Percent","Weapon slot score weights","WeaponUseRateWeight","Plus10Percent","Dynamic_Player_01_Ice_To_Forest_Ocean_Ice","Day39_IceDragonRematch","39","RegionRecentVisit","ForestRuins","27","796.3264","20","0.659754","525.3795","525.3795","TRUE"
"PCG_VFX_OAT_Sensitivity_20260826_153906","2026-08-26T15:39:06.2831112Z","WeaponUseRateWeight_Plus10Percent","Weapon slot score weights","WeaponUseRateWeight","Plus10Percent","Dynamic_Player_01_Ice_To_Forest_Ocean_Ice","Day39_IceDragonRematch","39","RegionRecentVisit","OceanRuins","27","1188.3","20","0.659754","783.9857","783.9857","TRUE"
"PCG_VFX_OAT_Sensitivity_20260826_153906","2026-08-26T15:39:06.2831112Z","WeaponInvestmentShareWeight_Minus10Percent","Weapon slot score weights","WeaponInvestmentShareWeight","Minus10Percent","Dynamic_Player_01_Ice_To_Forest_Ocean_Ice","Day01_IceBaseline","1","WeaponEffectiveUse","Sword","0","360","15","0.954842","343.743","343.743","TRUE"
"PCG_VFX_OAT_Sensitivity_20260826_153906","2026-08-26T15:39:06.2831112Z","WeaponInvestmentShareWeight_Minus10Percent","Weapon slot score weights","WeaponInvestmentShareWeight","Minus10Percent","Dynamic_Player_01_Ice_To_Forest_Ocean_Ice","Day01_IceBaseline","1","BossRecencyWeight","IceDragon","0","1","4","0.840896","0.840896","0.840896","TRUE"
"PCG_VFX_OAT_Sensitivity_20260826_153906","2026-08-26T15:39:06.2831112Z","WeaponInvestmentShareWeight_Minus10Percent","Weapon slot score weights","WeaponInvestmentShareWeight","Minus10Percent","Dynamic_Player_01_Ice_To_Forest_Ocean_Ice","Day04_IceSettled","4","WeaponEffectiveUse","Sword","1","433.743","15","0.870551","377.5952","377.5952","TRUE"
"PCG_VFX_OAT_Sensitivity_20260826_153906","2026-08-26T15:39:06.2831112Z","WeaponInvestmentShareWeight_Minus10Percent","Weapon slot score weights","WeaponInvestmentShareWeight","Minus10Percent","Dynamic_Player_01_Ice_To_Forest_Ocean_Ice","Day04_IceSettled","4","BossRecencyWeight","IceDragon","1","0.840896","4","0.594604","0.5","0.5","TRUE"
"PCG_VFX_OAT_Sensitivity_20260826_153906","2026-08-26T15:39:06.2831112Z","WeaponInvestmentShareWeight_Minus10Percent","Weapon slot score weights","WeaponInvestmentShareWeight","Minus10Percent","Dynamic_Player_01_Ice_To_Forest_Ocean_Ice","Day08_ForestCommitment","8","WeaponEffectiveUse","Sword","4","487.5952","15","0.831238","405.3076","405.3076","TRUE"
"PCG_VFX_OAT_Sensitivity_20260826_153906","2026-08-26T15:39:06.2831112Z","WeaponInvestmentShareWeight_Minus10Percent","Weapon slot score weights","WeaponInvestmentShareWeight","Minus10Percent","Dynamic_Player_01_Ice_To_Forest_Ocean_Ice","Day08_ForestCommitment","8","BossRecencyWeight","IceDragon","4","0.5","4","0.5","0.25","0.25","TRUE"
"PCG_VFX_OAT_Sensitivity_20260826_153906","2026-08-26T15:39:06.2831112Z","WeaponInvestmentShareWeight_Minus10Percent","Weapon slot score weights","WeaponInvestmentShareWeight","Minus10Percent","Dynamic_Player_01_Ice_To_Forest_Ocean_Ice","Day14_ForestMastery","14","WeaponEffectiveUse","Sword","8","430.3076","15","0.757858","326.1122","326.1122","TRUE"
"PCG_VFX_OAT_Sensitivity_20260826_153906","2026-08-26T15:39:06.2831112Z","WeaponInvestmentShareWeight_Minus10Percent","Weapon slot score weights","WeaponInvestmentShareWeight","Minus10Percent","Dynamic_Player_01_Ice_To_Forest_Ocean_Ice","Day14_ForestMastery","14","WeaponEffectiveUse","Bow","8","300","15","0.757858","227.3575","227.3575","TRUE"
"PCG_VFX_OAT_Sensitivity_20260826_153906","2026-08-26T15:39:06.2831112Z","WeaponInvestmentShareWeight_Minus10Percent","Weapon slot score weights","WeaponInvestmentShareWeight","Minus10Percent","Dynamic_Player_01_Ice_To_Forest_Ocean_Ice","Day14_ForestMastery","14","BossRecencyWeight","IceDragon","8","0.25","4","0.353553","0.088388","0.088388","TRUE"
"PCG_VFX_OAT_Sensitivity_20260826_153906","2026-08-26T15:39:06.2831112Z","WeaponInvestmentShareWeight_Minus10Percent","Weapon slot score weights","WeaponInvestmentShareWeight","Minus10Percent","Dynamic_Player_01_Ice_To_Forest_Ocean_Ice","Day14_ForestMastery","14","RegionRecentVisit","ForestRuins","8","650","20","0.812252","527.9641","527.9641","TRUE"
"PCG_VFX_OAT_Sensitivity_20260826_153906","2026-08-26T15:39:06.2831112Z","WeaponInvestmentShareWeight_Minus10Percent","Weapon slot score weights","WeaponInvestmentShareWeight","Minus10Percent","Dynamic_Player_01_Ice_To_Forest_Ocean_Ice","Day20_OceanDiscovery","20","WeaponEffectiveUse","Sword","14","326.1122","15","0.757858","247.1468","247.1468","TRUE"
"PCG_VFX_OAT_Sensitivity_20260826_153906","2026-08-26T15:39:06.2831112Z","WeaponInvestmentShareWeight_Minus10Percent","Weapon slot score weights","WeaponInvestmentShareWeight","Minus10Percent","Dynamic_Player_01_Ice_To_Forest_Ocean_Ice","Day20_OceanDiscovery","20","WeaponEffectiveUse","Bow","14","587.3575","15","0.757858","445.1337","445.1337","TRUE"
"PCG_VFX_OAT_Sensitivity_20260826_153906","2026-08-26T15:39:06.2831112Z","WeaponInvestmentShareWeight_Minus10Percent","Weapon slot score weights","WeaponInvestmentShareWeight","Minus10Percent","Dynamic_Player_01_Ice_To_Forest_Ocean_Ice","Day20_OceanDiscovery","20","BossRecencyWeight","IceDragon","14","0.088388","4","0.353553","0.03125","0.03125","TRUE"
"PCG_VFX_OAT_Sensitivity_20260826_153906","2026-08-26T15:39:06.2831112Z","WeaponInvestmentShareWeight_Minus10Percent","Weapon slot score weights","WeaponInvestmentShareWeight","Minus10Percent","Dynamic_Player_01_Ice_To_Forest_Ocean_Ice","Day20_OceanDiscovery","20","RegionRecentVisit","ForestRuins","14","1027.964","20","0.812252","834.9663","834.9663","TRUE"
"PCG_VFX_OAT_Sensitivity_20260826_153906","2026-08-26T15:39:06.2831112Z","WeaponInvestmentShareWeight_Minus10Percent","Weapon slot score weights","WeaponInvestmentShareWeight","Minus10Percent","Dynamic_Player_01_Ice_To_Forest_Ocean_Ice","Day27_SeaTurtleDefeat","27","WeaponEffectiveUse","Sword","20","247.1468","15","0.723635","178.844","178.844","TRUE"
"PCG_VFX_OAT_Sensitivity_20260826_153906","2026-08-26T15:39:06.2831112Z","WeaponInvestmentShareWeight_Minus10Percent","Weapon slot score weights","WeaponInvestmentShareWeight","Minus10Percent","Dynamic_Player_01_Ice_To_Forest_Ocean_Ice","Day27_SeaTurtleDefeat","27","WeaponEffectiveUse","Bow","20","595.1337","15","0.723635","430.6594","430.6594","TRUE"
"PCG_VFX_OAT_Sensitivity_20260826_153906","2026-08-26T15:39:06.2831112Z","WeaponInvestmentShareWeight_Minus10Percent","Weapon slot score weights","WeaponInvestmentShareWeight","Minus10Percent","Dynamic_Player_01_Ice_To_Forest_Ocean_Ice","Day27_SeaTurtleDefeat","27","BossRecencyWeight","IceDragon","20","0.03125","4","0.297302","0.009291","0.009291","TRUE"
"PCG_VFX_OAT_Sensitivity_20260826_153906","2026-08-26T15:39:06.2831112Z","WeaponInvestmentShareWeight_Minus10Percent","Weapon slot score weights","WeaponInvestmentShareWeight","Minus10Percent","Dynamic_Player_01_Ice_To_Forest_Ocean_Ice","Day27_SeaTurtleDefeat","27","RegionRecentVisit","ForestRuins","20","1014.966","20","0.784584","796.3264","796.3264","TRUE"
"PCG_VFX_OAT_Sensitivity_20260826_153906","2026-08-26T15:39:06.2831112Z","WeaponInvestmentShareWeight_Minus10Percent","Weapon slot score weights","WeaponInvestmentShareWeight","Minus10Percent","Dynamic_Player_01_Ice_To_Forest_Ocean_Ice","Day27_SeaTurtleDefeat","27","RegionRecentVisit","OceanRuins","20","240","20","0.784584","188.3002","188.3002","TRUE"
"PCG_VFX_OAT_Sensitivity_20260826_153906","2026-08-26T15:39:06.2831112Z","WeaponInvestmentShareWeight_Minus10Percent","Weapon slot score weights","WeaponInvestmentShareWeight","Minus10Percent","Dynamic_Player_01_Ice_To_Forest_Ocean_Ice","Day39_IceDragonRematch","39","WeaponEffectiveUse","Sword","27","178.844","15","0.574349","102.7189","102.7189","TRUE"
"PCG_VFX_OAT_Sensitivity_20260826_153906","2026-08-26T15:39:06.2831112Z","WeaponInvestmentShareWeight_Minus10Percent","Weapon slot score weights","WeaponInvestmentShareWeight","Minus10Percent","Dynamic_Player_01_Ice_To_Forest_Ocean_Ice","Day39_IceDragonRematch","39","WeaponEffectiveUse","Bow","27","550.6594","15","0.574349","316.2708","316.2708","TRUE"
"PCG_VFX_OAT_Sensitivity_20260826_153906","2026-08-26T15:39:06.2831112Z","WeaponInvestmentShareWeight_Minus10Percent","Weapon slot score weights","WeaponInvestmentShareWeight","Minus10Percent","Dynamic_Player_01_Ice_To_Forest_Ocean_Ice","Day39_IceDragonRematch","39","BossRecencyWeight","IceDragon","27","0.009291","4","0.125","0.001161","0.001161","TRUE"
"PCG_VFX_OAT_Sensitivity_20260826_153906","2026-08-26T15:39:06.2831112Z","WeaponInvestmentShareWeight_Minus10Percent","Weapon slot score weights","WeaponInvestmentShareWeight","Minus10Percent","Dynamic_Player_01_Ice_To_Forest_Ocean_Ice","Day39_IceDragonRematch","39","BossRecencyWeight","SeaTurtle","27","1","4","0.125","0.125","0.125","TRUE"
"PCG_VFX_OAT_Sensitivity_20260826_153906","2026-08-26T15:39:06.2831112Z","WeaponInvestmentShareWeight_Minus10Percent","Weapon slot score weights","WeaponInvestmentShareWeight","Minus10Percent","Dynamic_Player_01_Ice_To_Forest_Ocean_Ice","Day39_IceDragonRematch","39","RegionRecentVisit","ForestRuins","27","796.3264","20","0.659754","525.3795","525.3795","TRUE"
"PCG_VFX_OAT_Sensitivity_20260826_153906","2026-08-26T15:39:06.2831112Z","WeaponInvestmentShareWeight_Minus10Percent","Weapon slot score weights","WeaponInvestmentShareWeight","Minus10Percent","Dynamic_Player_01_Ice_To_Forest_Ocean_Ice","Day39_IceDragonRematch","39","RegionRecentVisit","OceanRuins","27","1188.3","20","0.659754","783.9857","783.9857","TRUE"
"PCG_VFX_OAT_Sensitivity_20260826_153906","2026-08-26T15:39:06.2831112Z","WeaponInvestmentShareWeight_Plus10Percent","Weapon slot score weights","WeaponInvestmentShareWeight","Plus10Percent","Dynamic_Player_01_Ice_To_Forest_Ocean_Ice","Day01_IceBaseline","1","WeaponEffectiveUse","Sword","0","360","15","0.954842","343.743","343.743","TRUE"
"PCG_VFX_OAT_Sensitivity_20260826_153906","2026-08-26T15:39:06.2831112Z","WeaponInvestmentShareWeight_Plus10Percent","Weapon slot score weights","WeaponInvestmentShareWeight","Plus10Percent","Dynamic_Player_01_Ice_To_Forest_Ocean_Ice","Day01_IceBaseline","1","BossRecencyWeight","IceDragon","0","1","4","0.840896","0.840896","0.840896","TRUE"
"PCG_VFX_OAT_Sensitivity_20260826_153906","2026-08-26T15:39:06.2831112Z","WeaponInvestmentShareWeight_Plus10Percent","Weapon slot score weights","WeaponInvestmentShareWeight","Plus10Percent","Dynamic_Player_01_Ice_To_Forest_Ocean_Ice","Day04_IceSettled","4","WeaponEffectiveUse","Sword","1","433.743","15","0.870551","377.5952","377.5952","TRUE"
"PCG_VFX_OAT_Sensitivity_20260826_153906","2026-08-26T15:39:06.2831112Z","WeaponInvestmentShareWeight_Plus10Percent","Weapon slot score weights","WeaponInvestmentShareWeight","Plus10Percent","Dynamic_Player_01_Ice_To_Forest_Ocean_Ice","Day04_IceSettled","4","BossRecencyWeight","IceDragon","1","0.840896","4","0.594604","0.5","0.5","TRUE"
"PCG_VFX_OAT_Sensitivity_20260826_153906","2026-08-26T15:39:06.2831112Z","WeaponInvestmentShareWeight_Plus10Percent","Weapon slot score weights","WeaponInvestmentShareWeight","Plus10Percent","Dynamic_Player_01_Ice_To_Forest_Ocean_Ice","Day08_ForestCommitment","8","WeaponEffectiveUse","Sword","4","487.5952","15","0.831238","405.3076","405.3076","TRUE"
"PCG_VFX_OAT_Sensitivity_20260826_153906","2026-08-26T15:39:06.2831112Z","WeaponInvestmentShareWeight_Plus10Percent","Weapon slot score weights","WeaponInvestmentShareWeight","Plus10Percent","Dynamic_Player_01_Ice_To_Forest_Ocean_Ice","Day08_ForestCommitment","8","BossRecencyWeight","IceDragon","4","0.5","4","0.5","0.25","0.25","TRUE"
"PCG_VFX_OAT_Sensitivity_20260826_153906","2026-08-26T15:39:06.2831112Z","WeaponInvestmentShareWeight_Plus10Percent","Weapon slot score weights","WeaponInvestmentShareWeight","Plus10Percent","Dynamic_Player_01_Ice_To_Forest_Ocean_Ice","Day14_ForestMastery","14","WeaponEffectiveUse","Sword","8","430.3076","15","0.757858","326.1122","326.1122","TRUE"
"PCG_VFX_OAT_Sensitivity_20260826_153906","2026-08-26T15:39:06.2831112Z","WeaponInvestmentShareWeight_Plus10Percent","Weapon slot score weights","WeaponInvestmentShareWeight","Plus10Percent","Dynamic_Player_01_Ice_To_Forest_Ocean_Ice","Day14_ForestMastery","14","WeaponEffectiveUse","Bow","8","300","15","0.757858","227.3575","227.3575","TRUE"
"PCG_VFX_OAT_Sensitivity_20260826_153906","2026-08-26T15:39:06.2831112Z","WeaponInvestmentShareWeight_Plus10Percent","Weapon slot score weights","WeaponInvestmentShareWeight","Plus10Percent","Dynamic_Player_01_Ice_To_Forest_Ocean_Ice","Day14_ForestMastery","14","BossRecencyWeight","IceDragon","8","0.25","4","0.353553","0.088388","0.088388","TRUE"
"PCG_VFX_OAT_Sensitivity_20260826_153906","2026-08-26T15:39:06.2831112Z","WeaponInvestmentShareWeight_Plus10Percent","Weapon slot score weights","WeaponInvestmentShareWeight","Plus10Percent","Dynamic_Player_01_Ice_To_Forest_Ocean_Ice","Day14_ForestMastery","14","RegionRecentVisit","ForestRuins","8","650","20","0.812252","527.9641","527.9641","TRUE"
"PCG_VFX_OAT_Sensitivity_20260826_153906","2026-08-26T15:39:06.2831112Z","WeaponInvestmentShareWeight_Plus10Percent","Weapon slot score weights","WeaponInvestmentShareWeight","Plus10Percent","Dynamic_Player_01_Ice_To_Forest_Ocean_Ice","Day20_OceanDiscovery","20","WeaponEffectiveUse","Sword","14","326.1122","15","0.757858","247.1468","247.1468","TRUE"
"PCG_VFX_OAT_Sensitivity_20260826_153906","2026-08-26T15:39:06.2831112Z","WeaponInvestmentShareWeight_Plus10Percent","Weapon slot score weights","WeaponInvestmentShareWeight","Plus10Percent","Dynamic_Player_01_Ice_To_Forest_Ocean_Ice","Day20_OceanDiscovery","20","WeaponEffectiveUse","Bow","14","587.3575","15","0.757858","445.1337","445.1337","TRUE"
"PCG_VFX_OAT_Sensitivity_20260826_153906","2026-08-26T15:39:06.2831112Z","WeaponInvestmentShareWeight_Plus10Percent","Weapon slot score weights","WeaponInvestmentShareWeight","Plus10Percent","Dynamic_Player_01_Ice_To_Forest_Ocean_Ice","Day20_OceanDiscovery","20","BossRecencyWeight","IceDragon","14","0.088388","4","0.353553","0.03125","0.03125","TRUE"
"PCG_VFX_OAT_Sensitivity_20260826_153906","2026-08-26T15:39:06.2831112Z","WeaponInvestmentShareWeight_Plus10Percent","Weapon slot score weights","WeaponInvestmentShareWeight","Plus10Percent","Dynamic_Player_01_Ice_To_Forest_Ocean_Ice","Day20_OceanDiscovery","20","RegionRecentVisit","ForestRuins","14","1027.964","20","0.812252","834.9663","834.9663","TRUE"
"PCG_VFX_OAT_Sensitivity_20260826_153906","2026-08-26T15:39:06.2831112Z","WeaponInvestmentShareWeight_Plus10Percent","Weapon slot score weights","WeaponInvestmentShareWeight","Plus10Percent","Dynamic_Player_01_Ice_To_Forest_Ocean_Ice","Day27_SeaTurtleDefeat","27","WeaponEffectiveUse","Sword","20","247.1468","15","0.723635","178.844","178.844","TRUE"
"PCG_VFX_OAT_Sensitivity_20260826_153906","2026-08-26T15:39:06.2831112Z","WeaponInvestmentShareWeight_Plus10Percent","Weapon slot score weights","WeaponInvestmentShareWeight","Plus10Percent","Dynamic_Player_01_Ice_To_Forest_Ocean_Ice","Day27_SeaTurtleDefeat","27","WeaponEffectiveUse","Bow","20","595.1337","15","0.723635","430.6594","430.6594","TRUE"
"PCG_VFX_OAT_Sensitivity_20260826_153906","2026-08-26T15:39:06.2831112Z","WeaponInvestmentShareWeight_Plus10Percent","Weapon slot score weights","WeaponInvestmentShareWeight","Plus10Percent","Dynamic_Player_01_Ice_To_Forest_Ocean_Ice","Day27_SeaTurtleDefeat","27","BossRecencyWeight","IceDragon","20","0.03125","4","0.297302","0.009291","0.009291","TRUE"
"PCG_VFX_OAT_Sensitivity_20260826_153906","2026-08-26T15:39:06.2831112Z","WeaponInvestmentShareWeight_Plus10Percent","Weapon slot score weights","WeaponInvestmentShareWeight","Plus10Percent","Dynamic_Player_01_Ice_To_Forest_Ocean_Ice","Day27_SeaTurtleDefeat","27","RegionRecentVisit","ForestRuins","20","1014.966","20","0.784584","796.3264","796.3264","TRUE"
"PCG_VFX_OAT_Sensitivity_20260826_153906","2026-08-26T15:39:06.2831112Z","WeaponInvestmentShareWeight_Plus10Percent","Weapon slot score weights","WeaponInvestmentShareWeight","Plus10Percent","Dynamic_Player_01_Ice_To_Forest_Ocean_Ice","Day27_SeaTurtleDefeat","27","RegionRecentVisit","OceanRuins","20","240","20","0.784584","188.3002","188.3002","TRUE"
"PCG_VFX_OAT_Sensitivity_20260826_153906","2026-08-26T15:39:06.2831112Z","WeaponInvestmentShareWeight_Plus10Percent","Weapon slot score weights","WeaponInvestmentShareWeight","Plus10Percent","Dynamic_Player_01_Ice_To_Forest_Ocean_Ice","Day39_IceDragonRematch","39","WeaponEffectiveUse","Sword","27","178.844","15","0.574349","102.7189","102.7189","TRUE"
"PCG_VFX_OAT_Sensitivity_20260826_153906","2026-08-26T15:39:06.2831112Z","WeaponInvestmentShareWeight_Plus10Percent","Weapon slot score weights","WeaponInvestmentShareWeight","Plus10Percent","Dynamic_Player_01_Ice_To_Forest_Ocean_Ice","Day39_IceDragonRematch","39","WeaponEffectiveUse","Bow","27","550.6594","15","0.574349","316.2708","316.2708","TRUE"
"PCG_VFX_OAT_Sensitivity_20260826_153906","2026-08-26T15:39:06.2831112Z","WeaponInvestmentShareWeight_Plus10Percent","Weapon slot score weights","WeaponInvestmentShareWeight","Plus10Percent","Dynamic_Player_01_Ice_To_Forest_Ocean_Ice","Day39_IceDragonRematch","39","BossRecencyWeight","IceDragon","27","0.009291","4","0.125","0.001161","0.001161","TRUE"
"PCG_VFX_OAT_Sensitivity_20260826_153906","2026-08-26T15:39:06.2831112Z","WeaponInvestmentShareWeight_Plus10Percent","Weapon slot score weights","WeaponInvestmentShareWeight","Plus10Percent","Dynamic_Player_01_Ice_To_Forest_Ocean_Ice","Day39_IceDragonRematch","39","BossRecencyWeight","SeaTurtle","27","1","4","0.125","0.125","0.125","TRUE"
"PCG_VFX_OAT_Sensitivity_20260826_153906","2026-08-26T15:39:06.2831112Z","WeaponInvestmentShareWeight_Plus10Percent","Weapon slot score weights","WeaponInvestmentShareWeight","Plus10Percent","Dynamic_Player_01_Ice_To_Forest_Ocean_Ice","Day39_IceDragonRematch","39","RegionRecentVisit","ForestRuins","27","796.3264","20","0.659754","525.3795","525.3795","TRUE"
"PCG_VFX_OAT_Sensitivity_20260826_153906","2026-08-26T15:39:06.2831112Z","WeaponInvestmentShareWeight_Plus10Percent","Weapon slot score weights","WeaponInvestmentShareWeight","Plus10Percent","Dynamic_Player_01_Ice_To_Forest_Ocean_Ice","Day39_IceDragonRematch","39","RegionRecentVisit","OceanRuins","27","1188.3","20","0.659754","783.9857","783.9857","TRUE"
"PCG_VFX_OAT_Sensitivity_20260826_153906","2026-08-26T15:39:06.2831112Z","BossDifficultyWeight_Minus10Percent","Boss base-value weights","BossDifficultyWeight","Minus10Percent","Dynamic_Player_01_Ice_To_Forest_Ocean_Ice","Day01_IceBaseline","1","WeaponEffectiveUse","Sword","0","360","15","0.954842","343.743","343.743","TRUE"
"PCG_VFX_OAT_Sensitivity_20260826_153906","2026-08-26T15:39:06.2831112Z","BossDifficultyWeight_Minus10Percent","Boss base-value weights","BossDifficultyWeight","Minus10Percent","Dynamic_Player_01_Ice_To_Forest_Ocean_Ice","Day01_IceBaseline","1","BossRecencyWeight","IceDragon","0","1","4","0.840896","0.840896","0.840896","TRUE"
"PCG_VFX_OAT_Sensitivity_20260826_153906","2026-08-26T15:39:06.2831112Z","BossDifficultyWeight_Minus10Percent","Boss base-value weights","BossDifficultyWeight","Minus10Percent","Dynamic_Player_01_Ice_To_Forest_Ocean_Ice","Day04_IceSettled","4","WeaponEffectiveUse","Sword","1","433.743","15","0.870551","377.5952","377.5952","TRUE"
"PCG_VFX_OAT_Sensitivity_20260826_153906","2026-08-26T15:39:06.2831112Z","BossDifficultyWeight_Minus10Percent","Boss base-value weights","BossDifficultyWeight","Minus10Percent","Dynamic_Player_01_Ice_To_Forest_Ocean_Ice","Day04_IceSettled","4","BossRecencyWeight","IceDragon","1","0.840896","4","0.594604","0.5","0.5","TRUE"
"PCG_VFX_OAT_Sensitivity_20260826_153906","2026-08-26T15:39:06.2831112Z","BossDifficultyWeight_Minus10Percent","Boss base-value weights","BossDifficultyWeight","Minus10Percent","Dynamic_Player_01_Ice_To_Forest_Ocean_Ice","Day08_ForestCommitment","8","WeaponEffectiveUse","Sword","4","487.5952","15","0.831238","405.3076","405.3076","TRUE"
"PCG_VFX_OAT_Sensitivity_20260826_153906","2026-08-26T15:39:06.2831112Z","BossDifficultyWeight_Minus10Percent","Boss base-value weights","BossDifficultyWeight","Minus10Percent","Dynamic_Player_01_Ice_To_Forest_Ocean_Ice","Day08_ForestCommitment","8","BossRecencyWeight","IceDragon","4","0.5","4","0.5","0.25","0.25","TRUE"
"PCG_VFX_OAT_Sensitivity_20260826_153906","2026-08-26T15:39:06.2831112Z","BossDifficultyWeight_Minus10Percent","Boss base-value weights","BossDifficultyWeight","Minus10Percent","Dynamic_Player_01_Ice_To_Forest_Ocean_Ice","Day14_ForestMastery","14","WeaponEffectiveUse","Sword","8","430.3076","15","0.757858","326.1122","326.1122","TRUE"
"PCG_VFX_OAT_Sensitivity_20260826_153906","2026-08-26T15:39:06.2831112Z","BossDifficultyWeight_Minus10Percent","Boss base-value weights","BossDifficultyWeight","Minus10Percent","Dynamic_Player_01_Ice_To_Forest_Ocean_Ice","Day14_ForestMastery","14","WeaponEffectiveUse","Bow","8","300","15","0.757858","227.3575","227.3575","TRUE"
"PCG_VFX_OAT_Sensitivity_20260826_153906","2026-08-26T15:39:06.2831112Z","BossDifficultyWeight_Minus10Percent","Boss base-value weights","BossDifficultyWeight","Minus10Percent","Dynamic_Player_01_Ice_To_Forest_Ocean_Ice","Day14_ForestMastery","14","BossRecencyWeight","IceDragon","8","0.25","4","0.353553","0.088388","0.088388","TRUE"
"PCG_VFX_OAT_Sensitivity_20260826_153906","2026-08-26T15:39:06.2831112Z","BossDifficultyWeight_Minus10Percent","Boss base-value weights","BossDifficultyWeight","Minus10Percent","Dynamic_Player_01_Ice_To_Forest_Ocean_Ice","Day14_ForestMastery","14","RegionRecentVisit","ForestRuins","8","650","20","0.812252","527.9641","527.9641","TRUE"
"PCG_VFX_OAT_Sensitivity_20260826_153906","2026-08-26T15:39:06.2831112Z","BossDifficultyWeight_Minus10Percent","Boss base-value weights","BossDifficultyWeight","Minus10Percent","Dynamic_Player_01_Ice_To_Forest_Ocean_Ice","Day20_OceanDiscovery","20","WeaponEffectiveUse","Sword","14","326.1122","15","0.757858","247.1468","247.1468","TRUE"
"PCG_VFX_OAT_Sensitivity_20260826_153906","2026-08-26T15:39:06.2831112Z","BossDifficultyWeight_Minus10Percent","Boss base-value weights","BossDifficultyWeight","Minus10Percent","Dynamic_Player_01_Ice_To_Forest_Ocean_Ice","Day20_OceanDiscovery","20","WeaponEffectiveUse","Bow","14","587.3575","15","0.757858","445.1337","445.1337","TRUE"
"PCG_VFX_OAT_Sensitivity_20260826_153906","2026-08-26T15:39:06.2831112Z","BossDifficultyWeight_Minus10Percent","Boss base-value weights","BossDifficultyWeight","Minus10Percent","Dynamic_Player_01_Ice_To_Forest_Ocean_Ice","Day20_OceanDiscovery","20","BossRecencyWeight","IceDragon","14","0.088388","4","0.353553","0.03125","0.03125","TRUE"
"PCG_VFX_OAT_Sensitivity_20260826_153906","2026-08-26T15:39:06.2831112Z","BossDifficultyWeight_Minus10Percent","Boss base-value weights","BossDifficultyWeight","Minus10Percent","Dynamic_Player_01_Ice_To_Forest_Ocean_Ice","Day20_OceanDiscovery","20","RegionRecentVisit","ForestRuins","14","1027.964","20","0.812252","834.9663","834.9663","TRUE"
"PCG_VFX_OAT_Sensitivity_20260826_153906","2026-08-26T15:39:06.2831112Z","BossDifficultyWeight_Minus10Percent","Boss base-value weights","BossDifficultyWeight","Minus10Percent","Dynamic_Player_01_Ice_To_Forest_Ocean_Ice","Day27_SeaTurtleDefeat","27","WeaponEffectiveUse","Sword","20","247.1468","15","0.723635","178.844","178.844","TRUE"
"PCG_VFX_OAT_Sensitivity_20260826_153906","2026-08-26T15:39:06.2831112Z","BossDifficultyWeight_Minus10Percent","Boss base-value weights","BossDifficultyWeight","Minus10Percent","Dynamic_Player_01_Ice_To_Forest_Ocean_Ice","Day27_SeaTurtleDefeat","27","WeaponEffectiveUse","Bow","20","595.1337","15","0.723635","430.6594","430.6594","TRUE"
"PCG_VFX_OAT_Sensitivity_20260826_153906","2026-08-26T15:39:06.2831112Z","BossDifficultyWeight_Minus10Percent","Boss base-value weights","BossDifficultyWeight","Minus10Percent","Dynamic_Player_01_Ice_To_Forest_Ocean_Ice","Day27_SeaTurtleDefeat","27","BossRecencyWeight","IceDragon","20","0.03125","4","0.297302","0.009291","0.009291","TRUE"
"PCG_VFX_OAT_Sensitivity_20260826_153906","2026-08-26T15:39:06.2831112Z","BossDifficultyWeight_Minus10Percent","Boss base-value weights","BossDifficultyWeight","Minus10Percent","Dynamic_Player_01_Ice_To_Forest_Ocean_Ice","Day27_SeaTurtleDefeat","27","RegionRecentVisit","ForestRuins","20","1014.966","20","0.784584","796.3264","796.3264","TRUE"
"PCG_VFX_OAT_Sensitivity_20260826_153906","2026-08-26T15:39:06.2831112Z","BossDifficultyWeight_Minus10Percent","Boss base-value weights","BossDifficultyWeight","Minus10Percent","Dynamic_Player_01_Ice_To_Forest_Ocean_Ice","Day27_SeaTurtleDefeat","27","RegionRecentVisit","OceanRuins","20","240","20","0.784584","188.3002","188.3002","TRUE"
"PCG_VFX_OAT_Sensitivity_20260826_153906","2026-08-26T15:39:06.2831112Z","BossDifficultyWeight_Minus10Percent","Boss base-value weights","BossDifficultyWeight","Minus10Percent","Dynamic_Player_01_Ice_To_Forest_Ocean_Ice","Day39_IceDragonRematch","39","WeaponEffectiveUse","Sword","27","178.844","15","0.574349","102.7189","102.7189","TRUE"
"PCG_VFX_OAT_Sensitivity_20260826_153906","2026-08-26T15:39:06.2831112Z","BossDifficultyWeight_Minus10Percent","Boss base-value weights","BossDifficultyWeight","Minus10Percent","Dynamic_Player_01_Ice_To_Forest_Ocean_Ice","Day39_IceDragonRematch","39","WeaponEffectiveUse","Bow","27","550.6594","15","0.574349","316.2708","316.2708","TRUE"
"PCG_VFX_OAT_Sensitivity_20260826_153906","2026-08-26T15:39:06.2831112Z","BossDifficultyWeight_Minus10Percent","Boss base-value weights","BossDifficultyWeight","Minus10Percent","Dynamic_Player_01_Ice_To_Forest_Ocean_Ice","Day39_IceDragonRematch","39","BossRecencyWeight","IceDragon","27","0.009291","4","0.125","0.001161","0.001161","TRUE"
"PCG_VFX_OAT_Sensitivity_20260826_153906","2026-08-26T15:39:06.2831112Z","BossDifficultyWeight_Minus10Percent","Boss base-value weights","BossDifficultyWeight","Minus10Percent","Dynamic_Player_01_Ice_To_Forest_Ocean_Ice","Day39_IceDragonRematch","39","BossRecencyWeight","SeaTurtle","27","1","4","0.125","0.125","0.125","TRUE"
"PCG_VFX_OAT_Sensitivity_20260826_153906","2026-08-26T15:39:06.2831112Z","BossDifficultyWeight_Minus10Percent","Boss base-value weights","BossDifficultyWeight","Minus10Percent","Dynamic_Player_01_Ice_To_Forest_Ocean_Ice","Day39_IceDragonRematch","39","RegionRecentVisit","ForestRuins","27","796.3264","20","0.659754","525.3795","525.3795","TRUE"
"PCG_VFX_OAT_Sensitivity_20260826_153906","2026-08-26T15:39:06.2831112Z","BossDifficultyWeight_Minus10Percent","Boss base-value weights","BossDifficultyWeight","Minus10Percent","Dynamic_Player_01_Ice_To_Forest_Ocean_Ice","Day39_IceDragonRematch","39","RegionRecentVisit","OceanRuins","27","1188.3","20","0.659754","783.9857","783.9857","TRUE"
"PCG_VFX_OAT_Sensitivity_20260826_153906","2026-08-26T15:39:06.2831112Z","BossDifficultyWeight_Plus10Percent","Boss base-value weights","BossDifficultyWeight","Plus10Percent","Dynamic_Player_01_Ice_To_Forest_Ocean_Ice","Day01_IceBaseline","1","WeaponEffectiveUse","Sword","0","360","15","0.954842","343.743","343.743","TRUE"
"PCG_VFX_OAT_Sensitivity_20260826_153906","2026-08-26T15:39:06.2831112Z","BossDifficultyWeight_Plus10Percent","Boss base-value weights","BossDifficultyWeight","Plus10Percent","Dynamic_Player_01_Ice_To_Forest_Ocean_Ice","Day01_IceBaseline","1","BossRecencyWeight","IceDragon","0","1","4","0.840896","0.840896","0.840896","TRUE"
"PCG_VFX_OAT_Sensitivity_20260826_153906","2026-08-26T15:39:06.2831112Z","BossDifficultyWeight_Plus10Percent","Boss base-value weights","BossDifficultyWeight","Plus10Percent","Dynamic_Player_01_Ice_To_Forest_Ocean_Ice","Day04_IceSettled","4","WeaponEffectiveUse","Sword","1","433.743","15","0.870551","377.5952","377.5952","TRUE"
"PCG_VFX_OAT_Sensitivity_20260826_153906","2026-08-26T15:39:06.2831112Z","BossDifficultyWeight_Plus10Percent","Boss base-value weights","BossDifficultyWeight","Plus10Percent","Dynamic_Player_01_Ice_To_Forest_Ocean_Ice","Day04_IceSettled","4","BossRecencyWeight","IceDragon","1","0.840896","4","0.594604","0.5","0.5","TRUE"
"PCG_VFX_OAT_Sensitivity_20260826_153906","2026-08-26T15:39:06.2831112Z","BossDifficultyWeight_Plus10Percent","Boss base-value weights","BossDifficultyWeight","Plus10Percent","Dynamic_Player_01_Ice_To_Forest_Ocean_Ice","Day08_ForestCommitment","8","WeaponEffectiveUse","Sword","4","487.5952","15","0.831238","405.3076","405.3076","TRUE"
"PCG_VFX_OAT_Sensitivity_20260826_153906","2026-08-26T15:39:06.2831112Z","BossDifficultyWeight_Plus10Percent","Boss base-value weights","BossDifficultyWeight","Plus10Percent","Dynamic_Player_01_Ice_To_Forest_Ocean_Ice","Day08_ForestCommitment","8","BossRecencyWeight","IceDragon","4","0.5","4","0.5","0.25","0.25","TRUE"
"PCG_VFX_OAT_Sensitivity_20260826_153906","2026-08-26T15:39:06.2831112Z","BossDifficultyWeight_Plus10Percent","Boss base-value weights","BossDifficultyWeight","Plus10Percent","Dynamic_Player_01_Ice_To_Forest_Ocean_Ice","Day14_ForestMastery","14","WeaponEffectiveUse","Sword","8","430.3076","15","0.757858","326.1122","326.1122","TRUE"
"PCG_VFX_OAT_Sensitivity_20260826_153906","2026-08-26T15:39:06.2831112Z","BossDifficultyWeight_Plus10Percent","Boss base-value weights","BossDifficultyWeight","Plus10Percent","Dynamic_Player_01_Ice_To_Forest_Ocean_Ice","Day14_ForestMastery","14","WeaponEffectiveUse","Bow","8","300","15","0.757858","227.3575","227.3575","TRUE"
"PCG_VFX_OAT_Sensitivity_20260826_153906","2026-08-26T15:39:06.2831112Z","BossDifficultyWeight_Plus10Percent","Boss base-value weights","BossDifficultyWeight","Plus10Percent","Dynamic_Player_01_Ice_To_Forest_Ocean_Ice","Day14_ForestMastery","14","BossRecencyWeight","IceDragon","8","0.25","4","0.353553","0.088388","0.088388","TRUE"
"PCG_VFX_OAT_Sensitivity_20260826_153906","2026-08-26T15:39:06.2831112Z","BossDifficultyWeight_Plus10Percent","Boss base-value weights","BossDifficultyWeight","Plus10Percent","Dynamic_Player_01_Ice_To_Forest_Ocean_Ice","Day14_ForestMastery","14","RegionRecentVisit","ForestRuins","8","650","20","0.812252","527.9641","527.9641","TRUE"
"PCG_VFX_OAT_Sensitivity_20260826_153906","2026-08-26T15:39:06.2831112Z","BossDifficultyWeight_Plus10Percent","Boss base-value weights","BossDifficultyWeight","Plus10Percent","Dynamic_Player_01_Ice_To_Forest_Ocean_Ice","Day20_OceanDiscovery","20","WeaponEffectiveUse","Sword","14","326.1122","15","0.757858","247.1468","247.1468","TRUE"
"PCG_VFX_OAT_Sensitivity_20260826_153906","2026-08-26T15:39:06.2831112Z","BossDifficultyWeight_Plus10Percent","Boss base-value weights","BossDifficultyWeight","Plus10Percent","Dynamic_Player_01_Ice_To_Forest_Ocean_Ice","Day20_OceanDiscovery","20","WeaponEffectiveUse","Bow","14","587.3575","15","0.757858","445.1337","445.1337","TRUE"
"PCG_VFX_OAT_Sensitivity_20260826_153906","2026-08-26T15:39:06.2831112Z","BossDifficultyWeight_Plus10Percent","Boss base-value weights","BossDifficultyWeight","Plus10Percent","Dynamic_Player_01_Ice_To_Forest_Ocean_Ice","Day20_OceanDiscovery","20","BossRecencyWeight","IceDragon","14","0.088388","4","0.353553","0.03125","0.03125","TRUE"
"PCG_VFX_OAT_Sensitivity_20260826_153906","2026-08-26T15:39:06.2831112Z","BossDifficultyWeight_Plus10Percent","Boss base-value weights","BossDifficultyWeight","Plus10Percent","Dynamic_Player_01_Ice_To_Forest_Ocean_Ice","Day20_OceanDiscovery","20","RegionRecentVisit","ForestRuins","14","1027.964","20","0.812252","834.9663","834.9663","TRUE"
"PCG_VFX_OAT_Sensitivity_20260826_153906","2026-08-26T15:39:06.2831112Z","BossDifficultyWeight_Plus10Percent","Boss base-value weights","BossDifficultyWeight","Plus10Percent","Dynamic_Player_01_Ice_To_Forest_Ocean_Ice","Day27_SeaTurtleDefeat","27","WeaponEffectiveUse","Sword","20","247.1468","15","0.723635","178.844","178.844","TRUE"
"PCG_VFX_OAT_Sensitivity_20260826_153906","2026-08-26T15:39:06.2831112Z","BossDifficultyWeight_Plus10Percent","Boss base-value weights","BossDifficultyWeight","Plus10Percent","Dynamic_Player_01_Ice_To_Forest_Ocean_Ice","Day27_SeaTurtleDefeat","27","WeaponEffectiveUse","Bow","20","595.1337","15","0.723635","430.6594","430.6594","TRUE"
"PCG_VFX_OAT_Sensitivity_20260826_153906","2026-08-26T15:39:06.2831112Z","BossDifficultyWeight_Plus10Percent","Boss base-value weights","BossDifficultyWeight","Plus10Percent","Dynamic_Player_01_Ice_To_Forest_Ocean_Ice","Day27_SeaTurtleDefeat","27","BossRecencyWeight","IceDragon","20","0.03125","4","0.297302","0.009291","0.009291","TRUE"
"PCG_VFX_OAT_Sensitivity_20260826_153906","2026-08-26T15:39:06.2831112Z","BossDifficultyWeight_Plus10Percent","Boss base-value weights","BossDifficultyWeight","Plus10Percent","Dynamic_Player_01_Ice_To_Forest_Ocean_Ice","Day27_SeaTurtleDefeat","27","RegionRecentVisit","ForestRuins","20","1014.966","20","0.784584","796.3264","796.3264","TRUE"
"PCG_VFX_OAT_Sensitivity_20260826_153906","2026-08-26T15:39:06.2831112Z","BossDifficultyWeight_Plus10Percent","Boss base-value weights","BossDifficultyWeight","Plus10Percent","Dynamic_Player_01_Ice_To_Forest_Ocean_Ice","Day27_SeaTurtleDefeat","27","RegionRecentVisit","OceanRuins","20","240","20","0.784584","188.3002","188.3002","TRUE"
"PCG_VFX_OAT_Sensitivity_20260826_153906","2026-08-26T15:39:06.2831112Z","BossDifficultyWeight_Plus10Percent","Boss base-value weights","BossDifficultyWeight","Plus10Percent","Dynamic_Player_01_Ice_To_Forest_Ocean_Ice","Day39_IceDragonRematch","39","WeaponEffectiveUse","Sword","27","178.844","15","0.574349","102.7189","102.7189","TRUE"
"PCG_VFX_OAT_Sensitivity_20260826_153906","2026-08-26T15:39:06.2831112Z","BossDifficultyWeight_Plus10Percent","Boss base-value weights","BossDifficultyWeight","Plus10Percent","Dynamic_Player_01_Ice_To_Forest_Ocean_Ice","Day39_IceDragonRematch","39","WeaponEffectiveUse","Bow","27","550.6594","15","0.574349","316.2708","316.2708","TRUE"
"PCG_VFX_OAT_Sensitivity_20260826_153906","2026-08-26T15:39:06.2831112Z","BossDifficultyWeight_Plus10Percent","Boss base-value weights","BossDifficultyWeight","Plus10Percent","Dynamic_Player_01_Ice_To_Forest_Ocean_Ice","Day39_IceDragonRematch","39","BossRecencyWeight","IceDragon","27","0.009291","4","0.125","0.001161","0.001161","TRUE"
"PCG_VFX_OAT_Sensitivity_20260826_153906","2026-08-26T15:39:06.2831112Z","BossDifficultyWeight_Plus10Percent","Boss base-value weights","BossDifficultyWeight","Plus10Percent","Dynamic_Player_01_Ice_To_Forest_Ocean_Ice","Day39_IceDragonRematch","39","BossRecencyWeight","SeaTurtle","27","1","4","0.125","0.125","0.125","TRUE"
"PCG_VFX_OAT_Sensitivity_20260826_153906","2026-08-26T15:39:06.2831112Z","BossDifficultyWeight_Plus10Percent","Boss base-value weights","BossDifficultyWeight","Plus10Percent","Dynamic_Player_01_Ice_To_Forest_Ocean_Ice","Day39_IceDragonRematch","39","RegionRecentVisit","ForestRuins","27","796.3264","20","0.659754","525.3795","525.3795","TRUE"
"PCG_VFX_OAT_Sensitivity_20260826_153906","2026-08-26T15:39:06.2831112Z","BossDifficultyWeight_Plus10Percent","Boss base-value weights","BossDifficultyWeight","Plus10Percent","Dynamic_Player_01_Ice_To_Forest_Ocean_Ice","Day39_IceDragonRematch","39","RegionRecentVisit","OceanRuins","27","1188.3","20","0.659754","783.9857","783.9857","TRUE"
"PCG_VFX_OAT_Sensitivity_20260826_153906","2026-08-26T15:39:06.2831112Z","BossRarityWeight_Minus10Percent","Boss base-value weights","BossRarityWeight","Minus10Percent","Dynamic_Player_01_Ice_To_Forest_Ocean_Ice","Day01_IceBaseline","1","WeaponEffectiveUse","Sword","0","360","15","0.954842","343.743","343.743","TRUE"
"PCG_VFX_OAT_Sensitivity_20260826_153906","2026-08-26T15:39:06.2831112Z","BossRarityWeight_Minus10Percent","Boss base-value weights","BossRarityWeight","Minus10Percent","Dynamic_Player_01_Ice_To_Forest_Ocean_Ice","Day01_IceBaseline","1","BossRecencyWeight","IceDragon","0","1","4","0.840896","0.840896","0.840896","TRUE"
"PCG_VFX_OAT_Sensitivity_20260826_153906","2026-08-26T15:39:06.2831112Z","BossRarityWeight_Minus10Percent","Boss base-value weights","BossRarityWeight","Minus10Percent","Dynamic_Player_01_Ice_To_Forest_Ocean_Ice","Day04_IceSettled","4","WeaponEffectiveUse","Sword","1","433.743","15","0.870551","377.5952","377.5952","TRUE"
"PCG_VFX_OAT_Sensitivity_20260826_153906","2026-08-26T15:39:06.2831112Z","BossRarityWeight_Minus10Percent","Boss base-value weights","BossRarityWeight","Minus10Percent","Dynamic_Player_01_Ice_To_Forest_Ocean_Ice","Day04_IceSettled","4","BossRecencyWeight","IceDragon","1","0.840896","4","0.594604","0.5","0.5","TRUE"
"PCG_VFX_OAT_Sensitivity_20260826_153906","2026-08-26T15:39:06.2831112Z","BossRarityWeight_Minus10Percent","Boss base-value weights","BossRarityWeight","Minus10Percent","Dynamic_Player_01_Ice_To_Forest_Ocean_Ice","Day08_ForestCommitment","8","WeaponEffectiveUse","Sword","4","487.5952","15","0.831238","405.3076","405.3076","TRUE"
"PCG_VFX_OAT_Sensitivity_20260826_153906","2026-08-26T15:39:06.2831112Z","BossRarityWeight_Minus10Percent","Boss base-value weights","BossRarityWeight","Minus10Percent","Dynamic_Player_01_Ice_To_Forest_Ocean_Ice","Day08_ForestCommitment","8","BossRecencyWeight","IceDragon","4","0.5","4","0.5","0.25","0.25","TRUE"
"PCG_VFX_OAT_Sensitivity_20260826_153906","2026-08-26T15:39:06.2831112Z","BossRarityWeight_Minus10Percent","Boss base-value weights","BossRarityWeight","Minus10Percent","Dynamic_Player_01_Ice_To_Forest_Ocean_Ice","Day14_ForestMastery","14","WeaponEffectiveUse","Sword","8","430.3076","15","0.757858","326.1122","326.1122","TRUE"
"PCG_VFX_OAT_Sensitivity_20260826_153906","2026-08-26T15:39:06.2831112Z","BossRarityWeight_Minus10Percent","Boss base-value weights","BossRarityWeight","Minus10Percent","Dynamic_Player_01_Ice_To_Forest_Ocean_Ice","Day14_ForestMastery","14","WeaponEffectiveUse","Bow","8","300","15","0.757858","227.3575","227.3575","TRUE"
"PCG_VFX_OAT_Sensitivity_20260826_153906","2026-08-26T15:39:06.2831112Z","BossRarityWeight_Minus10Percent","Boss base-value weights","BossRarityWeight","Minus10Percent","Dynamic_Player_01_Ice_To_Forest_Ocean_Ice","Day14_ForestMastery","14","BossRecencyWeight","IceDragon","8","0.25","4","0.353553","0.088388","0.088388","TRUE"
"PCG_VFX_OAT_Sensitivity_20260826_153906","2026-08-26T15:39:06.2831112Z","BossRarityWeight_Minus10Percent","Boss base-value weights","BossRarityWeight","Minus10Percent","Dynamic_Player_01_Ice_To_Forest_Ocean_Ice","Day14_ForestMastery","14","RegionRecentVisit","ForestRuins","8","650","20","0.812252","527.9641","527.9641","TRUE"
"PCG_VFX_OAT_Sensitivity_20260826_153906","2026-08-26T15:39:06.2831112Z","BossRarityWeight_Minus10Percent","Boss base-value weights","BossRarityWeight","Minus10Percent","Dynamic_Player_01_Ice_To_Forest_Ocean_Ice","Day20_OceanDiscovery","20","WeaponEffectiveUse","Sword","14","326.1122","15","0.757858","247.1468","247.1468","TRUE"
"PCG_VFX_OAT_Sensitivity_20260826_153906","2026-08-26T15:39:06.2831112Z","BossRarityWeight_Minus10Percent","Boss base-value weights","BossRarityWeight","Minus10Percent","Dynamic_Player_01_Ice_To_Forest_Ocean_Ice","Day20_OceanDiscovery","20","WeaponEffectiveUse","Bow","14","587.3575","15","0.757858","445.1337","445.1337","TRUE"
"PCG_VFX_OAT_Sensitivity_20260826_153906","2026-08-26T15:39:06.2831112Z","BossRarityWeight_Minus10Percent","Boss base-value weights","BossRarityWeight","Minus10Percent","Dynamic_Player_01_Ice_To_Forest_Ocean_Ice","Day20_OceanDiscovery","20","BossRecencyWeight","IceDragon","14","0.088388","4","0.353553","0.03125","0.03125","TRUE"
"PCG_VFX_OAT_Sensitivity_20260826_153906","2026-08-26T15:39:06.2831112Z","BossRarityWeight_Minus10Percent","Boss base-value weights","BossRarityWeight","Minus10Percent","Dynamic_Player_01_Ice_To_Forest_Ocean_Ice","Day20_OceanDiscovery","20","RegionRecentVisit","ForestRuins","14","1027.964","20","0.812252","834.9663","834.9663","TRUE"
"PCG_VFX_OAT_Sensitivity_20260826_153906","2026-08-26T15:39:06.2831112Z","BossRarityWeight_Minus10Percent","Boss base-value weights","BossRarityWeight","Minus10Percent","Dynamic_Player_01_Ice_To_Forest_Ocean_Ice","Day27_SeaTurtleDefeat","27","WeaponEffectiveUse","Sword","20","247.1468","15","0.723635","178.844","178.844","TRUE"
"PCG_VFX_OAT_Sensitivity_20260826_153906","2026-08-26T15:39:06.2831112Z","BossRarityWeight_Minus10Percent","Boss base-value weights","BossRarityWeight","Minus10Percent","Dynamic_Player_01_Ice_To_Forest_Ocean_Ice","Day27_SeaTurtleDefeat","27","WeaponEffectiveUse","Bow","20","595.1337","15","0.723635","430.6594","430.6594","TRUE"
"PCG_VFX_OAT_Sensitivity_20260826_153906","2026-08-26T15:39:06.2831112Z","BossRarityWeight_Minus10Percent","Boss base-value weights","BossRarityWeight","Minus10Percent","Dynamic_Player_01_Ice_To_Forest_Ocean_Ice","Day27_SeaTurtleDefeat","27","BossRecencyWeight","IceDragon","20","0.03125","4","0.297302","0.009291","0.009291","TRUE"
"PCG_VFX_OAT_Sensitivity_20260826_153906","2026-08-26T15:39:06.2831112Z","BossRarityWeight_Minus10Percent","Boss base-value weights","BossRarityWeight","Minus10Percent","Dynamic_Player_01_Ice_To_Forest_Ocean_Ice","Day27_SeaTurtleDefeat","27","RegionRecentVisit","ForestRuins","20","1014.966","20","0.784584","796.3264","796.3264","TRUE"
"PCG_VFX_OAT_Sensitivity_20260826_153906","2026-08-26T15:39:06.2831112Z","BossRarityWeight_Minus10Percent","Boss base-value weights","BossRarityWeight","Minus10Percent","Dynamic_Player_01_Ice_To_Forest_Ocean_Ice","Day27_SeaTurtleDefeat","27","RegionRecentVisit","OceanRuins","20","240","20","0.784584","188.3002","188.3002","TRUE"
"PCG_VFX_OAT_Sensitivity_20260826_153906","2026-08-26T15:39:06.2831112Z","BossRarityWeight_Minus10Percent","Boss base-value weights","BossRarityWeight","Minus10Percent","Dynamic_Player_01_Ice_To_Forest_Ocean_Ice","Day39_IceDragonRematch","39","WeaponEffectiveUse","Sword","27","178.844","15","0.574349","102.7189","102.7189","TRUE"
"PCG_VFX_OAT_Sensitivity_20260826_153906","2026-08-26T15:39:06.2831112Z","BossRarityWeight_Minus10Percent","Boss base-value weights","BossRarityWeight","Minus10Percent","Dynamic_Player_01_Ice_To_Forest_Ocean_Ice","Day39_IceDragonRematch","39","WeaponEffectiveUse","Bow","27","550.6594","15","0.574349","316.2708","316.2708","TRUE"
"PCG_VFX_OAT_Sensitivity_20260826_153906","2026-08-26T15:39:06.2831112Z","BossRarityWeight_Minus10Percent","Boss base-value weights","BossRarityWeight","Minus10Percent","Dynamic_Player_01_Ice_To_Forest_Ocean_Ice","Day39_IceDragonRematch","39","BossRecencyWeight","IceDragon","27","0.009291","4","0.125","0.001161","0.001161","TRUE"
"PCG_VFX_OAT_Sensitivity_20260826_153906","2026-08-26T15:39:06.2831112Z","BossRarityWeight_Minus10Percent","Boss base-value weights","BossRarityWeight","Minus10Percent","Dynamic_Player_01_Ice_To_Forest_Ocean_Ice","Day39_IceDragonRematch","39","BossRecencyWeight","SeaTurtle","27","1","4","0.125","0.125","0.125","TRUE"
"PCG_VFX_OAT_Sensitivity_20260826_153906","2026-08-26T15:39:06.2831112Z","BossRarityWeight_Minus10Percent","Boss base-value weights","BossRarityWeight","Minus10Percent","Dynamic_Player_01_Ice_To_Forest_Ocean_Ice","Day39_IceDragonRematch","39","RegionRecentVisit","ForestRuins","27","796.3264","20","0.659754","525.3795","525.3795","TRUE"
"PCG_VFX_OAT_Sensitivity_20260826_153906","2026-08-26T15:39:06.2831112Z","BossRarityWeight_Minus10Percent","Boss base-value weights","BossRarityWeight","Minus10Percent","Dynamic_Player_01_Ice_To_Forest_Ocean_Ice","Day39_IceDragonRematch","39","RegionRecentVisit","OceanRuins","27","1188.3","20","0.659754","783.9857","783.9857","TRUE"
"PCG_VFX_OAT_Sensitivity_20260826_153906","2026-08-26T15:39:06.2831112Z","BossRarityWeight_Plus10Percent","Boss base-value weights","BossRarityWeight","Plus10Percent","Dynamic_Player_01_Ice_To_Forest_Ocean_Ice","Day01_IceBaseline","1","WeaponEffectiveUse","Sword","0","360","15","0.954842","343.743","343.743","TRUE"
"PCG_VFX_OAT_Sensitivity_20260826_153906","2026-08-26T15:39:06.2831112Z","BossRarityWeight_Plus10Percent","Boss base-value weights","BossRarityWeight","Plus10Percent","Dynamic_Player_01_Ice_To_Forest_Ocean_Ice","Day01_IceBaseline","1","BossRecencyWeight","IceDragon","0","1","4","0.840896","0.840896","0.840896","TRUE"
"PCG_VFX_OAT_Sensitivity_20260826_153906","2026-08-26T15:39:06.2831112Z","BossRarityWeight_Plus10Percent","Boss base-value weights","BossRarityWeight","Plus10Percent","Dynamic_Player_01_Ice_To_Forest_Ocean_Ice","Day04_IceSettled","4","WeaponEffectiveUse","Sword","1","433.743","15","0.870551","377.5952","377.5952","TRUE"
"PCG_VFX_OAT_Sensitivity_20260826_153906","2026-08-26T15:39:06.2831112Z","BossRarityWeight_Plus10Percent","Boss base-value weights","BossRarityWeight","Plus10Percent","Dynamic_Player_01_Ice_To_Forest_Ocean_Ice","Day04_IceSettled","4","BossRecencyWeight","IceDragon","1","0.840896","4","0.594604","0.5","0.5","TRUE"
"PCG_VFX_OAT_Sensitivity_20260826_153906","2026-08-26T15:39:06.2831112Z","BossRarityWeight_Plus10Percent","Boss base-value weights","BossRarityWeight","Plus10Percent","Dynamic_Player_01_Ice_To_Forest_Ocean_Ice","Day08_ForestCommitment","8","WeaponEffectiveUse","Sword","4","487.5952","15","0.831238","405.3076","405.3076","TRUE"
"PCG_VFX_OAT_Sensitivity_20260826_153906","2026-08-26T15:39:06.2831112Z","BossRarityWeight_Plus10Percent","Boss base-value weights","BossRarityWeight","Plus10Percent","Dynamic_Player_01_Ice_To_Forest_Ocean_Ice","Day08_ForestCommitment","8","BossRecencyWeight","IceDragon","4","0.5","4","0.5","0.25","0.25","TRUE"
"PCG_VFX_OAT_Sensitivity_20260826_153906","2026-08-26T15:39:06.2831112Z","BossRarityWeight_Plus10Percent","Boss base-value weights","BossRarityWeight","Plus10Percent","Dynamic_Player_01_Ice_To_Forest_Ocean_Ice","Day14_ForestMastery","14","WeaponEffectiveUse","Sword","8","430.3076","15","0.757858","326.1122","326.1122","TRUE"
"PCG_VFX_OAT_Sensitivity_20260826_153906","2026-08-26T15:39:06.2831112Z","BossRarityWeight_Plus10Percent","Boss base-value weights","BossRarityWeight","Plus10Percent","Dynamic_Player_01_Ice_To_Forest_Ocean_Ice","Day14_ForestMastery","14","WeaponEffectiveUse","Bow","8","300","15","0.757858","227.3575","227.3575","TRUE"
"PCG_VFX_OAT_Sensitivity_20260826_153906","2026-08-26T15:39:06.2831112Z","BossRarityWeight_Plus10Percent","Boss base-value weights","BossRarityWeight","Plus10Percent","Dynamic_Player_01_Ice_To_Forest_Ocean_Ice","Day14_ForestMastery","14","BossRecencyWeight","IceDragon","8","0.25","4","0.353553","0.088388","0.088388","TRUE"
"PCG_VFX_OAT_Sensitivity_20260826_153906","2026-08-26T15:39:06.2831112Z","BossRarityWeight_Plus10Percent","Boss base-value weights","BossRarityWeight","Plus10Percent","Dynamic_Player_01_Ice_To_Forest_Ocean_Ice","Day14_ForestMastery","14","RegionRecentVisit","ForestRuins","8","650","20","0.812252","527.9641","527.9641","TRUE"
"PCG_VFX_OAT_Sensitivity_20260826_153906","2026-08-26T15:39:06.2831112Z","BossRarityWeight_Plus10Percent","Boss base-value weights","BossRarityWeight","Plus10Percent","Dynamic_Player_01_Ice_To_Forest_Ocean_Ice","Day20_OceanDiscovery","20","WeaponEffectiveUse","Sword","14","326.1122","15","0.757858","247.1468","247.1468","TRUE"
"PCG_VFX_OAT_Sensitivity_20260826_153906","2026-08-26T15:39:06.2831112Z","BossRarityWeight_Plus10Percent","Boss base-value weights","BossRarityWeight","Plus10Percent","Dynamic_Player_01_Ice_To_Forest_Ocean_Ice","Day20_OceanDiscovery","20","WeaponEffectiveUse","Bow","14","587.3575","15","0.757858","445.1337","445.1337","TRUE"
"PCG_VFX_OAT_Sensitivity_20260826_153906","2026-08-26T15:39:06.2831112Z","BossRarityWeight_Plus10Percent","Boss base-value weights","BossRarityWeight","Plus10Percent","Dynamic_Player_01_Ice_To_Forest_Ocean_Ice","Day20_OceanDiscovery","20","BossRecencyWeight","IceDragon","14","0.088388","4","0.353553","0.03125","0.03125","TRUE"
"PCG_VFX_OAT_Sensitivity_20260826_153906","2026-08-26T15:39:06.2831112Z","BossRarityWeight_Plus10Percent","Boss base-value weights","BossRarityWeight","Plus10Percent","Dynamic_Player_01_Ice_To_Forest_Ocean_Ice","Day20_OceanDiscovery","20","RegionRecentVisit","ForestRuins","14","1027.964","20","0.812252","834.9663","834.9663","TRUE"
"PCG_VFX_OAT_Sensitivity_20260826_153906","2026-08-26T15:39:06.2831112Z","BossRarityWeight_Plus10Percent","Boss base-value weights","BossRarityWeight","Plus10Percent","Dynamic_Player_01_Ice_To_Forest_Ocean_Ice","Day27_SeaTurtleDefeat","27","WeaponEffectiveUse","Sword","20","247.1468","15","0.723635","178.844","178.844","TRUE"
"PCG_VFX_OAT_Sensitivity_20260826_153906","2026-08-26T15:39:06.2831112Z","BossRarityWeight_Plus10Percent","Boss base-value weights","BossRarityWeight","Plus10Percent","Dynamic_Player_01_Ice_To_Forest_Ocean_Ice","Day27_SeaTurtleDefeat","27","WeaponEffectiveUse","Bow","20","595.1337","15","0.723635","430.6594","430.6594","TRUE"
"PCG_VFX_OAT_Sensitivity_20260826_153906","2026-08-26T15:39:06.2831112Z","BossRarityWeight_Plus10Percent","Boss base-value weights","BossRarityWeight","Plus10Percent","Dynamic_Player_01_Ice_To_Forest_Ocean_Ice","Day27_SeaTurtleDefeat","27","BossRecencyWeight","IceDragon","20","0.03125","4","0.297302","0.009291","0.009291","TRUE"
"PCG_VFX_OAT_Sensitivity_20260826_153906","2026-08-26T15:39:06.2831112Z","BossRarityWeight_Plus10Percent","Boss base-value weights","BossRarityWeight","Plus10Percent","Dynamic_Player_01_Ice_To_Forest_Ocean_Ice","Day27_SeaTurtleDefeat","27","RegionRecentVisit","ForestRuins","20","1014.966","20","0.784584","796.3264","796.3264","TRUE"
"PCG_VFX_OAT_Sensitivity_20260826_153906","2026-08-26T15:39:06.2831112Z","BossRarityWeight_Plus10Percent","Boss base-value weights","BossRarityWeight","Plus10Percent","Dynamic_Player_01_Ice_To_Forest_Ocean_Ice","Day27_SeaTurtleDefeat","27","RegionRecentVisit","OceanRuins","20","240","20","0.784584","188.3002","188.3002","TRUE"
"PCG_VFX_OAT_Sensitivity_20260826_153906","2026-08-26T15:39:06.2831112Z","BossRarityWeight_Plus10Percent","Boss base-value weights","BossRarityWeight","Plus10Percent","Dynamic_Player_01_Ice_To_Forest_Ocean_Ice","Day39_IceDragonRematch","39","WeaponEffectiveUse","Sword","27","178.844","15","0.574349","102.7189","102.7189","TRUE"
"PCG_VFX_OAT_Sensitivity_20260826_153906","2026-08-26T15:39:06.2831112Z","BossRarityWeight_Plus10Percent","Boss base-value weights","BossRarityWeight","Plus10Percent","Dynamic_Player_01_Ice_To_Forest_Ocean_Ice","Day39_IceDragonRematch","39","WeaponEffectiveUse","Bow","27","550.6594","15","0.574349","316.2708","316.2708","TRUE"
"PCG_VFX_OAT_Sensitivity_20260826_153906","2026-08-26T15:39:06.2831112Z","BossRarityWeight_Plus10Percent","Boss base-value weights","BossRarityWeight","Plus10Percent","Dynamic_Player_01_Ice_To_Forest_Ocean_Ice","Day39_IceDragonRematch","39","BossRecencyWeight","IceDragon","27","0.009291","4","0.125","0.001161","0.001161","TRUE"
"PCG_VFX_OAT_Sensitivity_20260826_153906","2026-08-26T15:39:06.2831112Z","BossRarityWeight_Plus10Percent","Boss base-value weights","BossRarityWeight","Plus10Percent","Dynamic_Player_01_Ice_To_Forest_Ocean_Ice","Day39_IceDragonRematch","39","BossRecencyWeight","SeaTurtle","27","1","4","0.125","0.125","0.125","TRUE"
"PCG_VFX_OAT_Sensitivity_20260826_153906","2026-08-26T15:39:06.2831112Z","BossRarityWeight_Plus10Percent","Boss base-value weights","BossRarityWeight","Plus10Percent","Dynamic_Player_01_Ice_To_Forest_Ocean_Ice","Day39_IceDragonRematch","39","RegionRecentVisit","ForestRuins","27","796.3264","20","0.659754","525.3795","525.3795","TRUE"
"PCG_VFX_OAT_Sensitivity_20260826_153906","2026-08-26T15:39:06.2831112Z","BossRarityWeight_Plus10Percent","Boss base-value weights","BossRarityWeight","Plus10Percent","Dynamic_Player_01_Ice_To_Forest_Ocean_Ice","Day39_IceDragonRematch","39","RegionRecentVisit","OceanRuins","27","1188.3","20","0.659754","783.9857","783.9857","TRUE"
"PCG_VFX_OAT_Sensitivity_20260826_153906","2026-08-26T15:39:06.2831112Z","BossWinRateWeight_Minus10Percent","Boss performance weight","BossWinRateWeight","Minus10Percent","Dynamic_Player_01_Ice_To_Forest_Ocean_Ice","Day01_IceBaseline","1","WeaponEffectiveUse","Sword","0","360","15","0.954842","343.743","343.743","TRUE"
"PCG_VFX_OAT_Sensitivity_20260826_153906","2026-08-26T15:39:06.2831112Z","BossWinRateWeight_Minus10Percent","Boss performance weight","BossWinRateWeight","Minus10Percent","Dynamic_Player_01_Ice_To_Forest_Ocean_Ice","Day01_IceBaseline","1","BossRecencyWeight","IceDragon","0","1","4","0.840896","0.840896","0.840896","TRUE"
"PCG_VFX_OAT_Sensitivity_20260826_153906","2026-08-26T15:39:06.2831112Z","BossWinRateWeight_Minus10Percent","Boss performance weight","BossWinRateWeight","Minus10Percent","Dynamic_Player_01_Ice_To_Forest_Ocean_Ice","Day04_IceSettled","4","WeaponEffectiveUse","Sword","1","433.743","15","0.870551","377.5952","377.5952","TRUE"
"PCG_VFX_OAT_Sensitivity_20260826_153906","2026-08-26T15:39:06.2831112Z","BossWinRateWeight_Minus10Percent","Boss performance weight","BossWinRateWeight","Minus10Percent","Dynamic_Player_01_Ice_To_Forest_Ocean_Ice","Day04_IceSettled","4","BossRecencyWeight","IceDragon","1","0.840896","4","0.594604","0.5","0.5","TRUE"
"PCG_VFX_OAT_Sensitivity_20260826_153906","2026-08-26T15:39:06.2831112Z","BossWinRateWeight_Minus10Percent","Boss performance weight","BossWinRateWeight","Minus10Percent","Dynamic_Player_01_Ice_To_Forest_Ocean_Ice","Day08_ForestCommitment","8","WeaponEffectiveUse","Sword","4","487.5952","15","0.831238","405.3076","405.3076","TRUE"
"PCG_VFX_OAT_Sensitivity_20260826_153906","2026-08-26T15:39:06.2831112Z","BossWinRateWeight_Minus10Percent","Boss performance weight","BossWinRateWeight","Minus10Percent","Dynamic_Player_01_Ice_To_Forest_Ocean_Ice","Day08_ForestCommitment","8","BossRecencyWeight","IceDragon","4","0.5","4","0.5","0.25","0.25","TRUE"
"PCG_VFX_OAT_Sensitivity_20260826_153906","2026-08-26T15:39:06.2831112Z","BossWinRateWeight_Minus10Percent","Boss performance weight","BossWinRateWeight","Minus10Percent","Dynamic_Player_01_Ice_To_Forest_Ocean_Ice","Day14_ForestMastery","14","WeaponEffectiveUse","Sword","8","430.3076","15","0.757858","326.1122","326.1122","TRUE"
"PCG_VFX_OAT_Sensitivity_20260826_153906","2026-08-26T15:39:06.2831112Z","BossWinRateWeight_Minus10Percent","Boss performance weight","BossWinRateWeight","Minus10Percent","Dynamic_Player_01_Ice_To_Forest_Ocean_Ice","Day14_ForestMastery","14","WeaponEffectiveUse","Bow","8","300","15","0.757858","227.3575","227.3575","TRUE"
"PCG_VFX_OAT_Sensitivity_20260826_153906","2026-08-26T15:39:06.2831112Z","BossWinRateWeight_Minus10Percent","Boss performance weight","BossWinRateWeight","Minus10Percent","Dynamic_Player_01_Ice_To_Forest_Ocean_Ice","Day14_ForestMastery","14","BossRecencyWeight","IceDragon","8","0.25","4","0.353553","0.088388","0.088388","TRUE"
"PCG_VFX_OAT_Sensitivity_20260826_153906","2026-08-26T15:39:06.2831112Z","BossWinRateWeight_Minus10Percent","Boss performance weight","BossWinRateWeight","Minus10Percent","Dynamic_Player_01_Ice_To_Forest_Ocean_Ice","Day14_ForestMastery","14","RegionRecentVisit","ForestRuins","8","650","20","0.812252","527.9641","527.9641","TRUE"
"PCG_VFX_OAT_Sensitivity_20260826_153906","2026-08-26T15:39:06.2831112Z","BossWinRateWeight_Minus10Percent","Boss performance weight","BossWinRateWeight","Minus10Percent","Dynamic_Player_01_Ice_To_Forest_Ocean_Ice","Day20_OceanDiscovery","20","WeaponEffectiveUse","Sword","14","326.1122","15","0.757858","247.1468","247.1468","TRUE"
"PCG_VFX_OAT_Sensitivity_20260826_153906","2026-08-26T15:39:06.2831112Z","BossWinRateWeight_Minus10Percent","Boss performance weight","BossWinRateWeight","Minus10Percent","Dynamic_Player_01_Ice_To_Forest_Ocean_Ice","Day20_OceanDiscovery","20","WeaponEffectiveUse","Bow","14","587.3575","15","0.757858","445.1337","445.1337","TRUE"
"PCG_VFX_OAT_Sensitivity_20260826_153906","2026-08-26T15:39:06.2831112Z","BossWinRateWeight_Minus10Percent","Boss performance weight","BossWinRateWeight","Minus10Percent","Dynamic_Player_01_Ice_To_Forest_Ocean_Ice","Day20_OceanDiscovery","20","BossRecencyWeight","IceDragon","14","0.088388","4","0.353553","0.03125","0.03125","TRUE"
"PCG_VFX_OAT_Sensitivity_20260826_153906","2026-08-26T15:39:06.2831112Z","BossWinRateWeight_Minus10Percent","Boss performance weight","BossWinRateWeight","Minus10Percent","Dynamic_Player_01_Ice_To_Forest_Ocean_Ice","Day20_OceanDiscovery","20","RegionRecentVisit","ForestRuins","14","1027.964","20","0.812252","834.9663","834.9663","TRUE"
"PCG_VFX_OAT_Sensitivity_20260826_153906","2026-08-26T15:39:06.2831112Z","BossWinRateWeight_Minus10Percent","Boss performance weight","BossWinRateWeight","Minus10Percent","Dynamic_Player_01_Ice_To_Forest_Ocean_Ice","Day27_SeaTurtleDefeat","27","WeaponEffectiveUse","Sword","20","247.1468","15","0.723635","178.844","178.844","TRUE"
"PCG_VFX_OAT_Sensitivity_20260826_153906","2026-08-26T15:39:06.2831112Z","BossWinRateWeight_Minus10Percent","Boss performance weight","BossWinRateWeight","Minus10Percent","Dynamic_Player_01_Ice_To_Forest_Ocean_Ice","Day27_SeaTurtleDefeat","27","WeaponEffectiveUse","Bow","20","595.1337","15","0.723635","430.6594","430.6594","TRUE"
"PCG_VFX_OAT_Sensitivity_20260826_153906","2026-08-26T15:39:06.2831112Z","BossWinRateWeight_Minus10Percent","Boss performance weight","BossWinRateWeight","Minus10Percent","Dynamic_Player_01_Ice_To_Forest_Ocean_Ice","Day27_SeaTurtleDefeat","27","BossRecencyWeight","IceDragon","20","0.03125","4","0.297302","0.009291","0.009291","TRUE"
"PCG_VFX_OAT_Sensitivity_20260826_153906","2026-08-26T15:39:06.2831112Z","BossWinRateWeight_Minus10Percent","Boss performance weight","BossWinRateWeight","Minus10Percent","Dynamic_Player_01_Ice_To_Forest_Ocean_Ice","Day27_SeaTurtleDefeat","27","RegionRecentVisit","ForestRuins","20","1014.966","20","0.784584","796.3264","796.3264","TRUE"
"PCG_VFX_OAT_Sensitivity_20260826_153906","2026-08-26T15:39:06.2831112Z","BossWinRateWeight_Minus10Percent","Boss performance weight","BossWinRateWeight","Minus10Percent","Dynamic_Player_01_Ice_To_Forest_Ocean_Ice","Day27_SeaTurtleDefeat","27","RegionRecentVisit","OceanRuins","20","240","20","0.784584","188.3002","188.3002","TRUE"
"PCG_VFX_OAT_Sensitivity_20260826_153906","2026-08-26T15:39:06.2831112Z","BossWinRateWeight_Minus10Percent","Boss performance weight","BossWinRateWeight","Minus10Percent","Dynamic_Player_01_Ice_To_Forest_Ocean_Ice","Day39_IceDragonRematch","39","WeaponEffectiveUse","Sword","27","178.844","15","0.574349","102.7189","102.7189","TRUE"
"PCG_VFX_OAT_Sensitivity_20260826_153906","2026-08-26T15:39:06.2831112Z","BossWinRateWeight_Minus10Percent","Boss performance weight","BossWinRateWeight","Minus10Percent","Dynamic_Player_01_Ice_To_Forest_Ocean_Ice","Day39_IceDragonRematch","39","WeaponEffectiveUse","Bow","27","550.6594","15","0.574349","316.2708","316.2708","TRUE"
"PCG_VFX_OAT_Sensitivity_20260826_153906","2026-08-26T15:39:06.2831112Z","BossWinRateWeight_Minus10Percent","Boss performance weight","BossWinRateWeight","Minus10Percent","Dynamic_Player_01_Ice_To_Forest_Ocean_Ice","Day39_IceDragonRematch","39","BossRecencyWeight","IceDragon","27","0.009291","4","0.125","0.001161","0.001161","TRUE"
"PCG_VFX_OAT_Sensitivity_20260826_153906","2026-08-26T15:39:06.2831112Z","BossWinRateWeight_Minus10Percent","Boss performance weight","BossWinRateWeight","Minus10Percent","Dynamic_Player_01_Ice_To_Forest_Ocean_Ice","Day39_IceDragonRematch","39","BossRecencyWeight","SeaTurtle","27","1","4","0.125","0.125","0.125","TRUE"
"PCG_VFX_OAT_Sensitivity_20260826_153906","2026-08-26T15:39:06.2831112Z","BossWinRateWeight_Minus10Percent","Boss performance weight","BossWinRateWeight","Minus10Percent","Dynamic_Player_01_Ice_To_Forest_Ocean_Ice","Day39_IceDragonRematch","39","RegionRecentVisit","ForestRuins","27","796.3264","20","0.659754","525.3795","525.3795","TRUE"
"PCG_VFX_OAT_Sensitivity_20260826_153906","2026-08-26T15:39:06.2831112Z","BossWinRateWeight_Minus10Percent","Boss performance weight","BossWinRateWeight","Minus10Percent","Dynamic_Player_01_Ice_To_Forest_Ocean_Ice","Day39_IceDragonRematch","39","RegionRecentVisit","OceanRuins","27","1188.3","20","0.659754","783.9857","783.9857","TRUE"
"PCG_VFX_OAT_Sensitivity_20260826_153906","2026-08-26T15:39:06.2831112Z","BossWinRateWeight_Plus10Percent","Boss performance weight","BossWinRateWeight","Plus10Percent","Dynamic_Player_01_Ice_To_Forest_Ocean_Ice","Day01_IceBaseline","1","WeaponEffectiveUse","Sword","0","360","15","0.954842","343.743","343.743","TRUE"
"PCG_VFX_OAT_Sensitivity_20260826_153906","2026-08-26T15:39:06.2831112Z","BossWinRateWeight_Plus10Percent","Boss performance weight","BossWinRateWeight","Plus10Percent","Dynamic_Player_01_Ice_To_Forest_Ocean_Ice","Day01_IceBaseline","1","BossRecencyWeight","IceDragon","0","1","4","0.840896","0.840896","0.840896","TRUE"
"PCG_VFX_OAT_Sensitivity_20260826_153906","2026-08-26T15:39:06.2831112Z","BossWinRateWeight_Plus10Percent","Boss performance weight","BossWinRateWeight","Plus10Percent","Dynamic_Player_01_Ice_To_Forest_Ocean_Ice","Day04_IceSettled","4","WeaponEffectiveUse","Sword","1","433.743","15","0.870551","377.5952","377.5952","TRUE"
"PCG_VFX_OAT_Sensitivity_20260826_153906","2026-08-26T15:39:06.2831112Z","BossWinRateWeight_Plus10Percent","Boss performance weight","BossWinRateWeight","Plus10Percent","Dynamic_Player_01_Ice_To_Forest_Ocean_Ice","Day04_IceSettled","4","BossRecencyWeight","IceDragon","1","0.840896","4","0.594604","0.5","0.5","TRUE"
"PCG_VFX_OAT_Sensitivity_20260826_153906","2026-08-26T15:39:06.2831112Z","BossWinRateWeight_Plus10Percent","Boss performance weight","BossWinRateWeight","Plus10Percent","Dynamic_Player_01_Ice_To_Forest_Ocean_Ice","Day08_ForestCommitment","8","WeaponEffectiveUse","Sword","4","487.5952","15","0.831238","405.3076","405.3076","TRUE"
"PCG_VFX_OAT_Sensitivity_20260826_153906","2026-08-26T15:39:06.2831112Z","BossWinRateWeight_Plus10Percent","Boss performance weight","BossWinRateWeight","Plus10Percent","Dynamic_Player_01_Ice_To_Forest_Ocean_Ice","Day08_ForestCommitment","8","BossRecencyWeight","IceDragon","4","0.5","4","0.5","0.25","0.25","TRUE"
"PCG_VFX_OAT_Sensitivity_20260826_153906","2026-08-26T15:39:06.2831112Z","BossWinRateWeight_Plus10Percent","Boss performance weight","BossWinRateWeight","Plus10Percent","Dynamic_Player_01_Ice_To_Forest_Ocean_Ice","Day14_ForestMastery","14","WeaponEffectiveUse","Sword","8","430.3076","15","0.757858","326.1122","326.1122","TRUE"
"PCG_VFX_OAT_Sensitivity_20260826_153906","2026-08-26T15:39:06.2831112Z","BossWinRateWeight_Plus10Percent","Boss performance weight","BossWinRateWeight","Plus10Percent","Dynamic_Player_01_Ice_To_Forest_Ocean_Ice","Day14_ForestMastery","14","WeaponEffectiveUse","Bow","8","300","15","0.757858","227.3575","227.3575","TRUE"
"PCG_VFX_OAT_Sensitivity_20260826_153906","2026-08-26T15:39:06.2831112Z","BossWinRateWeight_Plus10Percent","Boss performance weight","BossWinRateWeight","Plus10Percent","Dynamic_Player_01_Ice_To_Forest_Ocean_Ice","Day14_ForestMastery","14","BossRecencyWeight","IceDragon","8","0.25","4","0.353553","0.088388","0.088388","TRUE"
"PCG_VFX_OAT_Sensitivity_20260826_153906","2026-08-26T15:39:06.2831112Z","BossWinRateWeight_Plus10Percent","Boss performance weight","BossWinRateWeight","Plus10Percent","Dynamic_Player_01_Ice_To_Forest_Ocean_Ice","Day14_ForestMastery","14","RegionRecentVisit","ForestRuins","8","650","20","0.812252","527.9641","527.9641","TRUE"
"PCG_VFX_OAT_Sensitivity_20260826_153906","2026-08-26T15:39:06.2831112Z","BossWinRateWeight_Plus10Percent","Boss performance weight","BossWinRateWeight","Plus10Percent","Dynamic_Player_01_Ice_To_Forest_Ocean_Ice","Day20_OceanDiscovery","20","WeaponEffectiveUse","Sword","14","326.1122","15","0.757858","247.1468","247.1468","TRUE"
"PCG_VFX_OAT_Sensitivity_20260826_153906","2026-08-26T15:39:06.2831112Z","BossWinRateWeight_Plus10Percent","Boss performance weight","BossWinRateWeight","Plus10Percent","Dynamic_Player_01_Ice_To_Forest_Ocean_Ice","Day20_OceanDiscovery","20","WeaponEffectiveUse","Bow","14","587.3575","15","0.757858","445.1337","445.1337","TRUE"
"PCG_VFX_OAT_Sensitivity_20260826_153906","2026-08-26T15:39:06.2831112Z","BossWinRateWeight_Plus10Percent","Boss performance weight","BossWinRateWeight","Plus10Percent","Dynamic_Player_01_Ice_To_Forest_Ocean_Ice","Day20_OceanDiscovery","20","BossRecencyWeight","IceDragon","14","0.088388","4","0.353553","0.03125","0.03125","TRUE"
"PCG_VFX_OAT_Sensitivity_20260826_153906","2026-08-26T15:39:06.2831112Z","BossWinRateWeight_Plus10Percent","Boss performance weight","BossWinRateWeight","Plus10Percent","Dynamic_Player_01_Ice_To_Forest_Ocean_Ice","Day20_OceanDiscovery","20","RegionRecentVisit","ForestRuins","14","1027.964","20","0.812252","834.9663","834.9663","TRUE"
"PCG_VFX_OAT_Sensitivity_20260826_153906","2026-08-26T15:39:06.2831112Z","BossWinRateWeight_Plus10Percent","Boss performance weight","BossWinRateWeight","Plus10Percent","Dynamic_Player_01_Ice_To_Forest_Ocean_Ice","Day27_SeaTurtleDefeat","27","WeaponEffectiveUse","Sword","20","247.1468","15","0.723635","178.844","178.844","TRUE"
"PCG_VFX_OAT_Sensitivity_20260826_153906","2026-08-26T15:39:06.2831112Z","BossWinRateWeight_Plus10Percent","Boss performance weight","BossWinRateWeight","Plus10Percent","Dynamic_Player_01_Ice_To_Forest_Ocean_Ice","Day27_SeaTurtleDefeat","27","WeaponEffectiveUse","Bow","20","595.1337","15","0.723635","430.6594","430.6594","TRUE"
"PCG_VFX_OAT_Sensitivity_20260826_153906","2026-08-26T15:39:06.2831112Z","BossWinRateWeight_Plus10Percent","Boss performance weight","BossWinRateWeight","Plus10Percent","Dynamic_Player_01_Ice_To_Forest_Ocean_Ice","Day27_SeaTurtleDefeat","27","BossRecencyWeight","IceDragon","20","0.03125","4","0.297302","0.009291","0.009291","TRUE"
"PCG_VFX_OAT_Sensitivity_20260826_153906","2026-08-26T15:39:06.2831112Z","BossWinRateWeight_Plus10Percent","Boss performance weight","BossWinRateWeight","Plus10Percent","Dynamic_Player_01_Ice_To_Forest_Ocean_Ice","Day27_SeaTurtleDefeat","27","RegionRecentVisit","ForestRuins","20","1014.966","20","0.784584","796.3264","796.3264","TRUE"
"PCG_VFX_OAT_Sensitivity_20260826_153906","2026-08-26T15:39:06.2831112Z","BossWinRateWeight_Plus10Percent","Boss performance weight","BossWinRateWeight","Plus10Percent","Dynamic_Player_01_Ice_To_Forest_Ocean_Ice","Day27_SeaTurtleDefeat","27","RegionRecentVisit","OceanRuins","20","240","20","0.784584","188.3002","188.3002","TRUE"
"PCG_VFX_OAT_Sensitivity_20260826_153906","2026-08-26T15:39:06.2831112Z","BossWinRateWeight_Plus10Percent","Boss performance weight","BossWinRateWeight","Plus10Percent","Dynamic_Player_01_Ice_To_Forest_Ocean_Ice","Day39_IceDragonRematch","39","WeaponEffectiveUse","Sword","27","178.844","15","0.574349","102.7189","102.7189","TRUE"
"PCG_VFX_OAT_Sensitivity_20260826_153906","2026-08-26T15:39:06.2831112Z","BossWinRateWeight_Plus10Percent","Boss performance weight","BossWinRateWeight","Plus10Percent","Dynamic_Player_01_Ice_To_Forest_Ocean_Ice","Day39_IceDragonRematch","39","WeaponEffectiveUse","Bow","27","550.6594","15","0.574349","316.2708","316.2708","TRUE"
"PCG_VFX_OAT_Sensitivity_20260826_153906","2026-08-26T15:39:06.2831112Z","BossWinRateWeight_Plus10Percent","Boss performance weight","BossWinRateWeight","Plus10Percent","Dynamic_Player_01_Ice_To_Forest_Ocean_Ice","Day39_IceDragonRematch","39","BossRecencyWeight","IceDragon","27","0.009291","4","0.125","0.001161","0.001161","TRUE"
"PCG_VFX_OAT_Sensitivity_20260826_153906","2026-08-26T15:39:06.2831112Z","BossWinRateWeight_Plus10Percent","Boss performance weight","BossWinRateWeight","Plus10Percent","Dynamic_Player_01_Ice_To_Forest_Ocean_Ice","Day39_IceDragonRematch","39","BossRecencyWeight","SeaTurtle","27","1","4","0.125","0.125","0.125","TRUE"
"PCG_VFX_OAT_Sensitivity_20260826_153906","2026-08-26T15:39:06.2831112Z","BossWinRateWeight_Plus10Percent","Boss performance weight","BossWinRateWeight","Plus10Percent","Dynamic_Player_01_Ice_To_Forest_Ocean_Ice","Day39_IceDragonRematch","39","RegionRecentVisit","ForestRuins","27","796.3264","20","0.659754","525.3795","525.3795","TRUE"
"PCG_VFX_OAT_Sensitivity_20260826_153906","2026-08-26T15:39:06.2831112Z","BossWinRateWeight_Plus10Percent","Boss performance weight","BossWinRateWeight","Plus10Percent","Dynamic_Player_01_Ice_To_Forest_Ocean_Ice","Day39_IceDragonRematch","39","RegionRecentVisit","OceanRuins","27","1188.3","20","0.659754","783.9857","783.9857","TRUE"
"PCG_VFX_OAT_Sensitivity_20260826_153906","2026-08-26T15:39:06.2831112Z","RegionExplorationWeight_Minus10Percent","Region depth weights","RegionExplorationWeight","Minus10Percent","Dynamic_Player_01_Ice_To_Forest_Ocean_Ice","Day01_IceBaseline","1","WeaponEffectiveUse","Sword","0","360","15","0.954842","343.743","343.743","TRUE"
"PCG_VFX_OAT_Sensitivity_20260826_153906","2026-08-26T15:39:06.2831112Z","RegionExplorationWeight_Minus10Percent","Region depth weights","RegionExplorationWeight","Minus10Percent","Dynamic_Player_01_Ice_To_Forest_Ocean_Ice","Day01_IceBaseline","1","BossRecencyWeight","IceDragon","0","1","4","0.840896","0.840896","0.840896","TRUE"
"PCG_VFX_OAT_Sensitivity_20260826_153906","2026-08-26T15:39:06.2831112Z","RegionExplorationWeight_Minus10Percent","Region depth weights","RegionExplorationWeight","Minus10Percent","Dynamic_Player_01_Ice_To_Forest_Ocean_Ice","Day04_IceSettled","4","WeaponEffectiveUse","Sword","1","433.743","15","0.870551","377.5952","377.5952","TRUE"
"PCG_VFX_OAT_Sensitivity_20260826_153906","2026-08-26T15:39:06.2831112Z","RegionExplorationWeight_Minus10Percent","Region depth weights","RegionExplorationWeight","Minus10Percent","Dynamic_Player_01_Ice_To_Forest_Ocean_Ice","Day04_IceSettled","4","BossRecencyWeight","IceDragon","1","0.840896","4","0.594604","0.5","0.5","TRUE"
"PCG_VFX_OAT_Sensitivity_20260826_153906","2026-08-26T15:39:06.2831112Z","RegionExplorationWeight_Minus10Percent","Region depth weights","RegionExplorationWeight","Minus10Percent","Dynamic_Player_01_Ice_To_Forest_Ocean_Ice","Day08_ForestCommitment","8","WeaponEffectiveUse","Sword","4","487.5952","15","0.831238","405.3076","405.3076","TRUE"
"PCG_VFX_OAT_Sensitivity_20260826_153906","2026-08-26T15:39:06.2831112Z","RegionExplorationWeight_Minus10Percent","Region depth weights","RegionExplorationWeight","Minus10Percent","Dynamic_Player_01_Ice_To_Forest_Ocean_Ice","Day08_ForestCommitment","8","BossRecencyWeight","IceDragon","4","0.5","4","0.5","0.25","0.25","TRUE"
"PCG_VFX_OAT_Sensitivity_20260826_153906","2026-08-26T15:39:06.2831112Z","RegionExplorationWeight_Minus10Percent","Region depth weights","RegionExplorationWeight","Minus10Percent","Dynamic_Player_01_Ice_To_Forest_Ocean_Ice","Day14_ForestMastery","14","WeaponEffectiveUse","Sword","8","430.3076","15","0.757858","326.1122","326.1122","TRUE"
"PCG_VFX_OAT_Sensitivity_20260826_153906","2026-08-26T15:39:06.2831112Z","RegionExplorationWeight_Minus10Percent","Region depth weights","RegionExplorationWeight","Minus10Percent","Dynamic_Player_01_Ice_To_Forest_Ocean_Ice","Day14_ForestMastery","14","WeaponEffectiveUse","Bow","8","300","15","0.757858","227.3575","227.3575","TRUE"
"PCG_VFX_OAT_Sensitivity_20260826_153906","2026-08-26T15:39:06.2831112Z","RegionExplorationWeight_Minus10Percent","Region depth weights","RegionExplorationWeight","Minus10Percent","Dynamic_Player_01_Ice_To_Forest_Ocean_Ice","Day14_ForestMastery","14","BossRecencyWeight","IceDragon","8","0.25","4","0.353553","0.088388","0.088388","TRUE"
"PCG_VFX_OAT_Sensitivity_20260826_153906","2026-08-26T15:39:06.2831112Z","RegionExplorationWeight_Minus10Percent","Region depth weights","RegionExplorationWeight","Minus10Percent","Dynamic_Player_01_Ice_To_Forest_Ocean_Ice","Day14_ForestMastery","14","RegionRecentVisit","ForestRuins","8","650","20","0.812252","527.9641","527.9641","TRUE"
"PCG_VFX_OAT_Sensitivity_20260826_153906","2026-08-26T15:39:06.2831112Z","RegionExplorationWeight_Minus10Percent","Region depth weights","RegionExplorationWeight","Minus10Percent","Dynamic_Player_01_Ice_To_Forest_Ocean_Ice","Day20_OceanDiscovery","20","WeaponEffectiveUse","Sword","14","326.1122","15","0.757858","247.1468","247.1468","TRUE"
"PCG_VFX_OAT_Sensitivity_20260826_153906","2026-08-26T15:39:06.2831112Z","RegionExplorationWeight_Minus10Percent","Region depth weights","RegionExplorationWeight","Minus10Percent","Dynamic_Player_01_Ice_To_Forest_Ocean_Ice","Day20_OceanDiscovery","20","WeaponEffectiveUse","Bow","14","587.3575","15","0.757858","445.1337","445.1337","TRUE"
"PCG_VFX_OAT_Sensitivity_20260826_153906","2026-08-26T15:39:06.2831112Z","RegionExplorationWeight_Minus10Percent","Region depth weights","RegionExplorationWeight","Minus10Percent","Dynamic_Player_01_Ice_To_Forest_Ocean_Ice","Day20_OceanDiscovery","20","BossRecencyWeight","IceDragon","14","0.088388","4","0.353553","0.03125","0.03125","TRUE"
"PCG_VFX_OAT_Sensitivity_20260826_153906","2026-08-26T15:39:06.2831112Z","RegionExplorationWeight_Minus10Percent","Region depth weights","RegionExplorationWeight","Minus10Percent","Dynamic_Player_01_Ice_To_Forest_Ocean_Ice","Day20_OceanDiscovery","20","RegionRecentVisit","ForestRuins","14","1027.964","20","0.812252","834.9663","834.9663","TRUE"
"PCG_VFX_OAT_Sensitivity_20260826_153906","2026-08-26T15:39:06.2831112Z","RegionExplorationWeight_Minus10Percent","Region depth weights","RegionExplorationWeight","Minus10Percent","Dynamic_Player_01_Ice_To_Forest_Ocean_Ice","Day27_SeaTurtleDefeat","27","WeaponEffectiveUse","Sword","20","247.1468","15","0.723635","178.844","178.844","TRUE"
"PCG_VFX_OAT_Sensitivity_20260826_153906","2026-08-26T15:39:06.2831112Z","RegionExplorationWeight_Minus10Percent","Region depth weights","RegionExplorationWeight","Minus10Percent","Dynamic_Player_01_Ice_To_Forest_Ocean_Ice","Day27_SeaTurtleDefeat","27","WeaponEffectiveUse","Bow","20","595.1337","15","0.723635","430.6594","430.6594","TRUE"
"PCG_VFX_OAT_Sensitivity_20260826_153906","2026-08-26T15:39:06.2831112Z","RegionExplorationWeight_Minus10Percent","Region depth weights","RegionExplorationWeight","Minus10Percent","Dynamic_Player_01_Ice_To_Forest_Ocean_Ice","Day27_SeaTurtleDefeat","27","BossRecencyWeight","IceDragon","20","0.03125","4","0.297302","0.009291","0.009291","TRUE"
"PCG_VFX_OAT_Sensitivity_20260826_153906","2026-08-26T15:39:06.2831112Z","RegionExplorationWeight_Minus10Percent","Region depth weights","RegionExplorationWeight","Minus10Percent","Dynamic_Player_01_Ice_To_Forest_Ocean_Ice","Day27_SeaTurtleDefeat","27","RegionRecentVisit","ForestRuins","20","1014.966","20","0.784584","796.3264","796.3264","TRUE"
"PCG_VFX_OAT_Sensitivity_20260826_153906","2026-08-26T15:39:06.2831112Z","RegionExplorationWeight_Minus10Percent","Region depth weights","RegionExplorationWeight","Minus10Percent","Dynamic_Player_01_Ice_To_Forest_Ocean_Ice","Day27_SeaTurtleDefeat","27","RegionRecentVisit","OceanRuins","20","240","20","0.784584","188.3002","188.3002","TRUE"
"PCG_VFX_OAT_Sensitivity_20260826_153906","2026-08-26T15:39:06.2831112Z","RegionExplorationWeight_Minus10Percent","Region depth weights","RegionExplorationWeight","Minus10Percent","Dynamic_Player_01_Ice_To_Forest_Ocean_Ice","Day39_IceDragonRematch","39","WeaponEffectiveUse","Sword","27","178.844","15","0.574349","102.7189","102.7189","TRUE"
"PCG_VFX_OAT_Sensitivity_20260826_153906","2026-08-26T15:39:06.2831112Z","RegionExplorationWeight_Minus10Percent","Region depth weights","RegionExplorationWeight","Minus10Percent","Dynamic_Player_01_Ice_To_Forest_Ocean_Ice","Day39_IceDragonRematch","39","WeaponEffectiveUse","Bow","27","550.6594","15","0.574349","316.2708","316.2708","TRUE"
"PCG_VFX_OAT_Sensitivity_20260826_153906","2026-08-26T15:39:06.2831112Z","RegionExplorationWeight_Minus10Percent","Region depth weights","RegionExplorationWeight","Minus10Percent","Dynamic_Player_01_Ice_To_Forest_Ocean_Ice","Day39_IceDragonRematch","39","BossRecencyWeight","IceDragon","27","0.009291","4","0.125","0.001161","0.001161","TRUE"
"PCG_VFX_OAT_Sensitivity_20260826_153906","2026-08-26T15:39:06.2831112Z","RegionExplorationWeight_Minus10Percent","Region depth weights","RegionExplorationWeight","Minus10Percent","Dynamic_Player_01_Ice_To_Forest_Ocean_Ice","Day39_IceDragonRematch","39","BossRecencyWeight","SeaTurtle","27","1","4","0.125","0.125","0.125","TRUE"
"PCG_VFX_OAT_Sensitivity_20260826_153906","2026-08-26T15:39:06.2831112Z","RegionExplorationWeight_Minus10Percent","Region depth weights","RegionExplorationWeight","Minus10Percent","Dynamic_Player_01_Ice_To_Forest_Ocean_Ice","Day39_IceDragonRematch","39","RegionRecentVisit","ForestRuins","27","796.3264","20","0.659754","525.3795","525.3795","TRUE"
"PCG_VFX_OAT_Sensitivity_20260826_153906","2026-08-26T15:39:06.2831112Z","RegionExplorationWeight_Minus10Percent","Region depth weights","RegionExplorationWeight","Minus10Percent","Dynamic_Player_01_Ice_To_Forest_Ocean_Ice","Day39_IceDragonRematch","39","RegionRecentVisit","OceanRuins","27","1188.3","20","0.659754","783.9857","783.9857","TRUE"
"PCG_VFX_OAT_Sensitivity_20260826_153906","2026-08-26T15:39:06.2831112Z","RegionExplorationWeight_Plus10Percent","Region depth weights","RegionExplorationWeight","Plus10Percent","Dynamic_Player_01_Ice_To_Forest_Ocean_Ice","Day01_IceBaseline","1","WeaponEffectiveUse","Sword","0","360","15","0.954842","343.743","343.743","TRUE"
"PCG_VFX_OAT_Sensitivity_20260826_153906","2026-08-26T15:39:06.2831112Z","RegionExplorationWeight_Plus10Percent","Region depth weights","RegionExplorationWeight","Plus10Percent","Dynamic_Player_01_Ice_To_Forest_Ocean_Ice","Day01_IceBaseline","1","BossRecencyWeight","IceDragon","0","1","4","0.840896","0.840896","0.840896","TRUE"
"PCG_VFX_OAT_Sensitivity_20260826_153906","2026-08-26T15:39:06.2831112Z","RegionExplorationWeight_Plus10Percent","Region depth weights","RegionExplorationWeight","Plus10Percent","Dynamic_Player_01_Ice_To_Forest_Ocean_Ice","Day04_IceSettled","4","WeaponEffectiveUse","Sword","1","433.743","15","0.870551","377.5952","377.5952","TRUE"
"PCG_VFX_OAT_Sensitivity_20260826_153906","2026-08-26T15:39:06.2831112Z","RegionExplorationWeight_Plus10Percent","Region depth weights","RegionExplorationWeight","Plus10Percent","Dynamic_Player_01_Ice_To_Forest_Ocean_Ice","Day04_IceSettled","4","BossRecencyWeight","IceDragon","1","0.840896","4","0.594604","0.5","0.5","TRUE"
"PCG_VFX_OAT_Sensitivity_20260826_153906","2026-08-26T15:39:06.2831112Z","RegionExplorationWeight_Plus10Percent","Region depth weights","RegionExplorationWeight","Plus10Percent","Dynamic_Player_01_Ice_To_Forest_Ocean_Ice","Day08_ForestCommitment","8","WeaponEffectiveUse","Sword","4","487.5952","15","0.831238","405.3076","405.3076","TRUE"
"PCG_VFX_OAT_Sensitivity_20260826_153906","2026-08-26T15:39:06.2831112Z","RegionExplorationWeight_Plus10Percent","Region depth weights","RegionExplorationWeight","Plus10Percent","Dynamic_Player_01_Ice_To_Forest_Ocean_Ice","Day08_ForestCommitment","8","BossRecencyWeight","IceDragon","4","0.5","4","0.5","0.25","0.25","TRUE"
"PCG_VFX_OAT_Sensitivity_20260826_153906","2026-08-26T15:39:06.2831112Z","RegionExplorationWeight_Plus10Percent","Region depth weights","RegionExplorationWeight","Plus10Percent","Dynamic_Player_01_Ice_To_Forest_Ocean_Ice","Day14_ForestMastery","14","WeaponEffectiveUse","Sword","8","430.3076","15","0.757858","326.1122","326.1122","TRUE"
"PCG_VFX_OAT_Sensitivity_20260826_153906","2026-08-26T15:39:06.2831112Z","RegionExplorationWeight_Plus10Percent","Region depth weights","RegionExplorationWeight","Plus10Percent","Dynamic_Player_01_Ice_To_Forest_Ocean_Ice","Day14_ForestMastery","14","WeaponEffectiveUse","Bow","8","300","15","0.757858","227.3575","227.3575","TRUE"
"PCG_VFX_OAT_Sensitivity_20260826_153906","2026-08-26T15:39:06.2831112Z","RegionExplorationWeight_Plus10Percent","Region depth weights","RegionExplorationWeight","Plus10Percent","Dynamic_Player_01_Ice_To_Forest_Ocean_Ice","Day14_ForestMastery","14","BossRecencyWeight","IceDragon","8","0.25","4","0.353553","0.088388","0.088388","TRUE"
"PCG_VFX_OAT_Sensitivity_20260826_153906","2026-08-26T15:39:06.2831112Z","RegionExplorationWeight_Plus10Percent","Region depth weights","RegionExplorationWeight","Plus10Percent","Dynamic_Player_01_Ice_To_Forest_Ocean_Ice","Day14_ForestMastery","14","RegionRecentVisit","ForestRuins","8","650","20","0.812252","527.9641","527.9641","TRUE"
"PCG_VFX_OAT_Sensitivity_20260826_153906","2026-08-26T15:39:06.2831112Z","RegionExplorationWeight_Plus10Percent","Region depth weights","RegionExplorationWeight","Plus10Percent","Dynamic_Player_01_Ice_To_Forest_Ocean_Ice","Day20_OceanDiscovery","20","WeaponEffectiveUse","Sword","14","326.1122","15","0.757858","247.1468","247.1468","TRUE"
"PCG_VFX_OAT_Sensitivity_20260826_153906","2026-08-26T15:39:06.2831112Z","RegionExplorationWeight_Plus10Percent","Region depth weights","RegionExplorationWeight","Plus10Percent","Dynamic_Player_01_Ice_To_Forest_Ocean_Ice","Day20_OceanDiscovery","20","WeaponEffectiveUse","Bow","14","587.3575","15","0.757858","445.1337","445.1337","TRUE"
"PCG_VFX_OAT_Sensitivity_20260826_153906","2026-08-26T15:39:06.2831112Z","RegionExplorationWeight_Plus10Percent","Region depth weights","RegionExplorationWeight","Plus10Percent","Dynamic_Player_01_Ice_To_Forest_Ocean_Ice","Day20_OceanDiscovery","20","BossRecencyWeight","IceDragon","14","0.088388","4","0.353553","0.03125","0.03125","TRUE"
"PCG_VFX_OAT_Sensitivity_20260826_153906","2026-08-26T15:39:06.2831112Z","RegionExplorationWeight_Plus10Percent","Region depth weights","RegionExplorationWeight","Plus10Percent","Dynamic_Player_01_Ice_To_Forest_Ocean_Ice","Day20_OceanDiscovery","20","RegionRecentVisit","ForestRuins","14","1027.964","20","0.812252","834.9663","834.9663","TRUE"
"PCG_VFX_OAT_Sensitivity_20260826_153906","2026-08-26T15:39:06.2831112Z","RegionExplorationWeight_Plus10Percent","Region depth weights","RegionExplorationWeight","Plus10Percent","Dynamic_Player_01_Ice_To_Forest_Ocean_Ice","Day27_SeaTurtleDefeat","27","WeaponEffectiveUse","Sword","20","247.1468","15","0.723635","178.844","178.844","TRUE"
"PCG_VFX_OAT_Sensitivity_20260826_153906","2026-08-26T15:39:06.2831112Z","RegionExplorationWeight_Plus10Percent","Region depth weights","RegionExplorationWeight","Plus10Percent","Dynamic_Player_01_Ice_To_Forest_Ocean_Ice","Day27_SeaTurtleDefeat","27","WeaponEffectiveUse","Bow","20","595.1337","15","0.723635","430.6594","430.6594","TRUE"
"PCG_VFX_OAT_Sensitivity_20260826_153906","2026-08-26T15:39:06.2831112Z","RegionExplorationWeight_Plus10Percent","Region depth weights","RegionExplorationWeight","Plus10Percent","Dynamic_Player_01_Ice_To_Forest_Ocean_Ice","Day27_SeaTurtleDefeat","27","BossRecencyWeight","IceDragon","20","0.03125","4","0.297302","0.009291","0.009291","TRUE"
"PCG_VFX_OAT_Sensitivity_20260826_153906","2026-08-26T15:39:06.2831112Z","RegionExplorationWeight_Plus10Percent","Region depth weights","RegionExplorationWeight","Plus10Percent","Dynamic_Player_01_Ice_To_Forest_Ocean_Ice","Day27_SeaTurtleDefeat","27","RegionRecentVisit","ForestRuins","20","1014.966","20","0.784584","796.3264","796.3264","TRUE"
"PCG_VFX_OAT_Sensitivity_20260826_153906","2026-08-26T15:39:06.2831112Z","RegionExplorationWeight_Plus10Percent","Region depth weights","RegionExplorationWeight","Plus10Percent","Dynamic_Player_01_Ice_To_Forest_Ocean_Ice","Day27_SeaTurtleDefeat","27","RegionRecentVisit","OceanRuins","20","240","20","0.784584","188.3002","188.3002","TRUE"
"PCG_VFX_OAT_Sensitivity_20260826_153906","2026-08-26T15:39:06.2831112Z","RegionExplorationWeight_Plus10Percent","Region depth weights","RegionExplorationWeight","Plus10Percent","Dynamic_Player_01_Ice_To_Forest_Ocean_Ice","Day39_IceDragonRematch","39","WeaponEffectiveUse","Sword","27","178.844","15","0.574349","102.7189","102.7189","TRUE"
"PCG_VFX_OAT_Sensitivity_20260826_153906","2026-08-26T15:39:06.2831112Z","RegionExplorationWeight_Plus10Percent","Region depth weights","RegionExplorationWeight","Plus10Percent","Dynamic_Player_01_Ice_To_Forest_Ocean_Ice","Day39_IceDragonRematch","39","WeaponEffectiveUse","Bow","27","550.6594","15","0.574349","316.2708","316.2708","TRUE"
"PCG_VFX_OAT_Sensitivity_20260826_153906","2026-08-26T15:39:06.2831112Z","RegionExplorationWeight_Plus10Percent","Region depth weights","RegionExplorationWeight","Plus10Percent","Dynamic_Player_01_Ice_To_Forest_Ocean_Ice","Day39_IceDragonRematch","39","BossRecencyWeight","IceDragon","27","0.009291","4","0.125","0.001161","0.001161","TRUE"
"PCG_VFX_OAT_Sensitivity_20260826_153906","2026-08-26T15:39:06.2831112Z","RegionExplorationWeight_Plus10Percent","Region depth weights","RegionExplorationWeight","Plus10Percent","Dynamic_Player_01_Ice_To_Forest_Ocean_Ice","Day39_IceDragonRematch","39","BossRecencyWeight","SeaTurtle","27","1","4","0.125","0.125","0.125","TRUE"
"PCG_VFX_OAT_Sensitivity_20260826_153906","2026-08-26T15:39:06.2831112Z","RegionExplorationWeight_Plus10Percent","Region depth weights","RegionExplorationWeight","Plus10Percent","Dynamic_Player_01_Ice_To_Forest_Ocean_Ice","Day39_IceDragonRematch","39","RegionRecentVisit","ForestRuins","27","796.3264","20","0.659754","525.3795","525.3795","TRUE"
"PCG_VFX_OAT_Sensitivity_20260826_153906","2026-08-26T15:39:06.2831112Z","RegionExplorationWeight_Plus10Percent","Region depth weights","RegionExplorationWeight","Plus10Percent","Dynamic_Player_01_Ice_To_Forest_Ocean_Ice","Day39_IceDragonRematch","39","RegionRecentVisit","OceanRuins","27","1188.3","20","0.659754","783.9857","783.9857","TRUE"
"PCG_VFX_OAT_Sensitivity_20260826_153906","2026-08-26T15:39:06.2831112Z","RegionQuestWeight_Minus10Percent","Region depth weights","RegionQuestWeight","Minus10Percent","Dynamic_Player_01_Ice_To_Forest_Ocean_Ice","Day01_IceBaseline","1","WeaponEffectiveUse","Sword","0","360","15","0.954842","343.743","343.743","TRUE"
"PCG_VFX_OAT_Sensitivity_20260826_153906","2026-08-26T15:39:06.2831112Z","RegionQuestWeight_Minus10Percent","Region depth weights","RegionQuestWeight","Minus10Percent","Dynamic_Player_01_Ice_To_Forest_Ocean_Ice","Day01_IceBaseline","1","BossRecencyWeight","IceDragon","0","1","4","0.840896","0.840896","0.840896","TRUE"
"PCG_VFX_OAT_Sensitivity_20260826_153906","2026-08-26T15:39:06.2831112Z","RegionQuestWeight_Minus10Percent","Region depth weights","RegionQuestWeight","Minus10Percent","Dynamic_Player_01_Ice_To_Forest_Ocean_Ice","Day04_IceSettled","4","WeaponEffectiveUse","Sword","1","433.743","15","0.870551","377.5952","377.5952","TRUE"
"PCG_VFX_OAT_Sensitivity_20260826_153906","2026-08-26T15:39:06.2831112Z","RegionQuestWeight_Minus10Percent","Region depth weights","RegionQuestWeight","Minus10Percent","Dynamic_Player_01_Ice_To_Forest_Ocean_Ice","Day04_IceSettled","4","BossRecencyWeight","IceDragon","1","0.840896","4","0.594604","0.5","0.5","TRUE"
"PCG_VFX_OAT_Sensitivity_20260826_153906","2026-08-26T15:39:06.2831112Z","RegionQuestWeight_Minus10Percent","Region depth weights","RegionQuestWeight","Minus10Percent","Dynamic_Player_01_Ice_To_Forest_Ocean_Ice","Day08_ForestCommitment","8","WeaponEffectiveUse","Sword","4","487.5952","15","0.831238","405.3076","405.3076","TRUE"
"PCG_VFX_OAT_Sensitivity_20260826_153906","2026-08-26T15:39:06.2831112Z","RegionQuestWeight_Minus10Percent","Region depth weights","RegionQuestWeight","Minus10Percent","Dynamic_Player_01_Ice_To_Forest_Ocean_Ice","Day08_ForestCommitment","8","BossRecencyWeight","IceDragon","4","0.5","4","0.5","0.25","0.25","TRUE"
"PCG_VFX_OAT_Sensitivity_20260826_153906","2026-08-26T15:39:06.2831112Z","RegionQuestWeight_Minus10Percent","Region depth weights","RegionQuestWeight","Minus10Percent","Dynamic_Player_01_Ice_To_Forest_Ocean_Ice","Day14_ForestMastery","14","WeaponEffectiveUse","Sword","8","430.3076","15","0.757858","326.1122","326.1122","TRUE"
"PCG_VFX_OAT_Sensitivity_20260826_153906","2026-08-26T15:39:06.2831112Z","RegionQuestWeight_Minus10Percent","Region depth weights","RegionQuestWeight","Minus10Percent","Dynamic_Player_01_Ice_To_Forest_Ocean_Ice","Day14_ForestMastery","14","WeaponEffectiveUse","Bow","8","300","15","0.757858","227.3575","227.3575","TRUE"
"PCG_VFX_OAT_Sensitivity_20260826_153906","2026-08-26T15:39:06.2831112Z","RegionQuestWeight_Minus10Percent","Region depth weights","RegionQuestWeight","Minus10Percent","Dynamic_Player_01_Ice_To_Forest_Ocean_Ice","Day14_ForestMastery","14","BossRecencyWeight","IceDragon","8","0.25","4","0.353553","0.088388","0.088388","TRUE"
"PCG_VFX_OAT_Sensitivity_20260826_153906","2026-08-26T15:39:06.2831112Z","RegionQuestWeight_Minus10Percent","Region depth weights","RegionQuestWeight","Minus10Percent","Dynamic_Player_01_Ice_To_Forest_Ocean_Ice","Day14_ForestMastery","14","RegionRecentVisit","ForestRuins","8","650","20","0.812252","527.9641","527.9641","TRUE"
"PCG_VFX_OAT_Sensitivity_20260826_153906","2026-08-26T15:39:06.2831112Z","RegionQuestWeight_Minus10Percent","Region depth weights","RegionQuestWeight","Minus10Percent","Dynamic_Player_01_Ice_To_Forest_Ocean_Ice","Day20_OceanDiscovery","20","WeaponEffectiveUse","Sword","14","326.1122","15","0.757858","247.1468","247.1468","TRUE"
"PCG_VFX_OAT_Sensitivity_20260826_153906","2026-08-26T15:39:06.2831112Z","RegionQuestWeight_Minus10Percent","Region depth weights","RegionQuestWeight","Minus10Percent","Dynamic_Player_01_Ice_To_Forest_Ocean_Ice","Day20_OceanDiscovery","20","WeaponEffectiveUse","Bow","14","587.3575","15","0.757858","445.1337","445.1337","TRUE"
"PCG_VFX_OAT_Sensitivity_20260826_153906","2026-08-26T15:39:06.2831112Z","RegionQuestWeight_Minus10Percent","Region depth weights","RegionQuestWeight","Minus10Percent","Dynamic_Player_01_Ice_To_Forest_Ocean_Ice","Day20_OceanDiscovery","20","BossRecencyWeight","IceDragon","14","0.088388","4","0.353553","0.03125","0.03125","TRUE"
"PCG_VFX_OAT_Sensitivity_20260826_153906","2026-08-26T15:39:06.2831112Z","RegionQuestWeight_Minus10Percent","Region depth weights","RegionQuestWeight","Minus10Percent","Dynamic_Player_01_Ice_To_Forest_Ocean_Ice","Day20_OceanDiscovery","20","RegionRecentVisit","ForestRuins","14","1027.964","20","0.812252","834.9663","834.9663","TRUE"
"PCG_VFX_OAT_Sensitivity_20260826_153906","2026-08-26T15:39:06.2831112Z","RegionQuestWeight_Minus10Percent","Region depth weights","RegionQuestWeight","Minus10Percent","Dynamic_Player_01_Ice_To_Forest_Ocean_Ice","Day27_SeaTurtleDefeat","27","WeaponEffectiveUse","Sword","20","247.1468","15","0.723635","178.844","178.844","TRUE"
"PCG_VFX_OAT_Sensitivity_20260826_153906","2026-08-26T15:39:06.2831112Z","RegionQuestWeight_Minus10Percent","Region depth weights","RegionQuestWeight","Minus10Percent","Dynamic_Player_01_Ice_To_Forest_Ocean_Ice","Day27_SeaTurtleDefeat","27","WeaponEffectiveUse","Bow","20","595.1337","15","0.723635","430.6594","430.6594","TRUE"
"PCG_VFX_OAT_Sensitivity_20260826_153906","2026-08-26T15:39:06.2831112Z","RegionQuestWeight_Minus10Percent","Region depth weights","RegionQuestWeight","Minus10Percent","Dynamic_Player_01_Ice_To_Forest_Ocean_Ice","Day27_SeaTurtleDefeat","27","BossRecencyWeight","IceDragon","20","0.03125","4","0.297302","0.009291","0.009291","TRUE"
"PCG_VFX_OAT_Sensitivity_20260826_153906","2026-08-26T15:39:06.2831112Z","RegionQuestWeight_Minus10Percent","Region depth weights","RegionQuestWeight","Minus10Percent","Dynamic_Player_01_Ice_To_Forest_Ocean_Ice","Day27_SeaTurtleDefeat","27","RegionRecentVisit","ForestRuins","20","1014.966","20","0.784584","796.3264","796.3264","TRUE"
"PCG_VFX_OAT_Sensitivity_20260826_153906","2026-08-26T15:39:06.2831112Z","RegionQuestWeight_Minus10Percent","Region depth weights","RegionQuestWeight","Minus10Percent","Dynamic_Player_01_Ice_To_Forest_Ocean_Ice","Day27_SeaTurtleDefeat","27","RegionRecentVisit","OceanRuins","20","240","20","0.784584","188.3002","188.3002","TRUE"
"PCG_VFX_OAT_Sensitivity_20260826_153906","2026-08-26T15:39:06.2831112Z","RegionQuestWeight_Minus10Percent","Region depth weights","RegionQuestWeight","Minus10Percent","Dynamic_Player_01_Ice_To_Forest_Ocean_Ice","Day39_IceDragonRematch","39","WeaponEffectiveUse","Sword","27","178.844","15","0.574349","102.7189","102.7189","TRUE"
"PCG_VFX_OAT_Sensitivity_20260826_153906","2026-08-26T15:39:06.2831112Z","RegionQuestWeight_Minus10Percent","Region depth weights","RegionQuestWeight","Minus10Percent","Dynamic_Player_01_Ice_To_Forest_Ocean_Ice","Day39_IceDragonRematch","39","WeaponEffectiveUse","Bow","27","550.6594","15","0.574349","316.2708","316.2708","TRUE"
"PCG_VFX_OAT_Sensitivity_20260826_153906","2026-08-26T15:39:06.2831112Z","RegionQuestWeight_Minus10Percent","Region depth weights","RegionQuestWeight","Minus10Percent","Dynamic_Player_01_Ice_To_Forest_Ocean_Ice","Day39_IceDragonRematch","39","BossRecencyWeight","IceDragon","27","0.009291","4","0.125","0.001161","0.001161","TRUE"
"PCG_VFX_OAT_Sensitivity_20260826_153906","2026-08-26T15:39:06.2831112Z","RegionQuestWeight_Minus10Percent","Region depth weights","RegionQuestWeight","Minus10Percent","Dynamic_Player_01_Ice_To_Forest_Ocean_Ice","Day39_IceDragonRematch","39","BossRecencyWeight","SeaTurtle","27","1","4","0.125","0.125","0.125","TRUE"
"PCG_VFX_OAT_Sensitivity_20260826_153906","2026-08-26T15:39:06.2831112Z","RegionQuestWeight_Minus10Percent","Region depth weights","RegionQuestWeight","Minus10Percent","Dynamic_Player_01_Ice_To_Forest_Ocean_Ice","Day39_IceDragonRematch","39","RegionRecentVisit","ForestRuins","27","796.3264","20","0.659754","525.3795","525.3795","TRUE"
"PCG_VFX_OAT_Sensitivity_20260826_153906","2026-08-26T15:39:06.2831112Z","RegionQuestWeight_Minus10Percent","Region depth weights","RegionQuestWeight","Minus10Percent","Dynamic_Player_01_Ice_To_Forest_Ocean_Ice","Day39_IceDragonRematch","39","RegionRecentVisit","OceanRuins","27","1188.3","20","0.659754","783.9857","783.9857","TRUE"
"PCG_VFX_OAT_Sensitivity_20260826_153906","2026-08-26T15:39:06.2831112Z","RegionQuestWeight_Plus10Percent","Region depth weights","RegionQuestWeight","Plus10Percent","Dynamic_Player_01_Ice_To_Forest_Ocean_Ice","Day01_IceBaseline","1","WeaponEffectiveUse","Sword","0","360","15","0.954842","343.743","343.743","TRUE"
"PCG_VFX_OAT_Sensitivity_20260826_153906","2026-08-26T15:39:06.2831112Z","RegionQuestWeight_Plus10Percent","Region depth weights","RegionQuestWeight","Plus10Percent","Dynamic_Player_01_Ice_To_Forest_Ocean_Ice","Day01_IceBaseline","1","BossRecencyWeight","IceDragon","0","1","4","0.840896","0.840896","0.840896","TRUE"
"PCG_VFX_OAT_Sensitivity_20260826_153906","2026-08-26T15:39:06.2831112Z","RegionQuestWeight_Plus10Percent","Region depth weights","RegionQuestWeight","Plus10Percent","Dynamic_Player_01_Ice_To_Forest_Ocean_Ice","Day04_IceSettled","4","WeaponEffectiveUse","Sword","1","433.743","15","0.870551","377.5952","377.5952","TRUE"
"PCG_VFX_OAT_Sensitivity_20260826_153906","2026-08-26T15:39:06.2831112Z","RegionQuestWeight_Plus10Percent","Region depth weights","RegionQuestWeight","Plus10Percent","Dynamic_Player_01_Ice_To_Forest_Ocean_Ice","Day04_IceSettled","4","BossRecencyWeight","IceDragon","1","0.840896","4","0.594604","0.5","0.5","TRUE"
"PCG_VFX_OAT_Sensitivity_20260826_153906","2026-08-26T15:39:06.2831112Z","RegionQuestWeight_Plus10Percent","Region depth weights","RegionQuestWeight","Plus10Percent","Dynamic_Player_01_Ice_To_Forest_Ocean_Ice","Day08_ForestCommitment","8","WeaponEffectiveUse","Sword","4","487.5952","15","0.831238","405.3076","405.3076","TRUE"
"PCG_VFX_OAT_Sensitivity_20260826_153906","2026-08-26T15:39:06.2831112Z","RegionQuestWeight_Plus10Percent","Region depth weights","RegionQuestWeight","Plus10Percent","Dynamic_Player_01_Ice_To_Forest_Ocean_Ice","Day08_ForestCommitment","8","BossRecencyWeight","IceDragon","4","0.5","4","0.5","0.25","0.25","TRUE"
"PCG_VFX_OAT_Sensitivity_20260826_153906","2026-08-26T15:39:06.2831112Z","RegionQuestWeight_Plus10Percent","Region depth weights","RegionQuestWeight","Plus10Percent","Dynamic_Player_01_Ice_To_Forest_Ocean_Ice","Day14_ForestMastery","14","WeaponEffectiveUse","Sword","8","430.3076","15","0.757858","326.1122","326.1122","TRUE"
"PCG_VFX_OAT_Sensitivity_20260826_153906","2026-08-26T15:39:06.2831112Z","RegionQuestWeight_Plus10Percent","Region depth weights","RegionQuestWeight","Plus10Percent","Dynamic_Player_01_Ice_To_Forest_Ocean_Ice","Day14_ForestMastery","14","WeaponEffectiveUse","Bow","8","300","15","0.757858","227.3575","227.3575","TRUE"
"PCG_VFX_OAT_Sensitivity_20260826_153906","2026-08-26T15:39:06.2831112Z","RegionQuestWeight_Plus10Percent","Region depth weights","RegionQuestWeight","Plus10Percent","Dynamic_Player_01_Ice_To_Forest_Ocean_Ice","Day14_ForestMastery","14","BossRecencyWeight","IceDragon","8","0.25","4","0.353553","0.088388","0.088388","TRUE"
"PCG_VFX_OAT_Sensitivity_20260826_153906","2026-08-26T15:39:06.2831112Z","RegionQuestWeight_Plus10Percent","Region depth weights","RegionQuestWeight","Plus10Percent","Dynamic_Player_01_Ice_To_Forest_Ocean_Ice","Day14_ForestMastery","14","RegionRecentVisit","ForestRuins","8","650","20","0.812252","527.9641","527.9641","TRUE"
"PCG_VFX_OAT_Sensitivity_20260826_153906","2026-08-26T15:39:06.2831112Z","RegionQuestWeight_Plus10Percent","Region depth weights","RegionQuestWeight","Plus10Percent","Dynamic_Player_01_Ice_To_Forest_Ocean_Ice","Day20_OceanDiscovery","20","WeaponEffectiveUse","Sword","14","326.1122","15","0.757858","247.1468","247.1468","TRUE"
"PCG_VFX_OAT_Sensitivity_20260826_153906","2026-08-26T15:39:06.2831112Z","RegionQuestWeight_Plus10Percent","Region depth weights","RegionQuestWeight","Plus10Percent","Dynamic_Player_01_Ice_To_Forest_Ocean_Ice","Day20_OceanDiscovery","20","WeaponEffectiveUse","Bow","14","587.3575","15","0.757858","445.1337","445.1337","TRUE"
"PCG_VFX_OAT_Sensitivity_20260826_153906","2026-08-26T15:39:06.2831112Z","RegionQuestWeight_Plus10Percent","Region depth weights","RegionQuestWeight","Plus10Percent","Dynamic_Player_01_Ice_To_Forest_Ocean_Ice","Day20_OceanDiscovery","20","BossRecencyWeight","IceDragon","14","0.088388","4","0.353553","0.03125","0.03125","TRUE"
"PCG_VFX_OAT_Sensitivity_20260826_153906","2026-08-26T15:39:06.2831112Z","RegionQuestWeight_Plus10Percent","Region depth weights","RegionQuestWeight","Plus10Percent","Dynamic_Player_01_Ice_To_Forest_Ocean_Ice","Day20_OceanDiscovery","20","RegionRecentVisit","ForestRuins","14","1027.964","20","0.812252","834.9663","834.9663","TRUE"
"PCG_VFX_OAT_Sensitivity_20260826_153906","2026-08-26T15:39:06.2831112Z","RegionQuestWeight_Plus10Percent","Region depth weights","RegionQuestWeight","Plus10Percent","Dynamic_Player_01_Ice_To_Forest_Ocean_Ice","Day27_SeaTurtleDefeat","27","WeaponEffectiveUse","Sword","20","247.1468","15","0.723635","178.844","178.844","TRUE"
"PCG_VFX_OAT_Sensitivity_20260826_153906","2026-08-26T15:39:06.2831112Z","RegionQuestWeight_Plus10Percent","Region depth weights","RegionQuestWeight","Plus10Percent","Dynamic_Player_01_Ice_To_Forest_Ocean_Ice","Day27_SeaTurtleDefeat","27","WeaponEffectiveUse","Bow","20","595.1337","15","0.723635","430.6594","430.6594","TRUE"
"PCG_VFX_OAT_Sensitivity_20260826_153906","2026-08-26T15:39:06.2831112Z","RegionQuestWeight_Plus10Percent","Region depth weights","RegionQuestWeight","Plus10Percent","Dynamic_Player_01_Ice_To_Forest_Ocean_Ice","Day27_SeaTurtleDefeat","27","BossRecencyWeight","IceDragon","20","0.03125","4","0.297302","0.009291","0.009291","TRUE"
"PCG_VFX_OAT_Sensitivity_20260826_153906","2026-08-26T15:39:06.2831112Z","RegionQuestWeight_Plus10Percent","Region depth weights","RegionQuestWeight","Plus10Percent","Dynamic_Player_01_Ice_To_Forest_Ocean_Ice","Day27_SeaTurtleDefeat","27","RegionRecentVisit","ForestRuins","20","1014.966","20","0.784584","796.3264","796.3264","TRUE"
"PCG_VFX_OAT_Sensitivity_20260826_153906","2026-08-26T15:39:06.2831112Z","RegionQuestWeight_Plus10Percent","Region depth weights","RegionQuestWeight","Plus10Percent","Dynamic_Player_01_Ice_To_Forest_Ocean_Ice","Day27_SeaTurtleDefeat","27","RegionRecentVisit","OceanRuins","20","240","20","0.784584","188.3002","188.3002","TRUE"
"PCG_VFX_OAT_Sensitivity_20260826_153906","2026-08-26T15:39:06.2831112Z","RegionQuestWeight_Plus10Percent","Region depth weights","RegionQuestWeight","Plus10Percent","Dynamic_Player_01_Ice_To_Forest_Ocean_Ice","Day39_IceDragonRematch","39","WeaponEffectiveUse","Sword","27","178.844","15","0.574349","102.7189","102.7189","TRUE"
"PCG_VFX_OAT_Sensitivity_20260826_153906","2026-08-26T15:39:06.2831112Z","RegionQuestWeight_Plus10Percent","Region depth weights","RegionQuestWeight","Plus10Percent","Dynamic_Player_01_Ice_To_Forest_Ocean_Ice","Day39_IceDragonRematch","39","WeaponEffectiveUse","Bow","27","550.6594","15","0.574349","316.2708","316.2708","TRUE"
"PCG_VFX_OAT_Sensitivity_20260826_153906","2026-08-26T15:39:06.2831112Z","RegionQuestWeight_Plus10Percent","Region depth weights","RegionQuestWeight","Plus10Percent","Dynamic_Player_01_Ice_To_Forest_Ocean_Ice","Day39_IceDragonRematch","39","BossRecencyWeight","IceDragon","27","0.009291","4","0.125","0.001161","0.001161","TRUE"
"PCG_VFX_OAT_Sensitivity_20260826_153906","2026-08-26T15:39:06.2831112Z","RegionQuestWeight_Plus10Percent","Region depth weights","RegionQuestWeight","Plus10Percent","Dynamic_Player_01_Ice_To_Forest_Ocean_Ice","Day39_IceDragonRematch","39","BossRecencyWeight","SeaTurtle","27","1","4","0.125","0.125","0.125","TRUE"
"PCG_VFX_OAT_Sensitivity_20260826_153906","2026-08-26T15:39:06.2831112Z","RegionQuestWeight_Plus10Percent","Region depth weights","RegionQuestWeight","Plus10Percent","Dynamic_Player_01_Ice_To_Forest_Ocean_Ice","Day39_IceDragonRematch","39","RegionRecentVisit","ForestRuins","27","796.3264","20","0.659754","525.3795","525.3795","TRUE"
"PCG_VFX_OAT_Sensitivity_20260826_153906","2026-08-26T15:39:06.2831112Z","RegionQuestWeight_Plus10Percent","Region depth weights","RegionQuestWeight","Plus10Percent","Dynamic_Player_01_Ice_To_Forest_Ocean_Ice","Day39_IceDragonRematch","39","RegionRecentVisit","OceanRuins","27","1188.3","20","0.659754","783.9857","783.9857","TRUE"
"PCG_VFX_OAT_Sensitivity_20260826_153906","2026-08-26T15:39:06.2831112Z","RegionRecentVisitWeight_Minus10Percent","Region behaviour-score weights","RegionRecentVisitWeight","Minus10Percent","Dynamic_Player_01_Ice_To_Forest_Ocean_Ice","Day01_IceBaseline","1","WeaponEffectiveUse","Sword","0","360","15","0.954842","343.743","343.743","TRUE"
"PCG_VFX_OAT_Sensitivity_20260826_153906","2026-08-26T15:39:06.2831112Z","RegionRecentVisitWeight_Minus10Percent","Region behaviour-score weights","RegionRecentVisitWeight","Minus10Percent","Dynamic_Player_01_Ice_To_Forest_Ocean_Ice","Day01_IceBaseline","1","BossRecencyWeight","IceDragon","0","1","4","0.840896","0.840896","0.840896","TRUE"
"PCG_VFX_OAT_Sensitivity_20260826_153906","2026-08-26T15:39:06.2831112Z","RegionRecentVisitWeight_Minus10Percent","Region behaviour-score weights","RegionRecentVisitWeight","Minus10Percent","Dynamic_Player_01_Ice_To_Forest_Ocean_Ice","Day04_IceSettled","4","WeaponEffectiveUse","Sword","1","433.743","15","0.870551","377.5952","377.5952","TRUE"
"PCG_VFX_OAT_Sensitivity_20260826_153906","2026-08-26T15:39:06.2831112Z","RegionRecentVisitWeight_Minus10Percent","Region behaviour-score weights","RegionRecentVisitWeight","Minus10Percent","Dynamic_Player_01_Ice_To_Forest_Ocean_Ice","Day04_IceSettled","4","BossRecencyWeight","IceDragon","1","0.840896","4","0.594604","0.5","0.5","TRUE"
"PCG_VFX_OAT_Sensitivity_20260826_153906","2026-08-26T15:39:06.2831112Z","RegionRecentVisitWeight_Minus10Percent","Region behaviour-score weights","RegionRecentVisitWeight","Minus10Percent","Dynamic_Player_01_Ice_To_Forest_Ocean_Ice","Day08_ForestCommitment","8","WeaponEffectiveUse","Sword","4","487.5952","15","0.831238","405.3076","405.3076","TRUE"
"PCG_VFX_OAT_Sensitivity_20260826_153906","2026-08-26T15:39:06.2831112Z","RegionRecentVisitWeight_Minus10Percent","Region behaviour-score weights","RegionRecentVisitWeight","Minus10Percent","Dynamic_Player_01_Ice_To_Forest_Ocean_Ice","Day08_ForestCommitment","8","BossRecencyWeight","IceDragon","4","0.5","4","0.5","0.25","0.25","TRUE"
"PCG_VFX_OAT_Sensitivity_20260826_153906","2026-08-26T15:39:06.2831112Z","RegionRecentVisitWeight_Minus10Percent","Region behaviour-score weights","RegionRecentVisitWeight","Minus10Percent","Dynamic_Player_01_Ice_To_Forest_Ocean_Ice","Day14_ForestMastery","14","WeaponEffectiveUse","Sword","8","430.3076","15","0.757858","326.1122","326.1122","TRUE"
"PCG_VFX_OAT_Sensitivity_20260826_153906","2026-08-26T15:39:06.2831112Z","RegionRecentVisitWeight_Minus10Percent","Region behaviour-score weights","RegionRecentVisitWeight","Minus10Percent","Dynamic_Player_01_Ice_To_Forest_Ocean_Ice","Day14_ForestMastery","14","WeaponEffectiveUse","Bow","8","300","15","0.757858","227.3575","227.3575","TRUE"
"PCG_VFX_OAT_Sensitivity_20260826_153906","2026-08-26T15:39:06.2831112Z","RegionRecentVisitWeight_Minus10Percent","Region behaviour-score weights","RegionRecentVisitWeight","Minus10Percent","Dynamic_Player_01_Ice_To_Forest_Ocean_Ice","Day14_ForestMastery","14","BossRecencyWeight","IceDragon","8","0.25","4","0.353553","0.088388","0.088388","TRUE"
"PCG_VFX_OAT_Sensitivity_20260826_153906","2026-08-26T15:39:06.2831112Z","RegionRecentVisitWeight_Minus10Percent","Region behaviour-score weights","RegionRecentVisitWeight","Minus10Percent","Dynamic_Player_01_Ice_To_Forest_Ocean_Ice","Day14_ForestMastery","14","RegionRecentVisit","ForestRuins","8","650","20","0.812252","527.9641","527.9641","TRUE"
"PCG_VFX_OAT_Sensitivity_20260826_153906","2026-08-26T15:39:06.2831112Z","RegionRecentVisitWeight_Minus10Percent","Region behaviour-score weights","RegionRecentVisitWeight","Minus10Percent","Dynamic_Player_01_Ice_To_Forest_Ocean_Ice","Day20_OceanDiscovery","20","WeaponEffectiveUse","Sword","14","326.1122","15","0.757858","247.1468","247.1468","TRUE"
"PCG_VFX_OAT_Sensitivity_20260826_153906","2026-08-26T15:39:06.2831112Z","RegionRecentVisitWeight_Minus10Percent","Region behaviour-score weights","RegionRecentVisitWeight","Minus10Percent","Dynamic_Player_01_Ice_To_Forest_Ocean_Ice","Day20_OceanDiscovery","20","WeaponEffectiveUse","Bow","14","587.3575","15","0.757858","445.1337","445.1337","TRUE"
"PCG_VFX_OAT_Sensitivity_20260826_153906","2026-08-26T15:39:06.2831112Z","RegionRecentVisitWeight_Minus10Percent","Region behaviour-score weights","RegionRecentVisitWeight","Minus10Percent","Dynamic_Player_01_Ice_To_Forest_Ocean_Ice","Day20_OceanDiscovery","20","BossRecencyWeight","IceDragon","14","0.088388","4","0.353553","0.03125","0.03125","TRUE"
"PCG_VFX_OAT_Sensitivity_20260826_153906","2026-08-26T15:39:06.2831112Z","RegionRecentVisitWeight_Minus10Percent","Region behaviour-score weights","RegionRecentVisitWeight","Minus10Percent","Dynamic_Player_01_Ice_To_Forest_Ocean_Ice","Day20_OceanDiscovery","20","RegionRecentVisit","ForestRuins","14","1027.964","20","0.812252","834.9663","834.9663","TRUE"
"PCG_VFX_OAT_Sensitivity_20260826_153906","2026-08-26T15:39:06.2831112Z","RegionRecentVisitWeight_Minus10Percent","Region behaviour-score weights","RegionRecentVisitWeight","Minus10Percent","Dynamic_Player_01_Ice_To_Forest_Ocean_Ice","Day27_SeaTurtleDefeat","27","WeaponEffectiveUse","Sword","20","247.1468","15","0.723635","178.844","178.844","TRUE"
"PCG_VFX_OAT_Sensitivity_20260826_153906","2026-08-26T15:39:06.2831112Z","RegionRecentVisitWeight_Minus10Percent","Region behaviour-score weights","RegionRecentVisitWeight","Minus10Percent","Dynamic_Player_01_Ice_To_Forest_Ocean_Ice","Day27_SeaTurtleDefeat","27","WeaponEffectiveUse","Bow","20","595.1337","15","0.723635","430.6594","430.6594","TRUE"
"PCG_VFX_OAT_Sensitivity_20260826_153906","2026-08-26T15:39:06.2831112Z","RegionRecentVisitWeight_Minus10Percent","Region behaviour-score weights","RegionRecentVisitWeight","Minus10Percent","Dynamic_Player_01_Ice_To_Forest_Ocean_Ice","Day27_SeaTurtleDefeat","27","BossRecencyWeight","IceDragon","20","0.03125","4","0.297302","0.009291","0.009291","TRUE"
"PCG_VFX_OAT_Sensitivity_20260826_153906","2026-08-26T15:39:06.2831112Z","RegionRecentVisitWeight_Minus10Percent","Region behaviour-score weights","RegionRecentVisitWeight","Minus10Percent","Dynamic_Player_01_Ice_To_Forest_Ocean_Ice","Day27_SeaTurtleDefeat","27","RegionRecentVisit","ForestRuins","20","1014.966","20","0.784584","796.3264","796.3264","TRUE"
"PCG_VFX_OAT_Sensitivity_20260826_153906","2026-08-26T15:39:06.2831112Z","RegionRecentVisitWeight_Minus10Percent","Region behaviour-score weights","RegionRecentVisitWeight","Minus10Percent","Dynamic_Player_01_Ice_To_Forest_Ocean_Ice","Day27_SeaTurtleDefeat","27","RegionRecentVisit","OceanRuins","20","240","20","0.784584","188.3002","188.3002","TRUE"
"PCG_VFX_OAT_Sensitivity_20260826_153906","2026-08-26T15:39:06.2831112Z","RegionRecentVisitWeight_Minus10Percent","Region behaviour-score weights","RegionRecentVisitWeight","Minus10Percent","Dynamic_Player_01_Ice_To_Forest_Ocean_Ice","Day39_IceDragonRematch","39","WeaponEffectiveUse","Sword","27","178.844","15","0.574349","102.7189","102.7189","TRUE"
"PCG_VFX_OAT_Sensitivity_20260826_153906","2026-08-26T15:39:06.2831112Z","RegionRecentVisitWeight_Minus10Percent","Region behaviour-score weights","RegionRecentVisitWeight","Minus10Percent","Dynamic_Player_01_Ice_To_Forest_Ocean_Ice","Day39_IceDragonRematch","39","WeaponEffectiveUse","Bow","27","550.6594","15","0.574349","316.2708","316.2708","TRUE"
"PCG_VFX_OAT_Sensitivity_20260826_153906","2026-08-26T15:39:06.2831112Z","RegionRecentVisitWeight_Minus10Percent","Region behaviour-score weights","RegionRecentVisitWeight","Minus10Percent","Dynamic_Player_01_Ice_To_Forest_Ocean_Ice","Day39_IceDragonRematch","39","BossRecencyWeight","IceDragon","27","0.009291","4","0.125","0.001161","0.001161","TRUE"
"PCG_VFX_OAT_Sensitivity_20260826_153906","2026-08-26T15:39:06.2831112Z","RegionRecentVisitWeight_Minus10Percent","Region behaviour-score weights","RegionRecentVisitWeight","Minus10Percent","Dynamic_Player_01_Ice_To_Forest_Ocean_Ice","Day39_IceDragonRematch","39","BossRecencyWeight","SeaTurtle","27","1","4","0.125","0.125","0.125","TRUE"
"PCG_VFX_OAT_Sensitivity_20260826_153906","2026-08-26T15:39:06.2831112Z","RegionRecentVisitWeight_Minus10Percent","Region behaviour-score weights","RegionRecentVisitWeight","Minus10Percent","Dynamic_Player_01_Ice_To_Forest_Ocean_Ice","Day39_IceDragonRematch","39","RegionRecentVisit","ForestRuins","27","796.3264","20","0.659754","525.3795","525.3795","TRUE"
"PCG_VFX_OAT_Sensitivity_20260826_153906","2026-08-26T15:39:06.2831112Z","RegionRecentVisitWeight_Minus10Percent","Region behaviour-score weights","RegionRecentVisitWeight","Minus10Percent","Dynamic_Player_01_Ice_To_Forest_Ocean_Ice","Day39_IceDragonRematch","39","RegionRecentVisit","OceanRuins","27","1188.3","20","0.659754","783.9857","783.9857","TRUE"
"PCG_VFX_OAT_Sensitivity_20260826_153906","2026-08-26T15:39:06.2831112Z","RegionRecentVisitWeight_Plus10Percent","Region behaviour-score weights","RegionRecentVisitWeight","Plus10Percent","Dynamic_Player_01_Ice_To_Forest_Ocean_Ice","Day01_IceBaseline","1","WeaponEffectiveUse","Sword","0","360","15","0.954842","343.743","343.743","TRUE"
"PCG_VFX_OAT_Sensitivity_20260826_153906","2026-08-26T15:39:06.2831112Z","RegionRecentVisitWeight_Plus10Percent","Region behaviour-score weights","RegionRecentVisitWeight","Plus10Percent","Dynamic_Player_01_Ice_To_Forest_Ocean_Ice","Day01_IceBaseline","1","BossRecencyWeight","IceDragon","0","1","4","0.840896","0.840896","0.840896","TRUE"
"PCG_VFX_OAT_Sensitivity_20260826_153906","2026-08-26T15:39:06.2831112Z","RegionRecentVisitWeight_Plus10Percent","Region behaviour-score weights","RegionRecentVisitWeight","Plus10Percent","Dynamic_Player_01_Ice_To_Forest_Ocean_Ice","Day04_IceSettled","4","WeaponEffectiveUse","Sword","1","433.743","15","0.870551","377.5952","377.5952","TRUE"
"PCG_VFX_OAT_Sensitivity_20260826_153906","2026-08-26T15:39:06.2831112Z","RegionRecentVisitWeight_Plus10Percent","Region behaviour-score weights","RegionRecentVisitWeight","Plus10Percent","Dynamic_Player_01_Ice_To_Forest_Ocean_Ice","Day04_IceSettled","4","BossRecencyWeight","IceDragon","1","0.840896","4","0.594604","0.5","0.5","TRUE"
"PCG_VFX_OAT_Sensitivity_20260826_153906","2026-08-26T15:39:06.2831112Z","RegionRecentVisitWeight_Plus10Percent","Region behaviour-score weights","RegionRecentVisitWeight","Plus10Percent","Dynamic_Player_01_Ice_To_Forest_Ocean_Ice","Day08_ForestCommitment","8","WeaponEffectiveUse","Sword","4","487.5952","15","0.831238","405.3076","405.3076","TRUE"
"PCG_VFX_OAT_Sensitivity_20260826_153906","2026-08-26T15:39:06.2831112Z","RegionRecentVisitWeight_Plus10Percent","Region behaviour-score weights","RegionRecentVisitWeight","Plus10Percent","Dynamic_Player_01_Ice_To_Forest_Ocean_Ice","Day08_ForestCommitment","8","BossRecencyWeight","IceDragon","4","0.5","4","0.5","0.25","0.25","TRUE"
"PCG_VFX_OAT_Sensitivity_20260826_153906","2026-08-26T15:39:06.2831112Z","RegionRecentVisitWeight_Plus10Percent","Region behaviour-score weights","RegionRecentVisitWeight","Plus10Percent","Dynamic_Player_01_Ice_To_Forest_Ocean_Ice","Day14_ForestMastery","14","WeaponEffectiveUse","Sword","8","430.3076","15","0.757858","326.1122","326.1122","TRUE"
"PCG_VFX_OAT_Sensitivity_20260826_153906","2026-08-26T15:39:06.2831112Z","RegionRecentVisitWeight_Plus10Percent","Region behaviour-score weights","RegionRecentVisitWeight","Plus10Percent","Dynamic_Player_01_Ice_To_Forest_Ocean_Ice","Day14_ForestMastery","14","WeaponEffectiveUse","Bow","8","300","15","0.757858","227.3575","227.3575","TRUE"
"PCG_VFX_OAT_Sensitivity_20260826_153906","2026-08-26T15:39:06.2831112Z","RegionRecentVisitWeight_Plus10Percent","Region behaviour-score weights","RegionRecentVisitWeight","Plus10Percent","Dynamic_Player_01_Ice_To_Forest_Ocean_Ice","Day14_ForestMastery","14","BossRecencyWeight","IceDragon","8","0.25","4","0.353553","0.088388","0.088388","TRUE"
"PCG_VFX_OAT_Sensitivity_20260826_153906","2026-08-26T15:39:06.2831112Z","RegionRecentVisitWeight_Plus10Percent","Region behaviour-score weights","RegionRecentVisitWeight","Plus10Percent","Dynamic_Player_01_Ice_To_Forest_Ocean_Ice","Day14_ForestMastery","14","RegionRecentVisit","ForestRuins","8","650","20","0.812252","527.9641","527.9641","TRUE"
"PCG_VFX_OAT_Sensitivity_20260826_153906","2026-08-26T15:39:06.2831112Z","RegionRecentVisitWeight_Plus10Percent","Region behaviour-score weights","RegionRecentVisitWeight","Plus10Percent","Dynamic_Player_01_Ice_To_Forest_Ocean_Ice","Day20_OceanDiscovery","20","WeaponEffectiveUse","Sword","14","326.1122","15","0.757858","247.1468","247.1468","TRUE"
"PCG_VFX_OAT_Sensitivity_20260826_153906","2026-08-26T15:39:06.2831112Z","RegionRecentVisitWeight_Plus10Percent","Region behaviour-score weights","RegionRecentVisitWeight","Plus10Percent","Dynamic_Player_01_Ice_To_Forest_Ocean_Ice","Day20_OceanDiscovery","20","WeaponEffectiveUse","Bow","14","587.3575","15","0.757858","445.1337","445.1337","TRUE"
"PCG_VFX_OAT_Sensitivity_20260826_153906","2026-08-26T15:39:06.2831112Z","RegionRecentVisitWeight_Plus10Percent","Region behaviour-score weights","RegionRecentVisitWeight","Plus10Percent","Dynamic_Player_01_Ice_To_Forest_Ocean_Ice","Day20_OceanDiscovery","20","BossRecencyWeight","IceDragon","14","0.088388","4","0.353553","0.03125","0.03125","TRUE"
"PCG_VFX_OAT_Sensitivity_20260826_153906","2026-08-26T15:39:06.2831112Z","RegionRecentVisitWeight_Plus10Percent","Region behaviour-score weights","RegionRecentVisitWeight","Plus10Percent","Dynamic_Player_01_Ice_To_Forest_Ocean_Ice","Day20_OceanDiscovery","20","RegionRecentVisit","ForestRuins","14","1027.964","20","0.812252","834.9663","834.9663","TRUE"
"PCG_VFX_OAT_Sensitivity_20260826_153906","2026-08-26T15:39:06.2831112Z","RegionRecentVisitWeight_Plus10Percent","Region behaviour-score weights","RegionRecentVisitWeight","Plus10Percent","Dynamic_Player_01_Ice_To_Forest_Ocean_Ice","Day27_SeaTurtleDefeat","27","WeaponEffectiveUse","Sword","20","247.1468","15","0.723635","178.844","178.844","TRUE"
"PCG_VFX_OAT_Sensitivity_20260826_153906","2026-08-26T15:39:06.2831112Z","RegionRecentVisitWeight_Plus10Percent","Region behaviour-score weights","RegionRecentVisitWeight","Plus10Percent","Dynamic_Player_01_Ice_To_Forest_Ocean_Ice","Day27_SeaTurtleDefeat","27","WeaponEffectiveUse","Bow","20","595.1337","15","0.723635","430.6594","430.6594","TRUE"
"PCG_VFX_OAT_Sensitivity_20260826_153906","2026-08-26T15:39:06.2831112Z","RegionRecentVisitWeight_Plus10Percent","Region behaviour-score weights","RegionRecentVisitWeight","Plus10Percent","Dynamic_Player_01_Ice_To_Forest_Ocean_Ice","Day27_SeaTurtleDefeat","27","BossRecencyWeight","IceDragon","20","0.03125","4","0.297302","0.009291","0.009291","TRUE"
"PCG_VFX_OAT_Sensitivity_20260826_153906","2026-08-26T15:39:06.2831112Z","RegionRecentVisitWeight_Plus10Percent","Region behaviour-score weights","RegionRecentVisitWeight","Plus10Percent","Dynamic_Player_01_Ice_To_Forest_Ocean_Ice","Day27_SeaTurtleDefeat","27","RegionRecentVisit","ForestRuins","20","1014.966","20","0.784584","796.3264","796.3264","TRUE"
"PCG_VFX_OAT_Sensitivity_20260826_153906","2026-08-26T15:39:06.2831112Z","RegionRecentVisitWeight_Plus10Percent","Region behaviour-score weights","RegionRecentVisitWeight","Plus10Percent","Dynamic_Player_01_Ice_To_Forest_Ocean_Ice","Day27_SeaTurtleDefeat","27","RegionRecentVisit","OceanRuins","20","240","20","0.784584","188.3002","188.3002","TRUE"
"PCG_VFX_OAT_Sensitivity_20260826_153906","2026-08-26T15:39:06.2831112Z","RegionRecentVisitWeight_Plus10Percent","Region behaviour-score weights","RegionRecentVisitWeight","Plus10Percent","Dynamic_Player_01_Ice_To_Forest_Ocean_Ice","Day39_IceDragonRematch","39","WeaponEffectiveUse","Sword","27","178.844","15","0.574349","102.7189","102.7189","TRUE"
"PCG_VFX_OAT_Sensitivity_20260826_153906","2026-08-26T15:39:06.2831112Z","RegionRecentVisitWeight_Plus10Percent","Region behaviour-score weights","RegionRecentVisitWeight","Plus10Percent","Dynamic_Player_01_Ice_To_Forest_Ocean_Ice","Day39_IceDragonRematch","39","WeaponEffectiveUse","Bow","27","550.6594","15","0.574349","316.2708","316.2708","TRUE"
"PCG_VFX_OAT_Sensitivity_20260826_153906","2026-08-26T15:39:06.2831112Z","RegionRecentVisitWeight_Plus10Percent","Region behaviour-score weights","RegionRecentVisitWeight","Plus10Percent","Dynamic_Player_01_Ice_To_Forest_Ocean_Ice","Day39_IceDragonRematch","39","BossRecencyWeight","IceDragon","27","0.009291","4","0.125","0.001161","0.001161","TRUE"
"PCG_VFX_OAT_Sensitivity_20260826_153906","2026-08-26T15:39:06.2831112Z","RegionRecentVisitWeight_Plus10Percent","Region behaviour-score weights","RegionRecentVisitWeight","Plus10Percent","Dynamic_Player_01_Ice_To_Forest_Ocean_Ice","Day39_IceDragonRematch","39","BossRecencyWeight","SeaTurtle","27","1","4","0.125","0.125","0.125","TRUE"
"PCG_VFX_OAT_Sensitivity_20260826_153906","2026-08-26T15:39:06.2831112Z","RegionRecentVisitWeight_Plus10Percent","Region behaviour-score weights","RegionRecentVisitWeight","Plus10Percent","Dynamic_Player_01_Ice_To_Forest_Ocean_Ice","Day39_IceDragonRematch","39","RegionRecentVisit","ForestRuins","27","796.3264","20","0.659754","525.3795","525.3795","TRUE"
"PCG_VFX_OAT_Sensitivity_20260826_153906","2026-08-26T15:39:06.2831112Z","RegionRecentVisitWeight_Plus10Percent","Region behaviour-score weights","RegionRecentVisitWeight","Plus10Percent","Dynamic_Player_01_Ice_To_Forest_Ocean_Ice","Day39_IceDragonRematch","39","RegionRecentVisit","OceanRuins","27","1188.3","20","0.659754","783.9857","783.9857","TRUE"
"PCG_VFX_OAT_Sensitivity_20260826_153906","2026-08-26T15:39:06.2831112Z","RegionVisitRateWeight_Minus10Percent","Region behaviour-score weights","RegionVisitRateWeight","Minus10Percent","Dynamic_Player_01_Ice_To_Forest_Ocean_Ice","Day01_IceBaseline","1","WeaponEffectiveUse","Sword","0","360","15","0.954842","343.743","343.743","TRUE"
"PCG_VFX_OAT_Sensitivity_20260826_153906","2026-08-26T15:39:06.2831112Z","RegionVisitRateWeight_Minus10Percent","Region behaviour-score weights","RegionVisitRateWeight","Minus10Percent","Dynamic_Player_01_Ice_To_Forest_Ocean_Ice","Day01_IceBaseline","1","BossRecencyWeight","IceDragon","0","1","4","0.840896","0.840896","0.840896","TRUE"
"PCG_VFX_OAT_Sensitivity_20260826_153906","2026-08-26T15:39:06.2831112Z","RegionVisitRateWeight_Minus10Percent","Region behaviour-score weights","RegionVisitRateWeight","Minus10Percent","Dynamic_Player_01_Ice_To_Forest_Ocean_Ice","Day04_IceSettled","4","WeaponEffectiveUse","Sword","1","433.743","15","0.870551","377.5952","377.5952","TRUE"
"PCG_VFX_OAT_Sensitivity_20260826_153906","2026-08-26T15:39:06.2831112Z","RegionVisitRateWeight_Minus10Percent","Region behaviour-score weights","RegionVisitRateWeight","Minus10Percent","Dynamic_Player_01_Ice_To_Forest_Ocean_Ice","Day04_IceSettled","4","BossRecencyWeight","IceDragon","1","0.840896","4","0.594604","0.5","0.5","TRUE"
"PCG_VFX_OAT_Sensitivity_20260826_153906","2026-08-26T15:39:06.2831112Z","RegionVisitRateWeight_Minus10Percent","Region behaviour-score weights","RegionVisitRateWeight","Minus10Percent","Dynamic_Player_01_Ice_To_Forest_Ocean_Ice","Day08_ForestCommitment","8","WeaponEffectiveUse","Sword","4","487.5952","15","0.831238","405.3076","405.3076","TRUE"
"PCG_VFX_OAT_Sensitivity_20260826_153906","2026-08-26T15:39:06.2831112Z","RegionVisitRateWeight_Minus10Percent","Region behaviour-score weights","RegionVisitRateWeight","Minus10Percent","Dynamic_Player_01_Ice_To_Forest_Ocean_Ice","Day08_ForestCommitment","8","BossRecencyWeight","IceDragon","4","0.5","4","0.5","0.25","0.25","TRUE"
"PCG_VFX_OAT_Sensitivity_20260826_153906","2026-08-26T15:39:06.2831112Z","RegionVisitRateWeight_Minus10Percent","Region behaviour-score weights","RegionVisitRateWeight","Minus10Percent","Dynamic_Player_01_Ice_To_Forest_Ocean_Ice","Day14_ForestMastery","14","WeaponEffectiveUse","Sword","8","430.3076","15","0.757858","326.1122","326.1122","TRUE"
"PCG_VFX_OAT_Sensitivity_20260826_153906","2026-08-26T15:39:06.2831112Z","RegionVisitRateWeight_Minus10Percent","Region behaviour-score weights","RegionVisitRateWeight","Minus10Percent","Dynamic_Player_01_Ice_To_Forest_Ocean_Ice","Day14_ForestMastery","14","WeaponEffectiveUse","Bow","8","300","15","0.757858","227.3575","227.3575","TRUE"
"PCG_VFX_OAT_Sensitivity_20260826_153906","2026-08-26T15:39:06.2831112Z","RegionVisitRateWeight_Minus10Percent","Region behaviour-score weights","RegionVisitRateWeight","Minus10Percent","Dynamic_Player_01_Ice_To_Forest_Ocean_Ice","Day14_ForestMastery","14","BossRecencyWeight","IceDragon","8","0.25","4","0.353553","0.088388","0.088388","TRUE"
"PCG_VFX_OAT_Sensitivity_20260826_153906","2026-08-26T15:39:06.2831112Z","RegionVisitRateWeight_Minus10Percent","Region behaviour-score weights","RegionVisitRateWeight","Minus10Percent","Dynamic_Player_01_Ice_To_Forest_Ocean_Ice","Day14_ForestMastery","14","RegionRecentVisit","ForestRuins","8","650","20","0.812252","527.9641","527.9641","TRUE"
"PCG_VFX_OAT_Sensitivity_20260826_153906","2026-08-26T15:39:06.2831112Z","RegionVisitRateWeight_Minus10Percent","Region behaviour-score weights","RegionVisitRateWeight","Minus10Percent","Dynamic_Player_01_Ice_To_Forest_Ocean_Ice","Day20_OceanDiscovery","20","WeaponEffectiveUse","Sword","14","326.1122","15","0.757858","247.1468","247.1468","TRUE"
"PCG_VFX_OAT_Sensitivity_20260826_153906","2026-08-26T15:39:06.2831112Z","RegionVisitRateWeight_Minus10Percent","Region behaviour-score weights","RegionVisitRateWeight","Minus10Percent","Dynamic_Player_01_Ice_To_Forest_Ocean_Ice","Day20_OceanDiscovery","20","WeaponEffectiveUse","Bow","14","587.3575","15","0.757858","445.1337","445.1337","TRUE"
"PCG_VFX_OAT_Sensitivity_20260826_153906","2026-08-26T15:39:06.2831112Z","RegionVisitRateWeight_Minus10Percent","Region behaviour-score weights","RegionVisitRateWeight","Minus10Percent","Dynamic_Player_01_Ice_To_Forest_Ocean_Ice","Day20_OceanDiscovery","20","BossRecencyWeight","IceDragon","14","0.088388","4","0.353553","0.03125","0.03125","TRUE"
"PCG_VFX_OAT_Sensitivity_20260826_153906","2026-08-26T15:39:06.2831112Z","RegionVisitRateWeight_Minus10Percent","Region behaviour-score weights","RegionVisitRateWeight","Minus10Percent","Dynamic_Player_01_Ice_To_Forest_Ocean_Ice","Day20_OceanDiscovery","20","RegionRecentVisit","ForestRuins","14","1027.964","20","0.812252","834.9663","834.9663","TRUE"
"PCG_VFX_OAT_Sensitivity_20260826_153906","2026-08-26T15:39:06.2831112Z","RegionVisitRateWeight_Minus10Percent","Region behaviour-score weights","RegionVisitRateWeight","Minus10Percent","Dynamic_Player_01_Ice_To_Forest_Ocean_Ice","Day27_SeaTurtleDefeat","27","WeaponEffectiveUse","Sword","20","247.1468","15","0.723635","178.844","178.844","TRUE"
"PCG_VFX_OAT_Sensitivity_20260826_153906","2026-08-26T15:39:06.2831112Z","RegionVisitRateWeight_Minus10Percent","Region behaviour-score weights","RegionVisitRateWeight","Minus10Percent","Dynamic_Player_01_Ice_To_Forest_Ocean_Ice","Day27_SeaTurtleDefeat","27","WeaponEffectiveUse","Bow","20","595.1337","15","0.723635","430.6594","430.6594","TRUE"
"PCG_VFX_OAT_Sensitivity_20260826_153906","2026-08-26T15:39:06.2831112Z","RegionVisitRateWeight_Minus10Percent","Region behaviour-score weights","RegionVisitRateWeight","Minus10Percent","Dynamic_Player_01_Ice_To_Forest_Ocean_Ice","Day27_SeaTurtleDefeat","27","BossRecencyWeight","IceDragon","20","0.03125","4","0.297302","0.009291","0.009291","TRUE"
"PCG_VFX_OAT_Sensitivity_20260826_153906","2026-08-26T15:39:06.2831112Z","RegionVisitRateWeight_Minus10Percent","Region behaviour-score weights","RegionVisitRateWeight","Minus10Percent","Dynamic_Player_01_Ice_To_Forest_Ocean_Ice","Day27_SeaTurtleDefeat","27","RegionRecentVisit","ForestRuins","20","1014.966","20","0.784584","796.3264","796.3264","TRUE"
"PCG_VFX_OAT_Sensitivity_20260826_153906","2026-08-26T15:39:06.2831112Z","RegionVisitRateWeight_Minus10Percent","Region behaviour-score weights","RegionVisitRateWeight","Minus10Percent","Dynamic_Player_01_Ice_To_Forest_Ocean_Ice","Day27_SeaTurtleDefeat","27","RegionRecentVisit","OceanRuins","20","240","20","0.784584","188.3002","188.3002","TRUE"
"PCG_VFX_OAT_Sensitivity_20260826_153906","2026-08-26T15:39:06.2831112Z","RegionVisitRateWeight_Minus10Percent","Region behaviour-score weights","RegionVisitRateWeight","Minus10Percent","Dynamic_Player_01_Ice_To_Forest_Ocean_Ice","Day39_IceDragonRematch","39","WeaponEffectiveUse","Sword","27","178.844","15","0.574349","102.7189","102.7189","TRUE"
"PCG_VFX_OAT_Sensitivity_20260826_153906","2026-08-26T15:39:06.2831112Z","RegionVisitRateWeight_Minus10Percent","Region behaviour-score weights","RegionVisitRateWeight","Minus10Percent","Dynamic_Player_01_Ice_To_Forest_Ocean_Ice","Day39_IceDragonRematch","39","WeaponEffectiveUse","Bow","27","550.6594","15","0.574349","316.2708","316.2708","TRUE"
"PCG_VFX_OAT_Sensitivity_20260826_153906","2026-08-26T15:39:06.2831112Z","RegionVisitRateWeight_Minus10Percent","Region behaviour-score weights","RegionVisitRateWeight","Minus10Percent","Dynamic_Player_01_Ice_To_Forest_Ocean_Ice","Day39_IceDragonRematch","39","BossRecencyWeight","IceDragon","27","0.009291","4","0.125","0.001161","0.001161","TRUE"
"PCG_VFX_OAT_Sensitivity_20260826_153906","2026-08-26T15:39:06.2831112Z","RegionVisitRateWeight_Minus10Percent","Region behaviour-score weights","RegionVisitRateWeight","Minus10Percent","Dynamic_Player_01_Ice_To_Forest_Ocean_Ice","Day39_IceDragonRematch","39","BossRecencyWeight","SeaTurtle","27","1","4","0.125","0.125","0.125","TRUE"
"PCG_VFX_OAT_Sensitivity_20260826_153906","2026-08-26T15:39:06.2831112Z","RegionVisitRateWeight_Minus10Percent","Region behaviour-score weights","RegionVisitRateWeight","Minus10Percent","Dynamic_Player_01_Ice_To_Forest_Ocean_Ice","Day39_IceDragonRematch","39","RegionRecentVisit","ForestRuins","27","796.3264","20","0.659754","525.3795","525.3795","TRUE"
"PCG_VFX_OAT_Sensitivity_20260826_153906","2026-08-26T15:39:06.2831112Z","RegionVisitRateWeight_Minus10Percent","Region behaviour-score weights","RegionVisitRateWeight","Minus10Percent","Dynamic_Player_01_Ice_To_Forest_Ocean_Ice","Day39_IceDragonRematch","39","RegionRecentVisit","OceanRuins","27","1188.3","20","0.659754","783.9857","783.9857","TRUE"
"PCG_VFX_OAT_Sensitivity_20260826_153906","2026-08-26T15:39:06.2831112Z","RegionVisitRateWeight_Plus10Percent","Region behaviour-score weights","RegionVisitRateWeight","Plus10Percent","Dynamic_Player_01_Ice_To_Forest_Ocean_Ice","Day01_IceBaseline","1","WeaponEffectiveUse","Sword","0","360","15","0.954842","343.743","343.743","TRUE"
"PCG_VFX_OAT_Sensitivity_20260826_153906","2026-08-26T15:39:06.2831112Z","RegionVisitRateWeight_Plus10Percent","Region behaviour-score weights","RegionVisitRateWeight","Plus10Percent","Dynamic_Player_01_Ice_To_Forest_Ocean_Ice","Day01_IceBaseline","1","BossRecencyWeight","IceDragon","0","1","4","0.840896","0.840896","0.840896","TRUE"
"PCG_VFX_OAT_Sensitivity_20260826_153906","2026-08-26T15:39:06.2831112Z","RegionVisitRateWeight_Plus10Percent","Region behaviour-score weights","RegionVisitRateWeight","Plus10Percent","Dynamic_Player_01_Ice_To_Forest_Ocean_Ice","Day04_IceSettled","4","WeaponEffectiveUse","Sword","1","433.743","15","0.870551","377.5952","377.5952","TRUE"
"PCG_VFX_OAT_Sensitivity_20260826_153906","2026-08-26T15:39:06.2831112Z","RegionVisitRateWeight_Plus10Percent","Region behaviour-score weights","RegionVisitRateWeight","Plus10Percent","Dynamic_Player_01_Ice_To_Forest_Ocean_Ice","Day04_IceSettled","4","BossRecencyWeight","IceDragon","1","0.840896","4","0.594604","0.5","0.5","TRUE"
"PCG_VFX_OAT_Sensitivity_20260826_153906","2026-08-26T15:39:06.2831112Z","RegionVisitRateWeight_Plus10Percent","Region behaviour-score weights","RegionVisitRateWeight","Plus10Percent","Dynamic_Player_01_Ice_To_Forest_Ocean_Ice","Day08_ForestCommitment","8","WeaponEffectiveUse","Sword","4","487.5952","15","0.831238","405.3076","405.3076","TRUE"
"PCG_VFX_OAT_Sensitivity_20260826_153906","2026-08-26T15:39:06.2831112Z","RegionVisitRateWeight_Plus10Percent","Region behaviour-score weights","RegionVisitRateWeight","Plus10Percent","Dynamic_Player_01_Ice_To_Forest_Ocean_Ice","Day08_ForestCommitment","8","BossRecencyWeight","IceDragon","4","0.5","4","0.5","0.25","0.25","TRUE"
"PCG_VFX_OAT_Sensitivity_20260826_153906","2026-08-26T15:39:06.2831112Z","RegionVisitRateWeight_Plus10Percent","Region behaviour-score weights","RegionVisitRateWeight","Plus10Percent","Dynamic_Player_01_Ice_To_Forest_Ocean_Ice","Day14_ForestMastery","14","WeaponEffectiveUse","Sword","8","430.3076","15","0.757858","326.1122","326.1122","TRUE"
"PCG_VFX_OAT_Sensitivity_20260826_153906","2026-08-26T15:39:06.2831112Z","RegionVisitRateWeight_Plus10Percent","Region behaviour-score weights","RegionVisitRateWeight","Plus10Percent","Dynamic_Player_01_Ice_To_Forest_Ocean_Ice","Day14_ForestMastery","14","WeaponEffectiveUse","Bow","8","300","15","0.757858","227.3575","227.3575","TRUE"
"PCG_VFX_OAT_Sensitivity_20260826_153906","2026-08-26T15:39:06.2831112Z","RegionVisitRateWeight_Plus10Percent","Region behaviour-score weights","RegionVisitRateWeight","Plus10Percent","Dynamic_Player_01_Ice_To_Forest_Ocean_Ice","Day14_ForestMastery","14","BossRecencyWeight","IceDragon","8","0.25","4","0.353553","0.088388","0.088388","TRUE"
"PCG_VFX_OAT_Sensitivity_20260826_153906","2026-08-26T15:39:06.2831112Z","RegionVisitRateWeight_Plus10Percent","Region behaviour-score weights","RegionVisitRateWeight","Plus10Percent","Dynamic_Player_01_Ice_To_Forest_Ocean_Ice","Day14_ForestMastery","14","RegionRecentVisit","ForestRuins","8","650","20","0.812252","527.9641","527.9641","TRUE"
"PCG_VFX_OAT_Sensitivity_20260826_153906","2026-08-26T15:39:06.2831112Z","RegionVisitRateWeight_Plus10Percent","Region behaviour-score weights","RegionVisitRateWeight","Plus10Percent","Dynamic_Player_01_Ice_To_Forest_Ocean_Ice","Day20_OceanDiscovery","20","WeaponEffectiveUse","Sword","14","326.1122","15","0.757858","247.1468","247.1468","TRUE"
"PCG_VFX_OAT_Sensitivity_20260826_153906","2026-08-26T15:39:06.2831112Z","RegionVisitRateWeight_Plus10Percent","Region behaviour-score weights","RegionVisitRateWeight","Plus10Percent","Dynamic_Player_01_Ice_To_Forest_Ocean_Ice","Day20_OceanDiscovery","20","WeaponEffectiveUse","Bow","14","587.3575","15","0.757858","445.1337","445.1337","TRUE"
"PCG_VFX_OAT_Sensitivity_20260826_153906","2026-08-26T15:39:06.2831112Z","RegionVisitRateWeight_Plus10Percent","Region behaviour-score weights","RegionVisitRateWeight","Plus10Percent","Dynamic_Player_01_Ice_To_Forest_Ocean_Ice","Day20_OceanDiscovery","20","BossRecencyWeight","IceDragon","14","0.088388","4","0.353553","0.03125","0.03125","TRUE"
"PCG_VFX_OAT_Sensitivity_20260826_153906","2026-08-26T15:39:06.2831112Z","RegionVisitRateWeight_Plus10Percent","Region behaviour-score weights","RegionVisitRateWeight","Plus10Percent","Dynamic_Player_01_Ice_To_Forest_Ocean_Ice","Day20_OceanDiscovery","20","RegionRecentVisit","ForestRuins","14","1027.964","20","0.812252","834.9663","834.9663","TRUE"
"PCG_VFX_OAT_Sensitivity_20260826_153906","2026-08-26T15:39:06.2831112Z","RegionVisitRateWeight_Plus10Percent","Region behaviour-score weights","RegionVisitRateWeight","Plus10Percent","Dynamic_Player_01_Ice_To_Forest_Ocean_Ice","Day27_SeaTurtleDefeat","27","WeaponEffectiveUse","Sword","20","247.1468","15","0.723635","178.844","178.844","TRUE"
"PCG_VFX_OAT_Sensitivity_20260826_153906","2026-08-26T15:39:06.2831112Z","RegionVisitRateWeight_Plus10Percent","Region behaviour-score weights","RegionVisitRateWeight","Plus10Percent","Dynamic_Player_01_Ice_To_Forest_Ocean_Ice","Day27_SeaTurtleDefeat","27","WeaponEffectiveUse","Bow","20","595.1337","15","0.723635","430.6594","430.6594","TRUE"
"PCG_VFX_OAT_Sensitivity_20260826_153906","2026-08-26T15:39:06.2831112Z","RegionVisitRateWeight_Plus10Percent","Region behaviour-score weights","RegionVisitRateWeight","Plus10Percent","Dynamic_Player_01_Ice_To_Forest_Ocean_Ice","Day27_SeaTurtleDefeat","27","BossRecencyWeight","IceDragon","20","0.03125","4","0.297302","0.009291","0.009291","TRUE"
"PCG_VFX_OAT_Sensitivity_20260826_153906","2026-08-26T15:39:06.2831112Z","RegionVisitRateWeight_Plus10Percent","Region behaviour-score weights","RegionVisitRateWeight","Plus10Percent","Dynamic_Player_01_Ice_To_Forest_Ocean_Ice","Day27_SeaTurtleDefeat","27","RegionRecentVisit","ForestRuins","20","1014.966","20","0.784584","796.3264","796.3264","TRUE"
"PCG_VFX_OAT_Sensitivity_20260826_153906","2026-08-26T15:39:06.2831112Z","RegionVisitRateWeight_Plus10Percent","Region behaviour-score weights","RegionVisitRateWeight","Plus10Percent","Dynamic_Player_01_Ice_To_Forest_Ocean_Ice","Day27_SeaTurtleDefeat","27","RegionRecentVisit","OceanRuins","20","240","20","0.784584","188.3002","188.3002","TRUE"
"PCG_VFX_OAT_Sensitivity_20260826_153906","2026-08-26T15:39:06.2831112Z","RegionVisitRateWeight_Plus10Percent","Region behaviour-score weights","RegionVisitRateWeight","Plus10Percent","Dynamic_Player_01_Ice_To_Forest_Ocean_Ice","Day39_IceDragonRematch","39","WeaponEffectiveUse","Sword","27","178.844","15","0.574349","102.7189","102.7189","TRUE"
"PCG_VFX_OAT_Sensitivity_20260826_153906","2026-08-26T15:39:06.2831112Z","RegionVisitRateWeight_Plus10Percent","Region behaviour-score weights","RegionVisitRateWeight","Plus10Percent","Dynamic_Player_01_Ice_To_Forest_Ocean_Ice","Day39_IceDragonRematch","39","WeaponEffectiveUse","Bow","27","550.6594","15","0.574349","316.2708","316.2708","TRUE"
"PCG_VFX_OAT_Sensitivity_20260826_153906","2026-08-26T15:39:06.2831112Z","RegionVisitRateWeight_Plus10Percent","Region behaviour-score weights","RegionVisitRateWeight","Plus10Percent","Dynamic_Player_01_Ice_To_Forest_Ocean_Ice","Day39_IceDragonRematch","39","BossRecencyWeight","IceDragon","27","0.009291","4","0.125","0.001161","0.001161","TRUE"
"PCG_VFX_OAT_Sensitivity_20260826_153906","2026-08-26T15:39:06.2831112Z","RegionVisitRateWeight_Plus10Percent","Region behaviour-score weights","RegionVisitRateWeight","Plus10Percent","Dynamic_Player_01_Ice_To_Forest_Ocean_Ice","Day39_IceDragonRematch","39","BossRecencyWeight","SeaTurtle","27","1","4","0.125","0.125","0.125","TRUE"
"PCG_VFX_OAT_Sensitivity_20260826_153906","2026-08-26T15:39:06.2831112Z","RegionVisitRateWeight_Plus10Percent","Region behaviour-score weights","RegionVisitRateWeight","Plus10Percent","Dynamic_Player_01_Ice_To_Forest_Ocean_Ice","Day39_IceDragonRematch","39","RegionRecentVisit","ForestRuins","27","796.3264","20","0.659754","525.3795","525.3795","TRUE"
"PCG_VFX_OAT_Sensitivity_20260826_153906","2026-08-26T15:39:06.2831112Z","RegionVisitRateWeight_Plus10Percent","Region behaviour-score weights","RegionVisitRateWeight","Plus10Percent","Dynamic_Player_01_Ice_To_Forest_Ocean_Ice","Day39_IceDragonRematch","39","RegionRecentVisit","OceanRuins","27","1188.3","20","0.659754","783.9857","783.9857","TRUE"
"PCG_VFX_OAT_Sensitivity_20260826_153906","2026-08-26T15:39:06.2831112Z","RegionDepthWeight_Minus10Percent","Region behaviour-score weights","RegionDepthWeight","Minus10Percent","Dynamic_Player_01_Ice_To_Forest_Ocean_Ice","Day01_IceBaseline","1","WeaponEffectiveUse","Sword","0","360","15","0.954842","343.743","343.743","TRUE"
"PCG_VFX_OAT_Sensitivity_20260826_153906","2026-08-26T15:39:06.2831112Z","RegionDepthWeight_Minus10Percent","Region behaviour-score weights","RegionDepthWeight","Minus10Percent","Dynamic_Player_01_Ice_To_Forest_Ocean_Ice","Day01_IceBaseline","1","BossRecencyWeight","IceDragon","0","1","4","0.840896","0.840896","0.840896","TRUE"
"PCG_VFX_OAT_Sensitivity_20260826_153906","2026-08-26T15:39:06.2831112Z","RegionDepthWeight_Minus10Percent","Region behaviour-score weights","RegionDepthWeight","Minus10Percent","Dynamic_Player_01_Ice_To_Forest_Ocean_Ice","Day04_IceSettled","4","WeaponEffectiveUse","Sword","1","433.743","15","0.870551","377.5952","377.5952","TRUE"
"PCG_VFX_OAT_Sensitivity_20260826_153906","2026-08-26T15:39:06.2831112Z","RegionDepthWeight_Minus10Percent","Region behaviour-score weights","RegionDepthWeight","Minus10Percent","Dynamic_Player_01_Ice_To_Forest_Ocean_Ice","Day04_IceSettled","4","BossRecencyWeight","IceDragon","1","0.840896","4","0.594604","0.5","0.5","TRUE"
"PCG_VFX_OAT_Sensitivity_20260826_153906","2026-08-26T15:39:06.2831112Z","RegionDepthWeight_Minus10Percent","Region behaviour-score weights","RegionDepthWeight","Minus10Percent","Dynamic_Player_01_Ice_To_Forest_Ocean_Ice","Day08_ForestCommitment","8","WeaponEffectiveUse","Sword","4","487.5952","15","0.831238","405.3076","405.3076","TRUE"
"PCG_VFX_OAT_Sensitivity_20260826_153906","2026-08-26T15:39:06.2831112Z","RegionDepthWeight_Minus10Percent","Region behaviour-score weights","RegionDepthWeight","Minus10Percent","Dynamic_Player_01_Ice_To_Forest_Ocean_Ice","Day08_ForestCommitment","8","BossRecencyWeight","IceDragon","4","0.5","4","0.5","0.25","0.25","TRUE"
"PCG_VFX_OAT_Sensitivity_20260826_153906","2026-08-26T15:39:06.2831112Z","RegionDepthWeight_Minus10Percent","Region behaviour-score weights","RegionDepthWeight","Minus10Percent","Dynamic_Player_01_Ice_To_Forest_Ocean_Ice","Day14_ForestMastery","14","WeaponEffectiveUse","Sword","8","430.3076","15","0.757858","326.1122","326.1122","TRUE"
"PCG_VFX_OAT_Sensitivity_20260826_153906","2026-08-26T15:39:06.2831112Z","RegionDepthWeight_Minus10Percent","Region behaviour-score weights","RegionDepthWeight","Minus10Percent","Dynamic_Player_01_Ice_To_Forest_Ocean_Ice","Day14_ForestMastery","14","WeaponEffectiveUse","Bow","8","300","15","0.757858","227.3575","227.3575","TRUE"
"PCG_VFX_OAT_Sensitivity_20260826_153906","2026-08-26T15:39:06.2831112Z","RegionDepthWeight_Minus10Percent","Region behaviour-score weights","RegionDepthWeight","Minus10Percent","Dynamic_Player_01_Ice_To_Forest_Ocean_Ice","Day14_ForestMastery","14","BossRecencyWeight","IceDragon","8","0.25","4","0.353553","0.088388","0.088388","TRUE"
"PCG_VFX_OAT_Sensitivity_20260826_153906","2026-08-26T15:39:06.2831112Z","RegionDepthWeight_Minus10Percent","Region behaviour-score weights","RegionDepthWeight","Minus10Percent","Dynamic_Player_01_Ice_To_Forest_Ocean_Ice","Day14_ForestMastery","14","RegionRecentVisit","ForestRuins","8","650","20","0.812252","527.9641","527.9641","TRUE"
"PCG_VFX_OAT_Sensitivity_20260826_153906","2026-08-26T15:39:06.2831112Z","RegionDepthWeight_Minus10Percent","Region behaviour-score weights","RegionDepthWeight","Minus10Percent","Dynamic_Player_01_Ice_To_Forest_Ocean_Ice","Day20_OceanDiscovery","20","WeaponEffectiveUse","Sword","14","326.1122","15","0.757858","247.1468","247.1468","TRUE"
"PCG_VFX_OAT_Sensitivity_20260826_153906","2026-08-26T15:39:06.2831112Z","RegionDepthWeight_Minus10Percent","Region behaviour-score weights","RegionDepthWeight","Minus10Percent","Dynamic_Player_01_Ice_To_Forest_Ocean_Ice","Day20_OceanDiscovery","20","WeaponEffectiveUse","Bow","14","587.3575","15","0.757858","445.1337","445.1337","TRUE"
"PCG_VFX_OAT_Sensitivity_20260826_153906","2026-08-26T15:39:06.2831112Z","RegionDepthWeight_Minus10Percent","Region behaviour-score weights","RegionDepthWeight","Minus10Percent","Dynamic_Player_01_Ice_To_Forest_Ocean_Ice","Day20_OceanDiscovery","20","BossRecencyWeight","IceDragon","14","0.088388","4","0.353553","0.03125","0.03125","TRUE"
"PCG_VFX_OAT_Sensitivity_20260826_153906","2026-08-26T15:39:06.2831112Z","RegionDepthWeight_Minus10Percent","Region behaviour-score weights","RegionDepthWeight","Minus10Percent","Dynamic_Player_01_Ice_To_Forest_Ocean_Ice","Day20_OceanDiscovery","20","RegionRecentVisit","ForestRuins","14","1027.964","20","0.812252","834.9663","834.9663","TRUE"
"PCG_VFX_OAT_Sensitivity_20260826_153906","2026-08-26T15:39:06.2831112Z","RegionDepthWeight_Minus10Percent","Region behaviour-score weights","RegionDepthWeight","Minus10Percent","Dynamic_Player_01_Ice_To_Forest_Ocean_Ice","Day27_SeaTurtleDefeat","27","WeaponEffectiveUse","Sword","20","247.1468","15","0.723635","178.844","178.844","TRUE"
"PCG_VFX_OAT_Sensitivity_20260826_153906","2026-08-26T15:39:06.2831112Z","RegionDepthWeight_Minus10Percent","Region behaviour-score weights","RegionDepthWeight","Minus10Percent","Dynamic_Player_01_Ice_To_Forest_Ocean_Ice","Day27_SeaTurtleDefeat","27","WeaponEffectiveUse","Bow","20","595.1337","15","0.723635","430.6594","430.6594","TRUE"
"PCG_VFX_OAT_Sensitivity_20260826_153906","2026-08-26T15:39:06.2831112Z","RegionDepthWeight_Minus10Percent","Region behaviour-score weights","RegionDepthWeight","Minus10Percent","Dynamic_Player_01_Ice_To_Forest_Ocean_Ice","Day27_SeaTurtleDefeat","27","BossRecencyWeight","IceDragon","20","0.03125","4","0.297302","0.009291","0.009291","TRUE"
"PCG_VFX_OAT_Sensitivity_20260826_153906","2026-08-26T15:39:06.2831112Z","RegionDepthWeight_Minus10Percent","Region behaviour-score weights","RegionDepthWeight","Minus10Percent","Dynamic_Player_01_Ice_To_Forest_Ocean_Ice","Day27_SeaTurtleDefeat","27","RegionRecentVisit","ForestRuins","20","1014.966","20","0.784584","796.3264","796.3264","TRUE"
"PCG_VFX_OAT_Sensitivity_20260826_153906","2026-08-26T15:39:06.2831112Z","RegionDepthWeight_Minus10Percent","Region behaviour-score weights","RegionDepthWeight","Minus10Percent","Dynamic_Player_01_Ice_To_Forest_Ocean_Ice","Day27_SeaTurtleDefeat","27","RegionRecentVisit","OceanRuins","20","240","20","0.784584","188.3002","188.3002","TRUE"
"PCG_VFX_OAT_Sensitivity_20260826_153906","2026-08-26T15:39:06.2831112Z","RegionDepthWeight_Minus10Percent","Region behaviour-score weights","RegionDepthWeight","Minus10Percent","Dynamic_Player_01_Ice_To_Forest_Ocean_Ice","Day39_IceDragonRematch","39","WeaponEffectiveUse","Sword","27","178.844","15","0.574349","102.7189","102.7189","TRUE"
"PCG_VFX_OAT_Sensitivity_20260826_153906","2026-08-26T15:39:06.2831112Z","RegionDepthWeight_Minus10Percent","Region behaviour-score weights","RegionDepthWeight","Minus10Percent","Dynamic_Player_01_Ice_To_Forest_Ocean_Ice","Day39_IceDragonRematch","39","WeaponEffectiveUse","Bow","27","550.6594","15","0.574349","316.2708","316.2708","TRUE"
"PCG_VFX_OAT_Sensitivity_20260826_153906","2026-08-26T15:39:06.2831112Z","RegionDepthWeight_Minus10Percent","Region behaviour-score weights","RegionDepthWeight","Minus10Percent","Dynamic_Player_01_Ice_To_Forest_Ocean_Ice","Day39_IceDragonRematch","39","BossRecencyWeight","IceDragon","27","0.009291","4","0.125","0.001161","0.001161","TRUE"
"PCG_VFX_OAT_Sensitivity_20260826_153906","2026-08-26T15:39:06.2831112Z","RegionDepthWeight_Minus10Percent","Region behaviour-score weights","RegionDepthWeight","Minus10Percent","Dynamic_Player_01_Ice_To_Forest_Ocean_Ice","Day39_IceDragonRematch","39","BossRecencyWeight","SeaTurtle","27","1","4","0.125","0.125","0.125","TRUE"
"PCG_VFX_OAT_Sensitivity_20260826_153906","2026-08-26T15:39:06.2831112Z","RegionDepthWeight_Minus10Percent","Region behaviour-score weights","RegionDepthWeight","Minus10Percent","Dynamic_Player_01_Ice_To_Forest_Ocean_Ice","Day39_IceDragonRematch","39","RegionRecentVisit","ForestRuins","27","796.3264","20","0.659754","525.3795","525.3795","TRUE"
"PCG_VFX_OAT_Sensitivity_20260826_153906","2026-08-26T15:39:06.2831112Z","RegionDepthWeight_Minus10Percent","Region behaviour-score weights","RegionDepthWeight","Minus10Percent","Dynamic_Player_01_Ice_To_Forest_Ocean_Ice","Day39_IceDragonRematch","39","RegionRecentVisit","OceanRuins","27","1188.3","20","0.659754","783.9857","783.9857","TRUE"
"PCG_VFX_OAT_Sensitivity_20260826_153906","2026-08-26T15:39:06.2831112Z","RegionDepthWeight_Plus10Percent","Region behaviour-score weights","RegionDepthWeight","Plus10Percent","Dynamic_Player_01_Ice_To_Forest_Ocean_Ice","Day01_IceBaseline","1","WeaponEffectiveUse","Sword","0","360","15","0.954842","343.743","343.743","TRUE"
"PCG_VFX_OAT_Sensitivity_20260826_153906","2026-08-26T15:39:06.2831112Z","RegionDepthWeight_Plus10Percent","Region behaviour-score weights","RegionDepthWeight","Plus10Percent","Dynamic_Player_01_Ice_To_Forest_Ocean_Ice","Day01_IceBaseline","1","BossRecencyWeight","IceDragon","0","1","4","0.840896","0.840896","0.840896","TRUE"
"PCG_VFX_OAT_Sensitivity_20260826_153906","2026-08-26T15:39:06.2831112Z","RegionDepthWeight_Plus10Percent","Region behaviour-score weights","RegionDepthWeight","Plus10Percent","Dynamic_Player_01_Ice_To_Forest_Ocean_Ice","Day04_IceSettled","4","WeaponEffectiveUse","Sword","1","433.743","15","0.870551","377.5952","377.5952","TRUE"
"PCG_VFX_OAT_Sensitivity_20260826_153906","2026-08-26T15:39:06.2831112Z","RegionDepthWeight_Plus10Percent","Region behaviour-score weights","RegionDepthWeight","Plus10Percent","Dynamic_Player_01_Ice_To_Forest_Ocean_Ice","Day04_IceSettled","4","BossRecencyWeight","IceDragon","1","0.840896","4","0.594604","0.5","0.5","TRUE"
"PCG_VFX_OAT_Sensitivity_20260826_153906","2026-08-26T15:39:06.2831112Z","RegionDepthWeight_Plus10Percent","Region behaviour-score weights","RegionDepthWeight","Plus10Percent","Dynamic_Player_01_Ice_To_Forest_Ocean_Ice","Day08_ForestCommitment","8","WeaponEffectiveUse","Sword","4","487.5952","15","0.831238","405.3076","405.3076","TRUE"
"PCG_VFX_OAT_Sensitivity_20260826_153906","2026-08-26T15:39:06.2831112Z","RegionDepthWeight_Plus10Percent","Region behaviour-score weights","RegionDepthWeight","Plus10Percent","Dynamic_Player_01_Ice_To_Forest_Ocean_Ice","Day08_ForestCommitment","8","BossRecencyWeight","IceDragon","4","0.5","4","0.5","0.25","0.25","TRUE"
"PCG_VFX_OAT_Sensitivity_20260826_153906","2026-08-26T15:39:06.2831112Z","RegionDepthWeight_Plus10Percent","Region behaviour-score weights","RegionDepthWeight","Plus10Percent","Dynamic_Player_01_Ice_To_Forest_Ocean_Ice","Day14_ForestMastery","14","WeaponEffectiveUse","Sword","8","430.3076","15","0.757858","326.1122","326.1122","TRUE"
"PCG_VFX_OAT_Sensitivity_20260826_153906","2026-08-26T15:39:06.2831112Z","RegionDepthWeight_Plus10Percent","Region behaviour-score weights","RegionDepthWeight","Plus10Percent","Dynamic_Player_01_Ice_To_Forest_Ocean_Ice","Day14_ForestMastery","14","WeaponEffectiveUse","Bow","8","300","15","0.757858","227.3575","227.3575","TRUE"
"PCG_VFX_OAT_Sensitivity_20260826_153906","2026-08-26T15:39:06.2831112Z","RegionDepthWeight_Plus10Percent","Region behaviour-score weights","RegionDepthWeight","Plus10Percent","Dynamic_Player_01_Ice_To_Forest_Ocean_Ice","Day14_ForestMastery","14","BossRecencyWeight","IceDragon","8","0.25","4","0.353553","0.088388","0.088388","TRUE"
"PCG_VFX_OAT_Sensitivity_20260826_153906","2026-08-26T15:39:06.2831112Z","RegionDepthWeight_Plus10Percent","Region behaviour-score weights","RegionDepthWeight","Plus10Percent","Dynamic_Player_01_Ice_To_Forest_Ocean_Ice","Day14_ForestMastery","14","RegionRecentVisit","ForestRuins","8","650","20","0.812252","527.9641","527.9641","TRUE"
"PCG_VFX_OAT_Sensitivity_20260826_153906","2026-08-26T15:39:06.2831112Z","RegionDepthWeight_Plus10Percent","Region behaviour-score weights","RegionDepthWeight","Plus10Percent","Dynamic_Player_01_Ice_To_Forest_Ocean_Ice","Day20_OceanDiscovery","20","WeaponEffectiveUse","Sword","14","326.1122","15","0.757858","247.1468","247.1468","TRUE"
"PCG_VFX_OAT_Sensitivity_20260826_153906","2026-08-26T15:39:06.2831112Z","RegionDepthWeight_Plus10Percent","Region behaviour-score weights","RegionDepthWeight","Plus10Percent","Dynamic_Player_01_Ice_To_Forest_Ocean_Ice","Day20_OceanDiscovery","20","WeaponEffectiveUse","Bow","14","587.3575","15","0.757858","445.1337","445.1337","TRUE"
"PCG_VFX_OAT_Sensitivity_20260826_153906","2026-08-26T15:39:06.2831112Z","RegionDepthWeight_Plus10Percent","Region behaviour-score weights","RegionDepthWeight","Plus10Percent","Dynamic_Player_01_Ice_To_Forest_Ocean_Ice","Day20_OceanDiscovery","20","BossRecencyWeight","IceDragon","14","0.088388","4","0.353553","0.03125","0.03125","TRUE"
"PCG_VFX_OAT_Sensitivity_20260826_153906","2026-08-26T15:39:06.2831112Z","RegionDepthWeight_Plus10Percent","Region behaviour-score weights","RegionDepthWeight","Plus10Percent","Dynamic_Player_01_Ice_To_Forest_Ocean_Ice","Day20_OceanDiscovery","20","RegionRecentVisit","ForestRuins","14","1027.964","20","0.812252","834.9663","834.9663","TRUE"
"PCG_VFX_OAT_Sensitivity_20260826_153906","2026-08-26T15:39:06.2831112Z","RegionDepthWeight_Plus10Percent","Region behaviour-score weights","RegionDepthWeight","Plus10Percent","Dynamic_Player_01_Ice_To_Forest_Ocean_Ice","Day27_SeaTurtleDefeat","27","WeaponEffectiveUse","Sword","20","247.1468","15","0.723635","178.844","178.844","TRUE"
"PCG_VFX_OAT_Sensitivity_20260826_153906","2026-08-26T15:39:06.2831112Z","RegionDepthWeight_Plus10Percent","Region behaviour-score weights","RegionDepthWeight","Plus10Percent","Dynamic_Player_01_Ice_To_Forest_Ocean_Ice","Day27_SeaTurtleDefeat","27","WeaponEffectiveUse","Bow","20","595.1337","15","0.723635","430.6594","430.6594","TRUE"
"PCG_VFX_OAT_Sensitivity_20260826_153906","2026-08-26T15:39:06.2831112Z","RegionDepthWeight_Plus10Percent","Region behaviour-score weights","RegionDepthWeight","Plus10Percent","Dynamic_Player_01_Ice_To_Forest_Ocean_Ice","Day27_SeaTurtleDefeat","27","BossRecencyWeight","IceDragon","20","0.03125","4","0.297302","0.009291","0.009291","TRUE"
"PCG_VFX_OAT_Sensitivity_20260826_153906","2026-08-26T15:39:06.2831112Z","RegionDepthWeight_Plus10Percent","Region behaviour-score weights","RegionDepthWeight","Plus10Percent","Dynamic_Player_01_Ice_To_Forest_Ocean_Ice","Day27_SeaTurtleDefeat","27","RegionRecentVisit","ForestRuins","20","1014.966","20","0.784584","796.3264","796.3264","TRUE"
"PCG_VFX_OAT_Sensitivity_20260826_153906","2026-08-26T15:39:06.2831112Z","RegionDepthWeight_Plus10Percent","Region behaviour-score weights","RegionDepthWeight","Plus10Percent","Dynamic_Player_01_Ice_To_Forest_Ocean_Ice","Day27_SeaTurtleDefeat","27","RegionRecentVisit","OceanRuins","20","240","20","0.784584","188.3002","188.3002","TRUE"
"PCG_VFX_OAT_Sensitivity_20260826_153906","2026-08-26T15:39:06.2831112Z","RegionDepthWeight_Plus10Percent","Region behaviour-score weights","RegionDepthWeight","Plus10Percent","Dynamic_Player_01_Ice_To_Forest_Ocean_Ice","Day39_IceDragonRematch","39","WeaponEffectiveUse","Sword","27","178.844","15","0.574349","102.7189","102.7189","TRUE"
"PCG_VFX_OAT_Sensitivity_20260826_153906","2026-08-26T15:39:06.2831112Z","RegionDepthWeight_Plus10Percent","Region behaviour-score weights","RegionDepthWeight","Plus10Percent","Dynamic_Player_01_Ice_To_Forest_Ocean_Ice","Day39_IceDragonRematch","39","WeaponEffectiveUse","Bow","27","550.6594","15","0.574349","316.2708","316.2708","TRUE"
"PCG_VFX_OAT_Sensitivity_20260826_153906","2026-08-26T15:39:06.2831112Z","RegionDepthWeight_Plus10Percent","Region behaviour-score weights","RegionDepthWeight","Plus10Percent","Dynamic_Player_01_Ice_To_Forest_Ocean_Ice","Day39_IceDragonRematch","39","BossRecencyWeight","IceDragon","27","0.009291","4","0.125","0.001161","0.001161","TRUE"
"PCG_VFX_OAT_Sensitivity_20260826_153906","2026-08-26T15:39:06.2831112Z","RegionDepthWeight_Plus10Percent","Region behaviour-score weights","RegionDepthWeight","Plus10Percent","Dynamic_Player_01_Ice_To_Forest_Ocean_Ice","Day39_IceDragonRematch","39","BossRecencyWeight","SeaTurtle","27","1","4","0.125","0.125","0.125","TRUE"
"PCG_VFX_OAT_Sensitivity_20260826_153906","2026-08-26T15:39:06.2831112Z","RegionDepthWeight_Plus10Percent","Region behaviour-score weights","RegionDepthWeight","Plus10Percent","Dynamic_Player_01_Ice_To_Forest_Ocean_Ice","Day39_IceDragonRematch","39","RegionRecentVisit","ForestRuins","27","796.3264","20","0.659754","525.3795","525.3795","TRUE"
"PCG_VFX_OAT_Sensitivity_20260826_153906","2026-08-26T15:39:06.2831112Z","RegionDepthWeight_Plus10Percent","Region behaviour-score weights","RegionDepthWeight","Plus10Percent","Dynamic_Player_01_Ice_To_Forest_Ocean_Ice","Day39_IceDragonRematch","39","RegionRecentVisit","OceanRuins","27","1188.3","20","0.659754","783.9857","783.9857","TRUE"
"PCG_VFX_OAT_Sensitivity_20260826_153906","2026-08-26T15:39:06.2831112Z","RegionEligibilityThreshold_Minus10Percent","Region eligibility threshold","RegionEligibilityThreshold","Minus10Percent","Dynamic_Player_01_Ice_To_Forest_Ocean_Ice","Day01_IceBaseline","1","WeaponEffectiveUse","Sword","0","360","15","0.954842","343.743","343.743","TRUE"
"PCG_VFX_OAT_Sensitivity_20260826_153906","2026-08-26T15:39:06.2831112Z","RegionEligibilityThreshold_Minus10Percent","Region eligibility threshold","RegionEligibilityThreshold","Minus10Percent","Dynamic_Player_01_Ice_To_Forest_Ocean_Ice","Day01_IceBaseline","1","BossRecencyWeight","IceDragon","0","1","4","0.840896","0.840896","0.840896","TRUE"
"PCG_VFX_OAT_Sensitivity_20260826_153906","2026-08-26T15:39:06.2831112Z","RegionEligibilityThreshold_Minus10Percent","Region eligibility threshold","RegionEligibilityThreshold","Minus10Percent","Dynamic_Player_01_Ice_To_Forest_Ocean_Ice","Day04_IceSettled","4","WeaponEffectiveUse","Sword","1","433.743","15","0.870551","377.5952","377.5952","TRUE"
"PCG_VFX_OAT_Sensitivity_20260826_153906","2026-08-26T15:39:06.2831112Z","RegionEligibilityThreshold_Minus10Percent","Region eligibility threshold","RegionEligibilityThreshold","Minus10Percent","Dynamic_Player_01_Ice_To_Forest_Ocean_Ice","Day04_IceSettled","4","BossRecencyWeight","IceDragon","1","0.840896","4","0.594604","0.5","0.5","TRUE"
"PCG_VFX_OAT_Sensitivity_20260826_153906","2026-08-26T15:39:06.2831112Z","RegionEligibilityThreshold_Minus10Percent","Region eligibility threshold","RegionEligibilityThreshold","Minus10Percent","Dynamic_Player_01_Ice_To_Forest_Ocean_Ice","Day08_ForestCommitment","8","WeaponEffectiveUse","Sword","4","487.5952","15","0.831238","405.3076","405.3076","TRUE"
"PCG_VFX_OAT_Sensitivity_20260826_153906","2026-08-26T15:39:06.2831112Z","RegionEligibilityThreshold_Minus10Percent","Region eligibility threshold","RegionEligibilityThreshold","Minus10Percent","Dynamic_Player_01_Ice_To_Forest_Ocean_Ice","Day08_ForestCommitment","8","BossRecencyWeight","IceDragon","4","0.5","4","0.5","0.25","0.25","TRUE"
"PCG_VFX_OAT_Sensitivity_20260826_153906","2026-08-26T15:39:06.2831112Z","RegionEligibilityThreshold_Minus10Percent","Region eligibility threshold","RegionEligibilityThreshold","Minus10Percent","Dynamic_Player_01_Ice_To_Forest_Ocean_Ice","Day14_ForestMastery","14","WeaponEffectiveUse","Sword","8","430.3076","15","0.757858","326.1122","326.1122","TRUE"
"PCG_VFX_OAT_Sensitivity_20260826_153906","2026-08-26T15:39:06.2831112Z","RegionEligibilityThreshold_Minus10Percent","Region eligibility threshold","RegionEligibilityThreshold","Minus10Percent","Dynamic_Player_01_Ice_To_Forest_Ocean_Ice","Day14_ForestMastery","14","WeaponEffectiveUse","Bow","8","300","15","0.757858","227.3575","227.3575","TRUE"
"PCG_VFX_OAT_Sensitivity_20260826_153906","2026-08-26T15:39:06.2831112Z","RegionEligibilityThreshold_Minus10Percent","Region eligibility threshold","RegionEligibilityThreshold","Minus10Percent","Dynamic_Player_01_Ice_To_Forest_Ocean_Ice","Day14_ForestMastery","14","BossRecencyWeight","IceDragon","8","0.25","4","0.353553","0.088388","0.088388","TRUE"
"PCG_VFX_OAT_Sensitivity_20260826_153906","2026-08-26T15:39:06.2831112Z","RegionEligibilityThreshold_Minus10Percent","Region eligibility threshold","RegionEligibilityThreshold","Minus10Percent","Dynamic_Player_01_Ice_To_Forest_Ocean_Ice","Day14_ForestMastery","14","RegionRecentVisit","ForestRuins","8","650","20","0.812252","527.9641","527.9641","TRUE"
"PCG_VFX_OAT_Sensitivity_20260826_153906","2026-08-26T15:39:06.2831112Z","RegionEligibilityThreshold_Minus10Percent","Region eligibility threshold","RegionEligibilityThreshold","Minus10Percent","Dynamic_Player_01_Ice_To_Forest_Ocean_Ice","Day20_OceanDiscovery","20","WeaponEffectiveUse","Sword","14","326.1122","15","0.757858","247.1468","247.1468","TRUE"
"PCG_VFX_OAT_Sensitivity_20260826_153906","2026-08-26T15:39:06.2831112Z","RegionEligibilityThreshold_Minus10Percent","Region eligibility threshold","RegionEligibilityThreshold","Minus10Percent","Dynamic_Player_01_Ice_To_Forest_Ocean_Ice","Day20_OceanDiscovery","20","WeaponEffectiveUse","Bow","14","587.3575","15","0.757858","445.1337","445.1337","TRUE"
"PCG_VFX_OAT_Sensitivity_20260826_153906","2026-08-26T15:39:06.2831112Z","RegionEligibilityThreshold_Minus10Percent","Region eligibility threshold","RegionEligibilityThreshold","Minus10Percent","Dynamic_Player_01_Ice_To_Forest_Ocean_Ice","Day20_OceanDiscovery","20","BossRecencyWeight","IceDragon","14","0.088388","4","0.353553","0.03125","0.03125","TRUE"
"PCG_VFX_OAT_Sensitivity_20260826_153906","2026-08-26T15:39:06.2831112Z","RegionEligibilityThreshold_Minus10Percent","Region eligibility threshold","RegionEligibilityThreshold","Minus10Percent","Dynamic_Player_01_Ice_To_Forest_Ocean_Ice","Day20_OceanDiscovery","20","RegionRecentVisit","ForestRuins","14","1027.964","20","0.812252","834.9663","834.9663","TRUE"
"PCG_VFX_OAT_Sensitivity_20260826_153906","2026-08-26T15:39:06.2831112Z","RegionEligibilityThreshold_Minus10Percent","Region eligibility threshold","RegionEligibilityThreshold","Minus10Percent","Dynamic_Player_01_Ice_To_Forest_Ocean_Ice","Day27_SeaTurtleDefeat","27","WeaponEffectiveUse","Sword","20","247.1468","15","0.723635","178.844","178.844","TRUE"
"PCG_VFX_OAT_Sensitivity_20260826_153906","2026-08-26T15:39:06.2831112Z","RegionEligibilityThreshold_Minus10Percent","Region eligibility threshold","RegionEligibilityThreshold","Minus10Percent","Dynamic_Player_01_Ice_To_Forest_Ocean_Ice","Day27_SeaTurtleDefeat","27","WeaponEffectiveUse","Bow","20","595.1337","15","0.723635","430.6594","430.6594","TRUE"
"PCG_VFX_OAT_Sensitivity_20260826_153906","2026-08-26T15:39:06.2831112Z","RegionEligibilityThreshold_Minus10Percent","Region eligibility threshold","RegionEligibilityThreshold","Minus10Percent","Dynamic_Player_01_Ice_To_Forest_Ocean_Ice","Day27_SeaTurtleDefeat","27","BossRecencyWeight","IceDragon","20","0.03125","4","0.297302","0.009291","0.009291","TRUE"
"PCG_VFX_OAT_Sensitivity_20260826_153906","2026-08-26T15:39:06.2831112Z","RegionEligibilityThreshold_Minus10Percent","Region eligibility threshold","RegionEligibilityThreshold","Minus10Percent","Dynamic_Player_01_Ice_To_Forest_Ocean_Ice","Day27_SeaTurtleDefeat","27","RegionRecentVisit","ForestRuins","20","1014.966","20","0.784584","796.3264","796.3264","TRUE"
"PCG_VFX_OAT_Sensitivity_20260826_153906","2026-08-26T15:39:06.2831112Z","RegionEligibilityThreshold_Minus10Percent","Region eligibility threshold","RegionEligibilityThreshold","Minus10Percent","Dynamic_Player_01_Ice_To_Forest_Ocean_Ice","Day27_SeaTurtleDefeat","27","RegionRecentVisit","OceanRuins","20","240","20","0.784584","188.3002","188.3002","TRUE"
"PCG_VFX_OAT_Sensitivity_20260826_153906","2026-08-26T15:39:06.2831112Z","RegionEligibilityThreshold_Minus10Percent","Region eligibility threshold","RegionEligibilityThreshold","Minus10Percent","Dynamic_Player_01_Ice_To_Forest_Ocean_Ice","Day39_IceDragonRematch","39","WeaponEffectiveUse","Sword","27","178.844","15","0.574349","102.7189","102.7189","TRUE"
"PCG_VFX_OAT_Sensitivity_20260826_153906","2026-08-26T15:39:06.2831112Z","RegionEligibilityThreshold_Minus10Percent","Region eligibility threshold","RegionEligibilityThreshold","Minus10Percent","Dynamic_Player_01_Ice_To_Forest_Ocean_Ice","Day39_IceDragonRematch","39","WeaponEffectiveUse","Bow","27","550.6594","15","0.574349","316.2708","316.2708","TRUE"
"PCG_VFX_OAT_Sensitivity_20260826_153906","2026-08-26T15:39:06.2831112Z","RegionEligibilityThreshold_Minus10Percent","Region eligibility threshold","RegionEligibilityThreshold","Minus10Percent","Dynamic_Player_01_Ice_To_Forest_Ocean_Ice","Day39_IceDragonRematch","39","BossRecencyWeight","IceDragon","27","0.009291","4","0.125","0.001161","0.001161","TRUE"
"PCG_VFX_OAT_Sensitivity_20260826_153906","2026-08-26T15:39:06.2831112Z","RegionEligibilityThreshold_Minus10Percent","Region eligibility threshold","RegionEligibilityThreshold","Minus10Percent","Dynamic_Player_01_Ice_To_Forest_Ocean_Ice","Day39_IceDragonRematch","39","BossRecencyWeight","SeaTurtle","27","1","4","0.125","0.125","0.125","TRUE"
"PCG_VFX_OAT_Sensitivity_20260826_153906","2026-08-26T15:39:06.2831112Z","RegionEligibilityThreshold_Minus10Percent","Region eligibility threshold","RegionEligibilityThreshold","Minus10Percent","Dynamic_Player_01_Ice_To_Forest_Ocean_Ice","Day39_IceDragonRematch","39","RegionRecentVisit","ForestRuins","27","796.3264","20","0.659754","525.3795","525.3795","TRUE"
"PCG_VFX_OAT_Sensitivity_20260826_153906","2026-08-26T15:39:06.2831112Z","RegionEligibilityThreshold_Minus10Percent","Region eligibility threshold","RegionEligibilityThreshold","Minus10Percent","Dynamic_Player_01_Ice_To_Forest_Ocean_Ice","Day39_IceDragonRematch","39","RegionRecentVisit","OceanRuins","27","1188.3","20","0.659754","783.9857","783.9857","TRUE"
"PCG_VFX_OAT_Sensitivity_20260826_153906","2026-08-26T15:39:06.2831112Z","RegionEligibilityThreshold_Plus10Percent","Region eligibility threshold","RegionEligibilityThreshold","Plus10Percent","Dynamic_Player_01_Ice_To_Forest_Ocean_Ice","Day01_IceBaseline","1","WeaponEffectiveUse","Sword","0","360","15","0.954842","343.743","343.743","TRUE"
"PCG_VFX_OAT_Sensitivity_20260826_153906","2026-08-26T15:39:06.2831112Z","RegionEligibilityThreshold_Plus10Percent","Region eligibility threshold","RegionEligibilityThreshold","Plus10Percent","Dynamic_Player_01_Ice_To_Forest_Ocean_Ice","Day01_IceBaseline","1","BossRecencyWeight","IceDragon","0","1","4","0.840896","0.840896","0.840896","TRUE"
"PCG_VFX_OAT_Sensitivity_20260826_153906","2026-08-26T15:39:06.2831112Z","RegionEligibilityThreshold_Plus10Percent","Region eligibility threshold","RegionEligibilityThreshold","Plus10Percent","Dynamic_Player_01_Ice_To_Forest_Ocean_Ice","Day04_IceSettled","4","WeaponEffectiveUse","Sword","1","433.743","15","0.870551","377.5952","377.5952","TRUE"
"PCG_VFX_OAT_Sensitivity_20260826_153906","2026-08-26T15:39:06.2831112Z","RegionEligibilityThreshold_Plus10Percent","Region eligibility threshold","RegionEligibilityThreshold","Plus10Percent","Dynamic_Player_01_Ice_To_Forest_Ocean_Ice","Day04_IceSettled","4","BossRecencyWeight","IceDragon","1","0.840896","4","0.594604","0.5","0.5","TRUE"
"PCG_VFX_OAT_Sensitivity_20260826_153906","2026-08-26T15:39:06.2831112Z","RegionEligibilityThreshold_Plus10Percent","Region eligibility threshold","RegionEligibilityThreshold","Plus10Percent","Dynamic_Player_01_Ice_To_Forest_Ocean_Ice","Day08_ForestCommitment","8","WeaponEffectiveUse","Sword","4","487.5952","15","0.831238","405.3076","405.3076","TRUE"
"PCG_VFX_OAT_Sensitivity_20260826_153906","2026-08-26T15:39:06.2831112Z","RegionEligibilityThreshold_Plus10Percent","Region eligibility threshold","RegionEligibilityThreshold","Plus10Percent","Dynamic_Player_01_Ice_To_Forest_Ocean_Ice","Day08_ForestCommitment","8","BossRecencyWeight","IceDragon","4","0.5","4","0.5","0.25","0.25","TRUE"
"PCG_VFX_OAT_Sensitivity_20260826_153906","2026-08-26T15:39:06.2831112Z","RegionEligibilityThreshold_Plus10Percent","Region eligibility threshold","RegionEligibilityThreshold","Plus10Percent","Dynamic_Player_01_Ice_To_Forest_Ocean_Ice","Day14_ForestMastery","14","WeaponEffectiveUse","Sword","8","430.3076","15","0.757858","326.1122","326.1122","TRUE"
"PCG_VFX_OAT_Sensitivity_20260826_153906","2026-08-26T15:39:06.2831112Z","RegionEligibilityThreshold_Plus10Percent","Region eligibility threshold","RegionEligibilityThreshold","Plus10Percent","Dynamic_Player_01_Ice_To_Forest_Ocean_Ice","Day14_ForestMastery","14","WeaponEffectiveUse","Bow","8","300","15","0.757858","227.3575","227.3575","TRUE"
"PCG_VFX_OAT_Sensitivity_20260826_153906","2026-08-26T15:39:06.2831112Z","RegionEligibilityThreshold_Plus10Percent","Region eligibility threshold","RegionEligibilityThreshold","Plus10Percent","Dynamic_Player_01_Ice_To_Forest_Ocean_Ice","Day14_ForestMastery","14","BossRecencyWeight","IceDragon","8","0.25","4","0.353553","0.088388","0.088388","TRUE"
"PCG_VFX_OAT_Sensitivity_20260826_153906","2026-08-26T15:39:06.2831112Z","RegionEligibilityThreshold_Plus10Percent","Region eligibility threshold","RegionEligibilityThreshold","Plus10Percent","Dynamic_Player_01_Ice_To_Forest_Ocean_Ice","Day14_ForestMastery","14","RegionRecentVisit","ForestRuins","8","650","20","0.812252","527.9641","527.9641","TRUE"
"PCG_VFX_OAT_Sensitivity_20260826_153906","2026-08-26T15:39:06.2831112Z","RegionEligibilityThreshold_Plus10Percent","Region eligibility threshold","RegionEligibilityThreshold","Plus10Percent","Dynamic_Player_01_Ice_To_Forest_Ocean_Ice","Day20_OceanDiscovery","20","WeaponEffectiveUse","Sword","14","326.1122","15","0.757858","247.1468","247.1468","TRUE"
"PCG_VFX_OAT_Sensitivity_20260826_153906","2026-08-26T15:39:06.2831112Z","RegionEligibilityThreshold_Plus10Percent","Region eligibility threshold","RegionEligibilityThreshold","Plus10Percent","Dynamic_Player_01_Ice_To_Forest_Ocean_Ice","Day20_OceanDiscovery","20","WeaponEffectiveUse","Bow","14","587.3575","15","0.757858","445.1337","445.1337","TRUE"
"PCG_VFX_OAT_Sensitivity_20260826_153906","2026-08-26T15:39:06.2831112Z","RegionEligibilityThreshold_Plus10Percent","Region eligibility threshold","RegionEligibilityThreshold","Plus10Percent","Dynamic_Player_01_Ice_To_Forest_Ocean_Ice","Day20_OceanDiscovery","20","BossRecencyWeight","IceDragon","14","0.088388","4","0.353553","0.03125","0.03125","TRUE"
"PCG_VFX_OAT_Sensitivity_20260826_153906","2026-08-26T15:39:06.2831112Z","RegionEligibilityThreshold_Plus10Percent","Region eligibility threshold","RegionEligibilityThreshold","Plus10Percent","Dynamic_Player_01_Ice_To_Forest_Ocean_Ice","Day20_OceanDiscovery","20","RegionRecentVisit","ForestRuins","14","1027.964","20","0.812252","834.9663","834.9663","TRUE"
"PCG_VFX_OAT_Sensitivity_20260826_153906","2026-08-26T15:39:06.2831112Z","RegionEligibilityThreshold_Plus10Percent","Region eligibility threshold","RegionEligibilityThreshold","Plus10Percent","Dynamic_Player_01_Ice_To_Forest_Ocean_Ice","Day27_SeaTurtleDefeat","27","WeaponEffectiveUse","Sword","20","247.1468","15","0.723635","178.844","178.844","TRUE"
"PCG_VFX_OAT_Sensitivity_20260826_153906","2026-08-26T15:39:06.2831112Z","RegionEligibilityThreshold_Plus10Percent","Region eligibility threshold","RegionEligibilityThreshold","Plus10Percent","Dynamic_Player_01_Ice_To_Forest_Ocean_Ice","Day27_SeaTurtleDefeat","27","WeaponEffectiveUse","Bow","20","595.1337","15","0.723635","430.6594","430.6594","TRUE"
"PCG_VFX_OAT_Sensitivity_20260826_153906","2026-08-26T15:39:06.2831112Z","RegionEligibilityThreshold_Plus10Percent","Region eligibility threshold","RegionEligibilityThreshold","Plus10Percent","Dynamic_Player_01_Ice_To_Forest_Ocean_Ice","Day27_SeaTurtleDefeat","27","BossRecencyWeight","IceDragon","20","0.03125","4","0.297302","0.009291","0.009291","TRUE"
"PCG_VFX_OAT_Sensitivity_20260826_153906","2026-08-26T15:39:06.2831112Z","RegionEligibilityThreshold_Plus10Percent","Region eligibility threshold","RegionEligibilityThreshold","Plus10Percent","Dynamic_Player_01_Ice_To_Forest_Ocean_Ice","Day27_SeaTurtleDefeat","27","RegionRecentVisit","ForestRuins","20","1014.966","20","0.784584","796.3264","796.3264","TRUE"
"PCG_VFX_OAT_Sensitivity_20260826_153906","2026-08-26T15:39:06.2831112Z","RegionEligibilityThreshold_Plus10Percent","Region eligibility threshold","RegionEligibilityThreshold","Plus10Percent","Dynamic_Player_01_Ice_To_Forest_Ocean_Ice","Day27_SeaTurtleDefeat","27","RegionRecentVisit","OceanRuins","20","240","20","0.784584","188.3002","188.3002","TRUE"
"PCG_VFX_OAT_Sensitivity_20260826_153906","2026-08-26T15:39:06.2831112Z","RegionEligibilityThreshold_Plus10Percent","Region eligibility threshold","RegionEligibilityThreshold","Plus10Percent","Dynamic_Player_01_Ice_To_Forest_Ocean_Ice","Day39_IceDragonRematch","39","WeaponEffectiveUse","Sword","27","178.844","15","0.574349","102.7189","102.7189","TRUE"
"PCG_VFX_OAT_Sensitivity_20260826_153906","2026-08-26T15:39:06.2831112Z","RegionEligibilityThreshold_Plus10Percent","Region eligibility threshold","RegionEligibilityThreshold","Plus10Percent","Dynamic_Player_01_Ice_To_Forest_Ocean_Ice","Day39_IceDragonRematch","39","WeaponEffectiveUse","Bow","27","550.6594","15","0.574349","316.2708","316.2708","TRUE"
"PCG_VFX_OAT_Sensitivity_20260826_153906","2026-08-26T15:39:06.2831112Z","RegionEligibilityThreshold_Plus10Percent","Region eligibility threshold","RegionEligibilityThreshold","Plus10Percent","Dynamic_Player_01_Ice_To_Forest_Ocean_Ice","Day39_IceDragonRematch","39","BossRecencyWeight","IceDragon","27","0.009291","4","0.125","0.001161","0.001161","TRUE"
"PCG_VFX_OAT_Sensitivity_20260826_153906","2026-08-26T15:39:06.2831112Z","RegionEligibilityThreshold_Plus10Percent","Region eligibility threshold","RegionEligibilityThreshold","Plus10Percent","Dynamic_Player_01_Ice_To_Forest_Ocean_Ice","Day39_IceDragonRematch","39","BossRecencyWeight","SeaTurtle","27","1","4","0.125","0.125","0.125","TRUE"
"PCG_VFX_OAT_Sensitivity_20260826_153906","2026-08-26T15:39:06.2831112Z","RegionEligibilityThreshold_Plus10Percent","Region eligibility threshold","RegionEligibilityThreshold","Plus10Percent","Dynamic_Player_01_Ice_To_Forest_Ocean_Ice","Day39_IceDragonRematch","39","RegionRecentVisit","ForestRuins","27","796.3264","20","0.659754","525.3795","525.3795","TRUE"
"PCG_VFX_OAT_Sensitivity_20260826_153906","2026-08-26T15:39:06.2831112Z","RegionEligibilityThreshold_Plus10Percent","Region eligibility threshold","RegionEligibilityThreshold","Plus10Percent","Dynamic_Player_01_Ice_To_Forest_Ocean_Ice","Day39_IceDragonRematch","39","RegionRecentVisit","OceanRuins","27","1188.3","20","0.659754","783.9857","783.9857","TRUE"
"PCG_VFX_OAT_Sensitivity_20260826_153906","2026-08-26T15:39:06.2831112Z","WeaponHalfLifeDays_Minus10Percent","Weapon recency half-life","WeaponHalfLifeDays","Minus10Percent","Dynamic_Player_01_Ice_To_Forest_Ocean_Ice","Day01_IceBaseline","1","WeaponEffectiveUse","Sword","0","360","13.5","0.949952","341.9826","341.9826","TRUE"
"PCG_VFX_OAT_Sensitivity_20260826_153906","2026-08-26T15:39:06.2831112Z","WeaponHalfLifeDays_Minus10Percent","Weapon recency half-life","WeaponHalfLifeDays","Minus10Percent","Dynamic_Player_01_Ice_To_Forest_Ocean_Ice","Day01_IceBaseline","1","BossRecencyWeight","IceDragon","0","1","4","0.840896","0.840896","0.840896","TRUE"
"PCG_VFX_OAT_Sensitivity_20260826_153906","2026-08-26T15:39:06.2831112Z","WeaponHalfLifeDays_Minus10Percent","Weapon recency half-life","WeaponHalfLifeDays","Minus10Percent","Dynamic_Player_01_Ice_To_Forest_Ocean_Ice","Day04_IceSettled","4","WeaponEffectiveUse","Sword","1","431.9826","13.5","0.857244","370.3145","370.3145","TRUE"
"PCG_VFX_OAT_Sensitivity_20260826_153906","2026-08-26T15:39:06.2831112Z","WeaponHalfLifeDays_Minus10Percent","Weapon recency half-life","WeaponHalfLifeDays","Minus10Percent","Dynamic_Player_01_Ice_To_Forest_Ocean_Ice","Day04_IceSettled","4","BossRecencyWeight","IceDragon","1","0.840896","4","0.594604","0.5","0.5","TRUE"
"PCG_VFX_OAT_Sensitivity_20260826_153906","2026-08-26T15:39:06.2831112Z","WeaponHalfLifeDays_Minus10Percent","Weapon recency half-life","WeaponHalfLifeDays","Minus10Percent","Dynamic_Player_01_Ice_To_Forest_Ocean_Ice","Day08_ForestCommitment","8","WeaponEffectiveUse","Sword","4","480.3145","13.5","0.81434","391.1394","391.1394","TRUE"
"PCG_VFX_OAT_Sensitivity_20260826_153906","2026-08-26T15:39:06.2831112Z","WeaponHalfLifeDays_Minus10Percent","Weapon recency half-life","WeaponHalfLifeDays","Minus10Percent","Dynamic_Player_01_Ice_To_Forest_Ocean_Ice","Day08_ForestCommitment","8","BossRecencyWeight","IceDragon","4","0.5","4","0.5","0.25","0.25","TRUE"
"PCG_VFX_OAT_Sensitivity_20260826_153906","2026-08-26T15:39:06.2831112Z","WeaponHalfLifeDays_Minus10Percent","Weapon recency half-life","WeaponHalfLifeDays","Minus10Percent","Dynamic_Player_01_Ice_To_Forest_Ocean_Ice","Day14_ForestMastery","14","WeaponEffectiveUse","Sword","8","416.1394","13.5","0.734867","305.8072","305.8072","TRUE"
"PCG_VFX_OAT_Sensitivity_20260826_153906","2026-08-26T15:39:06.2831112Z","WeaponHalfLifeDays_Minus10Percent","Weapon recency half-life","WeaponHalfLifeDays","Minus10Percent","Dynamic_Player_01_Ice_To_Forest_Ocean_Ice","Day14_ForestMastery","14","WeaponEffectiveUse","Bow","8","300","13.5","0.734867","220.4602","220.4602","TRUE"
"PCG_VFX_OAT_Sensitivity_20260826_153906","2026-08-26T15:39:06.2831112Z","WeaponHalfLifeDays_Minus10Percent","Weapon recency half-life","WeaponHalfLifeDays","Minus10Percent","Dynamic_Player_01_Ice_To_Forest_Ocean_Ice","Day14_ForestMastery","14","BossRecencyWeight","IceDragon","8","0.25","4","0.353553","0.088388","0.088388","TRUE"
"PCG_VFX_OAT_Sensitivity_20260826_153906","2026-08-26T15:39:06.2831112Z","WeaponHalfLifeDays_Minus10Percent","Weapon recency half-life","WeaponHalfLifeDays","Minus10Percent","Dynamic_Player_01_Ice_To_Forest_Ocean_Ice","Day14_ForestMastery","14","RegionRecentVisit","ForestRuins","8","650","20","0.812252","527.9641","527.9641","TRUE"
"PCG_VFX_OAT_Sensitivity_20260826_153906","2026-08-26T15:39:06.2831112Z","WeaponHalfLifeDays_Minus10Percent","Weapon recency half-life","WeaponHalfLifeDays","Minus10Percent","Dynamic_Player_01_Ice_To_Forest_Ocean_Ice","Day20_OceanDiscovery","20","WeaponEffectiveUse","Sword","14","305.8072","13.5","0.734867","224.7277","224.7277","TRUE"
"PCG_VFX_OAT_Sensitivity_20260826_153906","2026-08-26T15:39:06.2831112Z","WeaponHalfLifeDays_Minus10Percent","Weapon recency half-life","WeaponHalfLifeDays","Minus10Percent","Dynamic_Player_01_Ice_To_Forest_Ocean_Ice","Day20_OceanDiscovery","20","WeaponEffectiveUse","Bow","14","580.4601","13.5","0.734867","426.5611","426.5611","TRUE"
"PCG_VFX_OAT_Sensitivity_20260826_153906","2026-08-26T15:39:06.2831112Z","WeaponHalfLifeDays_Minus10Percent","Weapon recency half-life","WeaponHalfLifeDays","Minus10Percent","Dynamic_Player_01_Ice_To_Forest_Ocean_Ice","Day20_OceanDiscovery","20","BossRecencyWeight","IceDragon","14","0.088388","4","0.353553","0.03125","0.03125","TRUE"
"PCG_VFX_OAT_Sensitivity_20260826_153906","2026-08-26T15:39:06.2831112Z","WeaponHalfLifeDays_Minus10Percent","Weapon recency half-life","WeaponHalfLifeDays","Minus10Percent","Dynamic_Player_01_Ice_To_Forest_Ocean_Ice","Day20_OceanDiscovery","20","RegionRecentVisit","ForestRuins","14","1027.964","20","0.812252","834.9663","834.9663","TRUE"
"PCG_VFX_OAT_Sensitivity_20260826_153906","2026-08-26T15:39:06.2831112Z","WeaponHalfLifeDays_Minus10Percent","Weapon recency half-life","WeaponHalfLifeDays","Minus10Percent","Dynamic_Player_01_Ice_To_Forest_Ocean_Ice","Day27_SeaTurtleDefeat","27","WeaponEffectiveUse","Sword","20","224.7277","13.5","0.698088","156.8798","156.8798","TRUE"
"PCG_VFX_OAT_Sensitivity_20260826_153906","2026-08-26T15:39:06.2831112Z","WeaponHalfLifeDays_Minus10Percent","Weapon recency half-life","WeaponHalfLifeDays","Minus10Percent","Dynamic_Player_01_Ice_To_Forest_Ocean_Ice","Day27_SeaTurtleDefeat","27","WeaponEffectiveUse","Bow","20","576.5612","13.5","0.698088","402.4906","402.4906","TRUE"
"PCG_VFX_OAT_Sensitivity_20260826_153906","2026-08-26T15:39:06.2831112Z","WeaponHalfLifeDays_Minus10Percent","Weapon recency half-life","WeaponHalfLifeDays","Minus10Percent","Dynamic_Player_01_Ice_To_Forest_Ocean_Ice","Day27_SeaTurtleDefeat","27","BossRecencyWeight","IceDragon","20","0.03125","4","0.297302","0.009291","0.009291","TRUE"
"PCG_VFX_OAT_Sensitivity_20260826_153906","2026-08-26T15:39:06.2831112Z","WeaponHalfLifeDays_Minus10Percent","Weapon recency half-life","WeaponHalfLifeDays","Minus10Percent","Dynamic_Player_01_Ice_To_Forest_Ocean_Ice","Day27_SeaTurtleDefeat","27","RegionRecentVisit","ForestRuins","20","1014.966","20","0.784584","796.3264","796.3264","TRUE"
"PCG_VFX_OAT_Sensitivity_20260826_153906","2026-08-26T15:39:06.2831112Z","WeaponHalfLifeDays_Minus10Percent","Weapon recency half-life","WeaponHalfLifeDays","Minus10Percent","Dynamic_Player_01_Ice_To_Forest_Ocean_Ice","Day27_SeaTurtleDefeat","27","RegionRecentVisit","OceanRuins","20","240","20","0.784584","188.3002","188.3002","TRUE"
"PCG_VFX_OAT_Sensitivity_20260826_153906","2026-08-26T15:39:06.2831112Z","WeaponHalfLifeDays_Minus10Percent","Weapon recency half-life","WeaponHalfLifeDays","Minus10Percent","Dynamic_Player_01_Ice_To_Forest_Ocean_Ice","Day39_IceDragonRematch","39","WeaponEffectiveUse","Sword","27","156.8798","13.5","0.54003","84.71976","84.71976","TRUE"
"PCG_VFX_OAT_Sensitivity_20260826_153906","2026-08-26T15:39:06.2831112Z","WeaponHalfLifeDays_Minus10Percent","Weapon recency half-life","WeaponHalfLifeDays","Minus10Percent","Dynamic_Player_01_Ice_To_Forest_Ocean_Ice","Day39_IceDragonRematch","39","WeaponEffectiveUse","Bow","27","522.4906","13.5","0.54003","282.1606","282.1606","TRUE"
"PCG_VFX_OAT_Sensitivity_20260826_153906","2026-08-26T15:39:06.2831112Z","WeaponHalfLifeDays_Minus10Percent","Weapon recency half-life","WeaponHalfLifeDays","Minus10Percent","Dynamic_Player_01_Ice_To_Forest_Ocean_Ice","Day39_IceDragonRematch","39","BossRecencyWeight","IceDragon","27","0.009291","4","0.125","0.001161","0.001161","TRUE"
"PCG_VFX_OAT_Sensitivity_20260826_153906","2026-08-26T15:39:06.2831112Z","WeaponHalfLifeDays_Minus10Percent","Weapon recency half-life","WeaponHalfLifeDays","Minus10Percent","Dynamic_Player_01_Ice_To_Forest_Ocean_Ice","Day39_IceDragonRematch","39","BossRecencyWeight","SeaTurtle","27","1","4","0.125","0.125","0.125","TRUE"
"PCG_VFX_OAT_Sensitivity_20260826_153906","2026-08-26T15:39:06.2831112Z","WeaponHalfLifeDays_Minus10Percent","Weapon recency half-life","WeaponHalfLifeDays","Minus10Percent","Dynamic_Player_01_Ice_To_Forest_Ocean_Ice","Day39_IceDragonRematch","39","RegionRecentVisit","ForestRuins","27","796.3264","20","0.659754","525.3795","525.3795","TRUE"
"PCG_VFX_OAT_Sensitivity_20260826_153906","2026-08-26T15:39:06.2831112Z","WeaponHalfLifeDays_Minus10Percent","Weapon recency half-life","WeaponHalfLifeDays","Minus10Percent","Dynamic_Player_01_Ice_To_Forest_Ocean_Ice","Day39_IceDragonRematch","39","RegionRecentVisit","OceanRuins","27","1188.3","20","0.659754","783.9857","783.9857","TRUE"
"PCG_VFX_OAT_Sensitivity_20260826_153906","2026-08-26T15:39:06.2831112Z","WeaponHalfLifeDays_Plus10Percent","Weapon recency half-life","WeaponHalfLifeDays","Plus10Percent","Dynamic_Player_01_Ice_To_Forest_Ocean_Ice","Day01_IceBaseline","1","WeaponEffectiveUse","Sword","0","360","16.5","0.958861","345.19","345.19","TRUE"
"PCG_VFX_OAT_Sensitivity_20260826_153906","2026-08-26T15:39:06.2831112Z","WeaponHalfLifeDays_Plus10Percent","Weapon recency half-life","WeaponHalfLifeDays","Plus10Percent","Dynamic_Player_01_Ice_To_Forest_Ocean_Ice","Day01_IceBaseline","1","BossRecencyWeight","IceDragon","0","1","4","0.840896","0.840896","0.840896","TRUE"
"PCG_VFX_OAT_Sensitivity_20260826_153906","2026-08-26T15:39:06.2831112Z","WeaponHalfLifeDays_Plus10Percent","Weapon recency half-life","WeaponHalfLifeDays","Plus10Percent","Dynamic_Player_01_Ice_To_Forest_Ocean_Ice","Day04_IceSettled","4","WeaponEffectiveUse","Sword","1","435.19","16.5","0.881591","383.6597","383.6597","TRUE"
"PCG_VFX_OAT_Sensitivity_20260826_153906","2026-08-26T15:39:06.2831112Z","WeaponHalfLifeDays_Plus10Percent","Weapon recency half-life","WeaponHalfLifeDays","Plus10Percent","Dynamic_Player_01_Ice_To_Forest_Ocean_Ice","Day04_IceSettled","4","BossRecencyWeight","IceDragon","1","0.840896","4","0.594604","0.5","0.5","TRUE"
"PCG_VFX_OAT_Sensitivity_20260826_153906","2026-08-26T15:39:06.2831112Z","WeaponHalfLifeDays_Plus10Percent","Weapon recency half-life","WeaponHalfLifeDays","Plus10Percent","Dynamic_Player_01_Ice_To_Forest_Ocean_Ice","Day08_ForestCommitment","8","WeaponEffectiveUse","Sword","4","493.6597","16.5","0.845324","417.3022","417.3022","TRUE"
"PCG_VFX_OAT_Sensitivity_20260826_153906","2026-08-26T15:39:06.2831112Z","WeaponHalfLifeDays_Plus10Percent","Weapon recency half-life","WeaponHalfLifeDays","Plus10Percent","Dynamic_Player_01_Ice_To_Forest_Ocean_Ice","Day08_ForestCommitment","8","BossRecencyWeight","IceDragon","4","0.5","4","0.5","0.25","0.25","TRUE"
"PCG_VFX_OAT_Sensitivity_20260826_153906","2026-08-26T15:39:06.2831112Z","WeaponHalfLifeDays_Plus10Percent","Weapon recency half-life","WeaponHalfLifeDays","Plus10Percent","Dynamic_Player_01_Ice_To_Forest_Ocean_Ice","Day14_ForestMastery","14","WeaponEffectiveUse","Sword","8","442.3022","16.5","0.777203","343.7587","343.7587","TRUE"
"PCG_VFX_OAT_Sensitivity_20260826_153906","2026-08-26T15:39:06.2831112Z","WeaponHalfLifeDays_Plus10Percent","Weapon recency half-life","WeaponHalfLifeDays","Plus10Percent","Dynamic_Player_01_Ice_To_Forest_Ocean_Ice","Day14_ForestMastery","14","WeaponEffectiveUse","Bow","8","300","16.5","0.777203","233.1609","233.1609","TRUE"
"PCG_VFX_OAT_Sensitivity_20260826_153906","2026-08-26T15:39:06.2831112Z","WeaponHalfLifeDays_Plus10Percent","Weapon recency half-life","WeaponHalfLifeDays","Plus10Percent","Dynamic_Player_01_Ice_To_Forest_Ocean_Ice","Day14_ForestMastery","14","BossRecencyWeight","IceDragon","8","0.25","4","0.353553","0.088388","0.088388","TRUE"
"PCG_VFX_OAT_Sensitivity_20260826_153906","2026-08-26T15:39:06.2831112Z","WeaponHalfLifeDays_Plus10Percent","Weapon recency half-life","WeaponHalfLifeDays","Plus10Percent","Dynamic_Player_01_Ice_To_Forest_Ocean_Ice","Day14_ForestMastery","14","RegionRecentVisit","ForestRuins","8","650","20","0.812252","527.9641","527.9641","TRUE"
"PCG_VFX_OAT_Sensitivity_20260826_153906","2026-08-26T15:39:06.2831112Z","WeaponHalfLifeDays_Plus10Percent","Weapon recency half-life","WeaponHalfLifeDays","Plus10Percent","Dynamic_Player_01_Ice_To_Forest_Ocean_Ice","Day20_OceanDiscovery","20","WeaponEffectiveUse","Sword","14","343.7587","16.5","0.777203","267.1703","267.1703","TRUE"
"PCG_VFX_OAT_Sensitivity_20260826_153906","2026-08-26T15:39:06.2831112Z","WeaponHalfLifeDays_Plus10Percent","Weapon recency half-life","WeaponHalfLifeDays","Plus10Percent","Dynamic_Player_01_Ice_To_Forest_Ocean_Ice","Day20_OceanDiscovery","20","WeaponEffectiveUse","Bow","14","593.1609","16.5","0.777203","461.0066","461.0066","TRUE"
"PCG_VFX_OAT_Sensitivity_20260826_153906","2026-08-26T15:39:06.2831112Z","WeaponHalfLifeDays_Plus10Percent","Weapon recency half-life","WeaponHalfLifeDays","Plus10Percent","Dynamic_Player_01_Ice_To_Forest_Ocean_Ice","Day20_OceanDiscovery","20","BossRecencyWeight","IceDragon","14","0.088388","4","0.353553","0.03125","0.03125","TRUE"
"PCG_VFX_OAT_Sensitivity_20260826_153906","2026-08-26T15:39:06.2831112Z","WeaponHalfLifeDays_Plus10Percent","Weapon recency half-life","WeaponHalfLifeDays","Plus10Percent","Dynamic_Player_01_Ice_To_Forest_Ocean_Ice","Day20_OceanDiscovery","20","RegionRecentVisit","ForestRuins","14","1027.964","20","0.812252","834.9663","834.9663","TRUE"
"PCG_VFX_OAT_Sensitivity_20260826_153906","2026-08-26T15:39:06.2831112Z","WeaponHalfLifeDays_Plus10Percent","Weapon recency half-life","WeaponHalfLifeDays","Plus10Percent","Dynamic_Player_01_Ice_To_Forest_Ocean_Ice","Day27_SeaTurtleDefeat","27","WeaponEffectiveUse","Sword","20","267.1703","16.5","0.74523","199.1033","199.1033","TRUE"
"PCG_VFX_OAT_Sensitivity_20260826_153906","2026-08-26T15:39:06.2831112Z","WeaponHalfLifeDays_Plus10Percent","Weapon recency half-life","WeaponHalfLifeDays","Plus10Percent","Dynamic_Player_01_Ice_To_Forest_Ocean_Ice","Day27_SeaTurtleDefeat","27","WeaponEffectiveUse","Bow","20","611.0066","16.5","0.74523","455.3404","455.3404","TRUE"
"PCG_VFX_OAT_Sensitivity_20260826_153906","2026-08-26T15:39:06.2831112Z","WeaponHalfLifeDays_Plus10Percent","Weapon recency half-life","WeaponHalfLifeDays","Plus10Percent","Dynamic_Player_01_Ice_To_Forest_Ocean_Ice","Day27_SeaTurtleDefeat","27","BossRecencyWeight","IceDragon","20","0.03125","4","0.297302","0.009291","0.009291","TRUE"
"PCG_VFX_OAT_Sensitivity_20260826_153906","2026-08-26T15:39:06.2831112Z","WeaponHalfLifeDays_Plus10Percent","Weapon recency half-life","WeaponHalfLifeDays","Plus10Percent","Dynamic_Player_01_Ice_To_Forest_Ocean_Ice","Day27_SeaTurtleDefeat","27","RegionRecentVisit","ForestRuins","20","1014.966","20","0.784584","796.3264","796.3264","TRUE"
"PCG_VFX_OAT_Sensitivity_20260826_153906","2026-08-26T15:39:06.2831112Z","WeaponHalfLifeDays_Plus10Percent","Weapon recency half-life","WeaponHalfLifeDays","Plus10Percent","Dynamic_Player_01_Ice_To_Forest_Ocean_Ice","Day27_SeaTurtleDefeat","27","RegionRecentVisit","OceanRuins","20","240","20","0.784584","188.3002","188.3002","TRUE"
"PCG_VFX_OAT_Sensitivity_20260826_153906","2026-08-26T15:39:06.2831112Z","WeaponHalfLifeDays_Plus10Percent","Weapon recency half-life","WeaponHalfLifeDays","Plus10Percent","Dynamic_Player_01_Ice_To_Forest_Ocean_Ice","Day39_IceDragonRematch","39","WeaponEffectiveUse","Sword","27","199.1033","16.5","0.604045","120.2673","120.2673","TRUE"
"PCG_VFX_OAT_Sensitivity_20260826_153906","2026-08-26T15:39:06.2831112Z","WeaponHalfLifeDays_Plus10Percent","Weapon recency half-life","WeaponHalfLifeDays","Plus10Percent","Dynamic_Player_01_Ice_To_Forest_Ocean_Ice","Day39_IceDragonRematch","39","WeaponEffectiveUse","Bow","27","575.3405","16.5","0.604045","347.5314","347.5314","TRUE"
"PCG_VFX_OAT_Sensitivity_20260826_153906","2026-08-26T15:39:06.2831112Z","WeaponHalfLifeDays_Plus10Percent","Weapon recency half-life","WeaponHalfLifeDays","Plus10Percent","Dynamic_Player_01_Ice_To_Forest_Ocean_Ice","Day39_IceDragonRematch","39","BossRecencyWeight","IceDragon","27","0.009291","4","0.125","0.001161","0.001161","TRUE"
"PCG_VFX_OAT_Sensitivity_20260826_153906","2026-08-26T15:39:06.2831112Z","WeaponHalfLifeDays_Plus10Percent","Weapon recency half-life","WeaponHalfLifeDays","Plus10Percent","Dynamic_Player_01_Ice_To_Forest_Ocean_Ice","Day39_IceDragonRematch","39","BossRecencyWeight","SeaTurtle","27","1","4","0.125","0.125","0.125","TRUE"
"PCG_VFX_OAT_Sensitivity_20260826_153906","2026-08-26T15:39:06.2831112Z","WeaponHalfLifeDays_Plus10Percent","Weapon recency half-life","WeaponHalfLifeDays","Plus10Percent","Dynamic_Player_01_Ice_To_Forest_Ocean_Ice","Day39_IceDragonRematch","39","RegionRecentVisit","ForestRuins","27","796.3264","20","0.659754","525.3795","525.3795","TRUE"
"PCG_VFX_OAT_Sensitivity_20260826_153906","2026-08-26T15:39:06.2831112Z","WeaponHalfLifeDays_Plus10Percent","Weapon recency half-life","WeaponHalfLifeDays","Plus10Percent","Dynamic_Player_01_Ice_To_Forest_Ocean_Ice","Day39_IceDragonRematch","39","RegionRecentVisit","OceanRuins","27","1188.3","20","0.659754","783.9857","783.9857","TRUE"
"PCG_VFX_OAT_Sensitivity_20260826_153906","2026-08-26T15:39:06.2831112Z","BossRecencyHalfLifeDays_Minus10Percent","Boss recency half-life","BossRecencyHalfLifeDays","Minus10Percent","Dynamic_Player_01_Ice_To_Forest_Ocean_Ice","Day01_IceBaseline","1","WeaponEffectiveUse","Sword","0","360","15","0.954842","343.743","343.743","TRUE"
"PCG_VFX_OAT_Sensitivity_20260826_153906","2026-08-26T15:39:06.2831112Z","BossRecencyHalfLifeDays_Minus10Percent","Boss recency half-life","BossRecencyHalfLifeDays","Minus10Percent","Dynamic_Player_01_Ice_To_Forest_Ocean_Ice","Day01_IceBaseline","1","BossRecencyWeight","IceDragon","0","1","3.6","0.824861","0.824861","0.824861","TRUE"
"PCG_VFX_OAT_Sensitivity_20260826_153906","2026-08-26T15:39:06.2831112Z","BossRecencyHalfLifeDays_Minus10Percent","Boss recency half-life","BossRecencyHalfLifeDays","Minus10Percent","Dynamic_Player_01_Ice_To_Forest_Ocean_Ice","Day04_IceSettled","4","WeaponEffectiveUse","Sword","1","433.743","15","0.870551","377.5952","377.5952","TRUE"
"PCG_VFX_OAT_Sensitivity_20260826_153906","2026-08-26T15:39:06.2831112Z","BossRecencyHalfLifeDays_Minus10Percent","Boss recency half-life","BossRecencyHalfLifeDays","Minus10Percent","Dynamic_Player_01_Ice_To_Forest_Ocean_Ice","Day04_IceSettled","4","BossRecencyWeight","IceDragon","1","0.824861","3.6","0.561231","0.462937","0.462937","TRUE"
"PCG_VFX_OAT_Sensitivity_20260826_153906","2026-08-26T15:39:06.2831112Z","BossRecencyHalfLifeDays_Minus10Percent","Boss recency half-life","BossRecencyHalfLifeDays","Minus10Percent","Dynamic_Player_01_Ice_To_Forest_Ocean_Ice","Day08_ForestCommitment","8","WeaponEffectiveUse","Sword","4","487.5952","15","0.831238","405.3076","405.3076","TRUE"
"PCG_VFX_OAT_Sensitivity_20260826_153906","2026-08-26T15:39:06.2831112Z","BossRecencyHalfLifeDays_Minus10Percent","Boss recency half-life","BossRecencyHalfLifeDays","Minus10Percent","Dynamic_Player_01_Ice_To_Forest_Ocean_Ice","Day08_ForestCommitment","8","BossRecencyWeight","IceDragon","4","0.462937","3.6","0.462937","0.214311","0.214311","TRUE"
"PCG_VFX_OAT_Sensitivity_20260826_153906","2026-08-26T15:39:06.2831112Z","BossRecencyHalfLifeDays_Minus10Percent","Boss recency half-life","BossRecencyHalfLifeDays","Minus10Percent","Dynamic_Player_01_Ice_To_Forest_Ocean_Ice","Day14_ForestMastery","14","WeaponEffectiveUse","Sword","8","430.3076","15","0.757858","326.1122","326.1122","TRUE"
"PCG_VFX_OAT_Sensitivity_20260826_153906","2026-08-26T15:39:06.2831112Z","BossRecencyHalfLifeDays_Minus10Percent","Boss recency half-life","BossRecencyHalfLifeDays","Minus10Percent","Dynamic_Player_01_Ice_To_Forest_Ocean_Ice","Day14_ForestMastery","14","WeaponEffectiveUse","Bow","8","300","15","0.757858","227.3575","227.3575","TRUE"
"PCG_VFX_OAT_Sensitivity_20260826_153906","2026-08-26T15:39:06.2831112Z","BossRecencyHalfLifeDays_Minus10Percent","Boss recency half-life","BossRecencyHalfLifeDays","Minus10Percent","Dynamic_Player_01_Ice_To_Forest_Ocean_Ice","Day14_ForestMastery","14","BossRecencyWeight","IceDragon","8","0.214311","3.6","0.31498","0.067504","0.067504","TRUE"
"PCG_VFX_OAT_Sensitivity_20260826_153906","2026-08-26T15:39:06.2831112Z","BossRecencyHalfLifeDays_Minus10Percent","Boss recency half-life","BossRecencyHalfLifeDays","Minus10Percent","Dynamic_Player_01_Ice_To_Forest_Ocean_Ice","Day14_ForestMastery","14","RegionRecentVisit","ForestRuins","8","650","20","0.812252","527.9641","527.9641","TRUE"
"PCG_VFX_OAT_Sensitivity_20260826_153906","2026-08-26T15:39:06.2831112Z","BossRecencyHalfLifeDays_Minus10Percent","Boss recency half-life","BossRecencyHalfLifeDays","Minus10Percent","Dynamic_Player_01_Ice_To_Forest_Ocean_Ice","Day20_OceanDiscovery","20","WeaponEffectiveUse","Sword","14","326.1122","15","0.757858","247.1468","247.1468","TRUE"
"PCG_VFX_OAT_Sensitivity_20260826_153906","2026-08-26T15:39:06.2831112Z","BossRecencyHalfLifeDays_Minus10Percent","Boss recency half-life","BossRecencyHalfLifeDays","Minus10Percent","Dynamic_Player_01_Ice_To_Forest_Ocean_Ice","Day20_OceanDiscovery","20","WeaponEffectiveUse","Bow","14","587.3575","15","0.757858","445.1337","445.1337","TRUE"
"PCG_VFX_OAT_Sensitivity_20260826_153906","2026-08-26T15:39:06.2831112Z","BossRecencyHalfLifeDays_Minus10Percent","Boss recency half-life","BossRecencyHalfLifeDays","Minus10Percent","Dynamic_Player_01_Ice_To_Forest_Ocean_Ice","Day20_OceanDiscovery","20","BossRecencyWeight","IceDragon","14","0.067504","3.6","0.31498","0.021262","0.021262","TRUE"
"PCG_VFX_OAT_Sensitivity_20260826_153906","2026-08-26T15:39:06.2831112Z","BossRecencyHalfLifeDays_Minus10Percent","Boss recency half-life","BossRecencyHalfLifeDays","Minus10Percent","Dynamic_Player_01_Ice_To_Forest_Ocean_Ice","Day20_OceanDiscovery","20","RegionRecentVisit","ForestRuins","14","1027.964","20","0.812252","834.9663","834.9663","TRUE"
"PCG_VFX_OAT_Sensitivity_20260826_153906","2026-08-26T15:39:06.2831112Z","BossRecencyHalfLifeDays_Minus10Percent","Boss recency half-life","BossRecencyHalfLifeDays","Minus10Percent","Dynamic_Player_01_Ice_To_Forest_Ocean_Ice","Day27_SeaTurtleDefeat","27","WeaponEffectiveUse","Sword","20","247.1468","15","0.723635","178.844","178.844","TRUE"
"PCG_VFX_OAT_Sensitivity_20260826_153906","2026-08-26T15:39:06.2831112Z","BossRecencyHalfLifeDays_Minus10Percent","Boss recency half-life","BossRecencyHalfLifeDays","Minus10Percent","Dynamic_Player_01_Ice_To_Forest_Ocean_Ice","Day27_SeaTurtleDefeat","27","WeaponEffectiveUse","Bow","20","595.1337","15","0.723635","430.6594","430.6594","TRUE"
"PCG_VFX_OAT_Sensitivity_20260826_153906","2026-08-26T15:39:06.2831112Z","BossRecencyHalfLifeDays_Minus10Percent","Boss recency half-life","BossRecencyHalfLifeDays","Minus10Percent","Dynamic_Player_01_Ice_To_Forest_Ocean_Ice","Day27_SeaTurtleDefeat","27","BossRecencyWeight","IceDragon","20","0.021262","3.6","0.259815","0.005524","0.005524","TRUE"
"PCG_VFX_OAT_Sensitivity_20260826_153906","2026-08-26T15:39:06.2831112Z","BossRecencyHalfLifeDays_Minus10Percent","Boss recency half-life","BossRecencyHalfLifeDays","Minus10Percent","Dynamic_Player_01_Ice_To_Forest_Ocean_Ice","Day27_SeaTurtleDefeat","27","RegionRecentVisit","ForestRuins","20","1014.966","20","0.784584","796.3264","796.3264","TRUE"
"PCG_VFX_OAT_Sensitivity_20260826_153906","2026-08-26T15:39:06.2831112Z","BossRecencyHalfLifeDays_Minus10Percent","Boss recency half-life","BossRecencyHalfLifeDays","Minus10Percent","Dynamic_Player_01_Ice_To_Forest_Ocean_Ice","Day27_SeaTurtleDefeat","27","RegionRecentVisit","OceanRuins","20","240","20","0.784584","188.3002","188.3002","TRUE"
"PCG_VFX_OAT_Sensitivity_20260826_153906","2026-08-26T15:39:06.2831112Z","BossRecencyHalfLifeDays_Minus10Percent","Boss recency half-life","BossRecencyHalfLifeDays","Minus10Percent","Dynamic_Player_01_Ice_To_Forest_Ocean_Ice","Day39_IceDragonRematch","39","WeaponEffectiveUse","Sword","27","178.844","15","0.574349","102.7189","102.7189","TRUE"
"PCG_VFX_OAT_Sensitivity_20260826_153906","2026-08-26T15:39:06.2831112Z","BossRecencyHalfLifeDays_Minus10Percent","Boss recency half-life","BossRecencyHalfLifeDays","Minus10Percent","Dynamic_Player_01_Ice_To_Forest_Ocean_Ice","Day39_IceDragonRematch","39","WeaponEffectiveUse","Bow","27","550.6594","15","0.574349","316.2708","316.2708","TRUE"
"PCG_VFX_OAT_Sensitivity_20260826_153906","2026-08-26T15:39:06.2831112Z","BossRecencyHalfLifeDays_Minus10Percent","Boss recency half-life","BossRecencyHalfLifeDays","Minus10Percent","Dynamic_Player_01_Ice_To_Forest_Ocean_Ice","Day39_IceDragonRematch","39","BossRecencyWeight","IceDragon","27","0.005524","3.6","0.099213","0.000548","0.000548","TRUE"
"PCG_VFX_OAT_Sensitivity_20260826_153906","2026-08-26T15:39:06.2831112Z","BossRecencyHalfLifeDays_Minus10Percent","Boss recency half-life","BossRecencyHalfLifeDays","Minus10Percent","Dynamic_Player_01_Ice_To_Forest_Ocean_Ice","Day39_IceDragonRematch","39","BossRecencyWeight","SeaTurtle","27","1","3.6","0.099213","0.099213","0.099213","TRUE"
"PCG_VFX_OAT_Sensitivity_20260826_153906","2026-08-26T15:39:06.2831112Z","BossRecencyHalfLifeDays_Minus10Percent","Boss recency half-life","BossRecencyHalfLifeDays","Minus10Percent","Dynamic_Player_01_Ice_To_Forest_Ocean_Ice","Day39_IceDragonRematch","39","RegionRecentVisit","ForestRuins","27","796.3264","20","0.659754","525.3795","525.3795","TRUE"
"PCG_VFX_OAT_Sensitivity_20260826_153906","2026-08-26T15:39:06.2831112Z","BossRecencyHalfLifeDays_Minus10Percent","Boss recency half-life","BossRecencyHalfLifeDays","Minus10Percent","Dynamic_Player_01_Ice_To_Forest_Ocean_Ice","Day39_IceDragonRematch","39","RegionRecentVisit","OceanRuins","27","1188.3","20","0.659754","783.9857","783.9857","TRUE"
"PCG_VFX_OAT_Sensitivity_20260826_153906","2026-08-26T15:39:06.2831112Z","BossRecencyHalfLifeDays_Plus10Percent","Boss recency half-life","BossRecencyHalfLifeDays","Plus10Percent","Dynamic_Player_01_Ice_To_Forest_Ocean_Ice","Day01_IceBaseline","1","WeaponEffectiveUse","Sword","0","360","15","0.954842","343.743","343.743","TRUE"
"PCG_VFX_OAT_Sensitivity_20260826_153906","2026-08-26T15:39:06.2831112Z","BossRecencyHalfLifeDays_Plus10Percent","Boss recency half-life","BossRecencyHalfLifeDays","Plus10Percent","Dynamic_Player_01_Ice_To_Forest_Ocean_Ice","Day01_IceBaseline","1","BossRecencyWeight","IceDragon","0","1","4.4","0.854248","0.854248","0.854248","TRUE"
"PCG_VFX_OAT_Sensitivity_20260826_153906","2026-08-26T15:39:06.2831112Z","BossRecencyHalfLifeDays_Plus10Percent","Boss recency half-life","BossRecencyHalfLifeDays","Plus10Percent","Dynamic_Player_01_Ice_To_Forest_Ocean_Ice","Day04_IceSettled","4","WeaponEffectiveUse","Sword","1","433.743","15","0.870551","377.5952","377.5952","TRUE"
"PCG_VFX_OAT_Sensitivity_20260826_153906","2026-08-26T15:39:06.2831112Z","BossRecencyHalfLifeDays_Plus10Percent","Boss recency half-life","BossRecencyHalfLifeDays","Plus10Percent","Dynamic_Player_01_Ice_To_Forest_Ocean_Ice","Day04_IceSettled","4","BossRecencyWeight","IceDragon","1","0.854248","4.4","0.623379","0.532521","0.532521","TRUE"
"PCG_VFX_OAT_Sensitivity_20260826_153906","2026-08-26T15:39:06.2831112Z","BossRecencyHalfLifeDays_Plus10Percent","Boss recency half-life","BossRecencyHalfLifeDays","Plus10Percent","Dynamic_Player_01_Ice_To_Forest_Ocean_Ice","Day08_ForestCommitment","8","WeaponEffectiveUse","Sword","4","487.5952","15","0.831238","405.3076","405.3076","TRUE"
"PCG_VFX_OAT_Sensitivity_20260826_153906","2026-08-26T15:39:06.2831112Z","BossRecencyHalfLifeDays_Plus10Percent","Boss recency half-life","BossRecencyHalfLifeDays","Plus10Percent","Dynamic_Player_01_Ice_To_Forest_Ocean_Ice","Day08_ForestCommitment","8","BossRecencyWeight","IceDragon","4","0.532521","4.4","0.532521","0.283578","0.283578","TRUE"
"PCG_VFX_OAT_Sensitivity_20260826_153906","2026-08-26T15:39:06.2831112Z","BossRecencyHalfLifeDays_Plus10Percent","Boss recency half-life","BossRecencyHalfLifeDays","Plus10Percent","Dynamic_Player_01_Ice_To_Forest_Ocean_Ice","Day14_ForestMastery","14","WeaponEffectiveUse","Sword","8","430.3076","15","0.757858","326.1122","326.1122","TRUE"
"PCG_VFX_OAT_Sensitivity_20260826_153906","2026-08-26T15:39:06.2831112Z","BossRecencyHalfLifeDays_Plus10Percent","Boss recency half-life","BossRecencyHalfLifeDays","Plus10Percent","Dynamic_Player_01_Ice_To_Forest_Ocean_Ice","Day14_ForestMastery","14","WeaponEffectiveUse","Bow","8","300","15","0.757858","227.3575","227.3575","TRUE"
"PCG_VFX_OAT_Sensitivity_20260826_153906","2026-08-26T15:39:06.2831112Z","BossRecencyHalfLifeDays_Plus10Percent","Boss recency half-life","BossRecencyHalfLifeDays","Plus10Percent","Dynamic_Player_01_Ice_To_Forest_Ocean_Ice","Day14_ForestMastery","14","BossRecencyWeight","IceDragon","8","0.283578","4.4","0.388602","0.110199","0.110199","TRUE"
"PCG_VFX_OAT_Sensitivity_20260826_153906","2026-08-26T15:39:06.2831112Z","BossRecencyHalfLifeDays_Plus10Percent","Boss recency half-life","BossRecencyHalfLifeDays","Plus10Percent","Dynamic_Player_01_Ice_To_Forest_Ocean_Ice","Day14_ForestMastery","14","RegionRecentVisit","ForestRuins","8","650","20","0.812252","527.9641","527.9641","TRUE"
"PCG_VFX_OAT_Sensitivity_20260826_153906","2026-08-26T15:39:06.2831112Z","BossRecencyHalfLifeDays_Plus10Percent","Boss recency half-life","BossRecencyHalfLifeDays","Plus10Percent","Dynamic_Player_01_Ice_To_Forest_Ocean_Ice","Day20_OceanDiscovery","20","WeaponEffectiveUse","Sword","14","326.1122","15","0.757858","247.1468","247.1468","TRUE"
"PCG_VFX_OAT_Sensitivity_20260826_153906","2026-08-26T15:39:06.2831112Z","BossRecencyHalfLifeDays_Plus10Percent","Boss recency half-life","BossRecencyHalfLifeDays","Plus10Percent","Dynamic_Player_01_Ice_To_Forest_Ocean_Ice","Day20_OceanDiscovery","20","WeaponEffectiveUse","Bow","14","587.3575","15","0.757858","445.1337","445.1337","TRUE"
"PCG_VFX_OAT_Sensitivity_20260826_153906","2026-08-26T15:39:06.2831112Z","BossRecencyHalfLifeDays_Plus10Percent","Boss recency half-life","BossRecencyHalfLifeDays","Plus10Percent","Dynamic_Player_01_Ice_To_Forest_Ocean_Ice","Day20_OceanDiscovery","20","BossRecencyWeight","IceDragon","14","0.110199","4.4","0.388602","0.042823","0.042823","TRUE"
"PCG_VFX_OAT_Sensitivity_20260826_153906","2026-08-26T15:39:06.2831112Z","BossRecencyHalfLifeDays_Plus10Percent","Boss recency half-life","BossRecencyHalfLifeDays","Plus10Percent","Dynamic_Player_01_Ice_To_Forest_Ocean_Ice","Day20_OceanDiscovery","20","RegionRecentVisit","ForestRuins","14","1027.964","20","0.812252","834.9663","834.9663","TRUE"
"PCG_VFX_OAT_Sensitivity_20260826_153906","2026-08-26T15:39:06.2831112Z","BossRecencyHalfLifeDays_Plus10Percent","Boss recency half-life","BossRecencyHalfLifeDays","Plus10Percent","Dynamic_Player_01_Ice_To_Forest_Ocean_Ice","Day27_SeaTurtleDefeat","27","WeaponEffectiveUse","Sword","20","247.1468","15","0.723635","178.844","178.844","TRUE"
"PCG_VFX_OAT_Sensitivity_20260826_153906","2026-08-26T15:39:06.2831112Z","BossRecencyHalfLifeDays_Plus10Percent","Boss recency half-life","BossRecencyHalfLifeDays","Plus10Percent","Dynamic_Player_01_Ice_To_Forest_Ocean_Ice","Day27_SeaTurtleDefeat","27","WeaponEffectiveUse","Bow","20","595.1337","15","0.723635","430.6594","430.6594","TRUE"
"PCG_VFX_OAT_Sensitivity_20260826_153906","2026-08-26T15:39:06.2831112Z","BossRecencyHalfLifeDays_Plus10Percent","Boss recency half-life","BossRecencyHalfLifeDays","Plus10Percent","Dynamic_Player_01_Ice_To_Forest_Ocean_Ice","Day27_SeaTurtleDefeat","27","BossRecencyWeight","IceDragon","20","0.042823","4.4","0.331962","0.014216","0.014216","TRUE"
"PCG_VFX_OAT_Sensitivity_20260826_153906","2026-08-26T15:39:06.2831112Z","BossRecencyHalfLifeDays_Plus10Percent","Boss recency half-life","BossRecencyHalfLifeDays","Plus10Percent","Dynamic_Player_01_Ice_To_Forest_Ocean_Ice","Day27_SeaTurtleDefeat","27","RegionRecentVisit","ForestRuins","20","1014.966","20","0.784584","796.3264","796.3264","TRUE"
"PCG_VFX_OAT_Sensitivity_20260826_153906","2026-08-26T15:39:06.2831112Z","BossRecencyHalfLifeDays_Plus10Percent","Boss recency half-life","BossRecencyHalfLifeDays","Plus10Percent","Dynamic_Player_01_Ice_To_Forest_Ocean_Ice","Day27_SeaTurtleDefeat","27","RegionRecentVisit","OceanRuins","20","240","20","0.784584","188.3002","188.3002","TRUE"
"PCG_VFX_OAT_Sensitivity_20260826_153906","2026-08-26T15:39:06.2831112Z","BossRecencyHalfLifeDays_Plus10Percent","Boss recency half-life","BossRecencyHalfLifeDays","Plus10Percent","Dynamic_Player_01_Ice_To_Forest_Ocean_Ice","Day39_IceDragonRematch","39","WeaponEffectiveUse","Sword","27","178.844","15","0.574349","102.7189","102.7189","TRUE"
"PCG_VFX_OAT_Sensitivity_20260826_153906","2026-08-26T15:39:06.2831112Z","BossRecencyHalfLifeDays_Plus10Percent","Boss recency half-life","BossRecencyHalfLifeDays","Plus10Percent","Dynamic_Player_01_Ice_To_Forest_Ocean_Ice","Day39_IceDragonRematch","39","WeaponEffectiveUse","Bow","27","550.6594","15","0.574349","316.2708","316.2708","TRUE"
"PCG_VFX_OAT_Sensitivity_20260826_153906","2026-08-26T15:39:06.2831112Z","BossRecencyHalfLifeDays_Plus10Percent","Boss recency half-life","BossRecencyHalfLifeDays","Plus10Percent","Dynamic_Player_01_Ice_To_Forest_Ocean_Ice","Day39_IceDragonRematch","39","BossRecencyWeight","IceDragon","27","0.014216","4.4","0.151011","0.002147","0.002147","TRUE"
"PCG_VFX_OAT_Sensitivity_20260826_153906","2026-08-26T15:39:06.2831112Z","BossRecencyHalfLifeDays_Plus10Percent","Boss recency half-life","BossRecencyHalfLifeDays","Plus10Percent","Dynamic_Player_01_Ice_To_Forest_Ocean_Ice","Day39_IceDragonRematch","39","BossRecencyWeight","SeaTurtle","27","1","4.4","0.151011","0.151011","0.151011","TRUE"
"PCG_VFX_OAT_Sensitivity_20260826_153906","2026-08-26T15:39:06.2831112Z","BossRecencyHalfLifeDays_Plus10Percent","Boss recency half-life","BossRecencyHalfLifeDays","Plus10Percent","Dynamic_Player_01_Ice_To_Forest_Ocean_Ice","Day39_IceDragonRematch","39","RegionRecentVisit","ForestRuins","27","796.3264","20","0.659754","525.3795","525.3795","TRUE"
"PCG_VFX_OAT_Sensitivity_20260826_153906","2026-08-26T15:39:06.2831112Z","BossRecencyHalfLifeDays_Plus10Percent","Boss recency half-life","BossRecencyHalfLifeDays","Plus10Percent","Dynamic_Player_01_Ice_To_Forest_Ocean_Ice","Day39_IceDragonRematch","39","RegionRecentVisit","OceanRuins","27","1188.3","20","0.659754","783.9857","783.9857","TRUE"
"PCG_VFX_OAT_Sensitivity_20260826_153906","2026-08-26T15:39:06.2831112Z","RegionRecencyHalfLifeDays_Minus10Percent","Region recency half-life","RegionRecencyHalfLifeDays","Minus10Percent","Dynamic_Player_01_Ice_To_Forest_Ocean_Ice","Day01_IceBaseline","1","WeaponEffectiveUse","Sword","0","360","15","0.954842","343.743","343.743","TRUE"
"PCG_VFX_OAT_Sensitivity_20260826_153906","2026-08-26T15:39:06.2831112Z","RegionRecencyHalfLifeDays_Minus10Percent","Region recency half-life","RegionRecencyHalfLifeDays","Minus10Percent","Dynamic_Player_01_Ice_To_Forest_Ocean_Ice","Day01_IceBaseline","1","BossRecencyWeight","IceDragon","0","1","4","0.840896","0.840896","0.840896","TRUE"
"PCG_VFX_OAT_Sensitivity_20260826_153906","2026-08-26T15:39:06.2831112Z","RegionRecencyHalfLifeDays_Minus10Percent","Region recency half-life","RegionRecencyHalfLifeDays","Minus10Percent","Dynamic_Player_01_Ice_To_Forest_Ocean_Ice","Day04_IceSettled","4","WeaponEffectiveUse","Sword","1","433.743","15","0.870551","377.5952","377.5952","TRUE"
"PCG_VFX_OAT_Sensitivity_20260826_153906","2026-08-26T15:39:06.2831112Z","RegionRecencyHalfLifeDays_Minus10Percent","Region recency half-life","RegionRecencyHalfLifeDays","Minus10Percent","Dynamic_Player_01_Ice_To_Forest_Ocean_Ice","Day04_IceSettled","4","BossRecencyWeight","IceDragon","1","0.840896","4","0.594604","0.5","0.5","TRUE"
"PCG_VFX_OAT_Sensitivity_20260826_153906","2026-08-26T15:39:06.2831112Z","RegionRecencyHalfLifeDays_Minus10Percent","Region recency half-life","RegionRecencyHalfLifeDays","Minus10Percent","Dynamic_Player_01_Ice_To_Forest_Ocean_Ice","Day08_ForestCommitment","8","WeaponEffectiveUse","Sword","4","487.5952","15","0.831238","405.3076","405.3076","TRUE"
"PCG_VFX_OAT_Sensitivity_20260826_153906","2026-08-26T15:39:06.2831112Z","RegionRecencyHalfLifeDays_Minus10Percent","Region recency half-life","RegionRecencyHalfLifeDays","Minus10Percent","Dynamic_Player_01_Ice_To_Forest_Ocean_Ice","Day08_ForestCommitment","8","BossRecencyWeight","IceDragon","4","0.5","4","0.5","0.25","0.25","TRUE"
"PCG_VFX_OAT_Sensitivity_20260826_153906","2026-08-26T15:39:06.2831112Z","RegionRecencyHalfLifeDays_Minus10Percent","Region recency half-life","RegionRecencyHalfLifeDays","Minus10Percent","Dynamic_Player_01_Ice_To_Forest_Ocean_Ice","Day14_ForestMastery","14","WeaponEffectiveUse","Sword","8","430.3076","15","0.757858","326.1122","326.1122","TRUE"
"PCG_VFX_OAT_Sensitivity_20260826_153906","2026-08-26T15:39:06.2831112Z","RegionRecencyHalfLifeDays_Minus10Percent","Region recency half-life","RegionRecencyHalfLifeDays","Minus10Percent","Dynamic_Player_01_Ice_To_Forest_Ocean_Ice","Day14_ForestMastery","14","WeaponEffectiveUse","Bow","8","300","15","0.757858","227.3575","227.3575","TRUE"
"PCG_VFX_OAT_Sensitivity_20260826_153906","2026-08-26T15:39:06.2831112Z","RegionRecencyHalfLifeDays_Minus10Percent","Region recency half-life","RegionRecencyHalfLifeDays","Minus10Percent","Dynamic_Player_01_Ice_To_Forest_Ocean_Ice","Day14_ForestMastery","14","BossRecencyWeight","IceDragon","8","0.25","4","0.353553","0.088388","0.088388","TRUE"
"PCG_VFX_OAT_Sensitivity_20260826_153906","2026-08-26T15:39:06.2831112Z","RegionRecencyHalfLifeDays_Minus10Percent","Region recency half-life","RegionRecencyHalfLifeDays","Minus10Percent","Dynamic_Player_01_Ice_To_Forest_Ocean_Ice","Day14_ForestMastery","14","RegionRecentVisit","ForestRuins","8","650","18","0.793701","515.9053","515.9053","TRUE"
"PCG_VFX_OAT_Sensitivity_20260826_153906","2026-08-26T15:39:06.2831112Z","RegionRecencyHalfLifeDays_Minus10Percent","Region recency half-life","RegionRecencyHalfLifeDays","Minus10Percent","Dynamic_Player_01_Ice_To_Forest_Ocean_Ice","Day20_OceanDiscovery","20","WeaponEffectiveUse","Sword","14","326.1122","15","0.757858","247.1468","247.1468","TRUE"
"PCG_VFX_OAT_Sensitivity_20260826_153906","2026-08-26T15:39:06.2831112Z","RegionRecencyHalfLifeDays_Minus10Percent","Region recency half-life","RegionRecencyHalfLifeDays","Minus10Percent","Dynamic_Player_01_Ice_To_Forest_Ocean_Ice","Day20_OceanDiscovery","20","WeaponEffectiveUse","Bow","14","587.3575","15","0.757858","445.1337","445.1337","TRUE"
"PCG_VFX_OAT_Sensitivity_20260826_153906","2026-08-26T15:39:06.2831112Z","RegionRecencyHalfLifeDays_Minus10Percent","Region recency half-life","RegionRecencyHalfLifeDays","Minus10Percent","Dynamic_Player_01_Ice_To_Forest_Ocean_Ice","Day20_OceanDiscovery","20","BossRecencyWeight","IceDragon","14","0.088388","4","0.353553","0.03125","0.03125","TRUE"
"PCG_VFX_OAT_Sensitivity_20260826_153906","2026-08-26T15:39:06.2831112Z","RegionRecencyHalfLifeDays_Minus10Percent","Region recency half-life","RegionRecencyHalfLifeDays","Minus10Percent","Dynamic_Player_01_Ice_To_Forest_Ocean_Ice","Day20_OceanDiscovery","20","RegionRecentVisit","ForestRuins","14","1015.905","18","0.793701","806.3246","806.3246","TRUE"
"PCG_VFX_OAT_Sensitivity_20260826_153906","2026-08-26T15:39:06.2831112Z","RegionRecencyHalfLifeDays_Minus10Percent","Region recency half-life","RegionRecencyHalfLifeDays","Minus10Percent","Dynamic_Player_01_Ice_To_Forest_Ocean_Ice","Day27_SeaTurtleDefeat","27","WeaponEffectiveUse","Sword","20","247.1468","15","0.723635","178.844","178.844","TRUE"
"PCG_VFX_OAT_Sensitivity_20260826_153906","2026-08-26T15:39:06.2831112Z","RegionRecencyHalfLifeDays_Minus10Percent","Region recency half-life","RegionRecencyHalfLifeDays","Minus10Percent","Dynamic_Player_01_Ice_To_Forest_Ocean_Ice","Day27_SeaTurtleDefeat","27","WeaponEffectiveUse","Bow","20","595.1337","15","0.723635","430.6594","430.6594","TRUE"
"PCG_VFX_OAT_Sensitivity_20260826_153906","2026-08-26T15:39:06.2831112Z","RegionRecencyHalfLifeDays_Minus10Percent","Region recency half-life","RegionRecencyHalfLifeDays","Minus10Percent","Dynamic_Player_01_Ice_To_Forest_Ocean_Ice","Day27_SeaTurtleDefeat","27","BossRecencyWeight","IceDragon","20","0.03125","4","0.297302","0.009291","0.009291","TRUE"
"PCG_VFX_OAT_Sensitivity_20260826_153906","2026-08-26T15:39:06.2831112Z","RegionRecencyHalfLifeDays_Minus10Percent","Region recency half-life","RegionRecencyHalfLifeDays","Minus10Percent","Dynamic_Player_01_Ice_To_Forest_Ocean_Ice","Day27_SeaTurtleDefeat","27","RegionRecentVisit","ForestRuins","20","986.3246","18","0.763718","753.2734","753.2734","TRUE"
"PCG_VFX_OAT_Sensitivity_20260826_153906","2026-08-26T15:39:06.2831112Z","RegionRecencyHalfLifeDays_Minus10Percent","Region recency half-life","RegionRecencyHalfLifeDays","Minus10Percent","Dynamic_Player_01_Ice_To_Forest_Ocean_Ice","Day27_SeaTurtleDefeat","27","RegionRecentVisit","OceanRuins","20","240","18","0.763718","183.2922","183.2922","TRUE"
"PCG_VFX_OAT_Sensitivity_20260826_153906","2026-08-26T15:39:06.2831112Z","RegionRecencyHalfLifeDays_Minus10Percent","Region recency half-life","RegionRecencyHalfLifeDays","Minus10Percent","Dynamic_Player_01_Ice_To_Forest_Ocean_Ice","Day39_IceDragonRematch","39","WeaponEffectiveUse","Sword","27","178.844","15","0.574349","102.7189","102.7189","TRUE"
"PCG_VFX_OAT_Sensitivity_20260826_153906","2026-08-26T15:39:06.2831112Z","RegionRecencyHalfLifeDays_Minus10Percent","Region recency half-life","RegionRecencyHalfLifeDays","Minus10Percent","Dynamic_Player_01_Ice_To_Forest_Ocean_Ice","Day39_IceDragonRematch","39","WeaponEffectiveUse","Bow","27","550.6594","15","0.574349","316.2708","316.2708","TRUE"
"PCG_VFX_OAT_Sensitivity_20260826_153906","2026-08-26T15:39:06.2831112Z","RegionRecencyHalfLifeDays_Minus10Percent","Region recency half-life","RegionRecencyHalfLifeDays","Minus10Percent","Dynamic_Player_01_Ice_To_Forest_Ocean_Ice","Day39_IceDragonRematch","39","BossRecencyWeight","IceDragon","27","0.009291","4","0.125","0.001161","0.001161","TRUE"
"PCG_VFX_OAT_Sensitivity_20260826_153906","2026-08-26T15:39:06.2831112Z","RegionRecencyHalfLifeDays_Minus10Percent","Region recency half-life","RegionRecencyHalfLifeDays","Minus10Percent","Dynamic_Player_01_Ice_To_Forest_Ocean_Ice","Day39_IceDragonRematch","39","BossRecencyWeight","SeaTurtle","27","1","4","0.125","0.125","0.125","TRUE"
"PCG_VFX_OAT_Sensitivity_20260826_153906","2026-08-26T15:39:06.2831112Z","RegionRecencyHalfLifeDays_Minus10Percent","Region recency half-life","RegionRecencyHalfLifeDays","Minus10Percent","Dynamic_Player_01_Ice_To_Forest_Ocean_Ice","Day39_IceDragonRematch","39","RegionRecentVisit","ForestRuins","27","753.2734","18","0.629961","474.5325","474.5325","TRUE"
"PCG_VFX_OAT_Sensitivity_20260826_153906","2026-08-26T15:39:06.2831112Z","RegionRecencyHalfLifeDays_Minus10Percent","Region recency half-life","RegionRecencyHalfLifeDays","Minus10Percent","Dynamic_Player_01_Ice_To_Forest_Ocean_Ice","Day39_IceDragonRematch","39","RegionRecentVisit","OceanRuins","27","1183.292","18","0.629961","745.4274","745.4274","TRUE"
"PCG_VFX_OAT_Sensitivity_20260826_153906","2026-08-26T15:39:06.2831112Z","RegionRecencyHalfLifeDays_Plus10Percent","Region recency half-life","RegionRecencyHalfLifeDays","Plus10Percent","Dynamic_Player_01_Ice_To_Forest_Ocean_Ice","Day01_IceBaseline","1","WeaponEffectiveUse","Sword","0","360","15","0.954842","343.743","343.743","TRUE"
"PCG_VFX_OAT_Sensitivity_20260826_153906","2026-08-26T15:39:06.2831112Z","RegionRecencyHalfLifeDays_Plus10Percent","Region recency half-life","RegionRecencyHalfLifeDays","Plus10Percent","Dynamic_Player_01_Ice_To_Forest_Ocean_Ice","Day01_IceBaseline","1","BossRecencyWeight","IceDragon","0","1","4","0.840896","0.840896","0.840896","TRUE"
"PCG_VFX_OAT_Sensitivity_20260826_153906","2026-08-26T15:39:06.2831112Z","RegionRecencyHalfLifeDays_Plus10Percent","Region recency half-life","RegionRecencyHalfLifeDays","Plus10Percent","Dynamic_Player_01_Ice_To_Forest_Ocean_Ice","Day04_IceSettled","4","WeaponEffectiveUse","Sword","1","433.743","15","0.870551","377.5952","377.5952","TRUE"
"PCG_VFX_OAT_Sensitivity_20260826_153906","2026-08-26T15:39:06.2831112Z","RegionRecencyHalfLifeDays_Plus10Percent","Region recency half-life","RegionRecencyHalfLifeDays","Plus10Percent","Dynamic_Player_01_Ice_To_Forest_Ocean_Ice","Day04_IceSettled","4","BossRecencyWeight","IceDragon","1","0.840896","4","0.594604","0.5","0.5","TRUE"
"PCG_VFX_OAT_Sensitivity_20260826_153906","2026-08-26T15:39:06.2831112Z","RegionRecencyHalfLifeDays_Plus10Percent","Region recency half-life","RegionRecencyHalfLifeDays","Plus10Percent","Dynamic_Player_01_Ice_To_Forest_Ocean_Ice","Day08_ForestCommitment","8","WeaponEffectiveUse","Sword","4","487.5952","15","0.831238","405.3076","405.3076","TRUE"
"PCG_VFX_OAT_Sensitivity_20260826_153906","2026-08-26T15:39:06.2831112Z","RegionRecencyHalfLifeDays_Plus10Percent","Region recency half-life","RegionRecencyHalfLifeDays","Plus10Percent","Dynamic_Player_01_Ice_To_Forest_Ocean_Ice","Day08_ForestCommitment","8","BossRecencyWeight","IceDragon","4","0.5","4","0.5","0.25","0.25","TRUE"
"PCG_VFX_OAT_Sensitivity_20260826_153906","2026-08-26T15:39:06.2831112Z","RegionRecencyHalfLifeDays_Plus10Percent","Region recency half-life","RegionRecencyHalfLifeDays","Plus10Percent","Dynamic_Player_01_Ice_To_Forest_Ocean_Ice","Day14_ForestMastery","14","WeaponEffectiveUse","Sword","8","430.3076","15","0.757858","326.1122","326.1122","TRUE"
"PCG_VFX_OAT_Sensitivity_20260826_153906","2026-08-26T15:39:06.2831112Z","RegionRecencyHalfLifeDays_Plus10Percent","Region recency half-life","RegionRecencyHalfLifeDays","Plus10Percent","Dynamic_Player_01_Ice_To_Forest_Ocean_Ice","Day14_ForestMastery","14","WeaponEffectiveUse","Bow","8","300","15","0.757858","227.3575","227.3575","TRUE"
"PCG_VFX_OAT_Sensitivity_20260826_153906","2026-08-26T15:39:06.2831112Z","RegionRecencyHalfLifeDays_Plus10Percent","Region recency half-life","RegionRecencyHalfLifeDays","Plus10Percent","Dynamic_Player_01_Ice_To_Forest_Ocean_Ice","Day14_ForestMastery","14","BossRecencyWeight","IceDragon","8","0.25","4","0.353553","0.088388","0.088388","TRUE"
"PCG_VFX_OAT_Sensitivity_20260826_153906","2026-08-26T15:39:06.2831112Z","RegionRecencyHalfLifeDays_Plus10Percent","Region recency half-life","RegionRecencyHalfLifeDays","Plus10Percent","Dynamic_Player_01_Ice_To_Forest_Ocean_Ice","Day14_ForestMastery","14","RegionRecentVisit","ForestRuins","8","650","22","0.827753","538.0396","538.0396","TRUE"
"PCG_VFX_OAT_Sensitivity_20260826_153906","2026-08-26T15:39:06.2831112Z","RegionRecencyHalfLifeDays_Plus10Percent","Region recency half-life","RegionRecencyHalfLifeDays","Plus10Percent","Dynamic_Player_01_Ice_To_Forest_Ocean_Ice","Day20_OceanDiscovery","20","WeaponEffectiveUse","Sword","14","326.1122","15","0.757858","247.1468","247.1468","TRUE"
"PCG_VFX_OAT_Sensitivity_20260826_153906","2026-08-26T15:39:06.2831112Z","RegionRecencyHalfLifeDays_Plus10Percent","Region recency half-life","RegionRecencyHalfLifeDays","Plus10Percent","Dynamic_Player_01_Ice_To_Forest_Ocean_Ice","Day20_OceanDiscovery","20","WeaponEffectiveUse","Bow","14","587.3575","15","0.757858","445.1337","445.1337","TRUE"
"PCG_VFX_OAT_Sensitivity_20260826_153906","2026-08-26T15:39:06.2831112Z","RegionRecencyHalfLifeDays_Plus10Percent","Region recency half-life","RegionRecencyHalfLifeDays","Plus10Percent","Dynamic_Player_01_Ice_To_Forest_Ocean_Ice","Day20_OceanDiscovery","20","BossRecencyWeight","IceDragon","14","0.088388","4","0.353553","0.03125","0.03125","TRUE"
"PCG_VFX_OAT_Sensitivity_20260826_153906","2026-08-26T15:39:06.2831112Z","RegionRecencyHalfLifeDays_Plus10Percent","Region recency half-life","RegionRecencyHalfLifeDays","Plus10Percent","Dynamic_Player_01_Ice_To_Forest_Ocean_Ice","Day20_OceanDiscovery","20","RegionRecentVisit","ForestRuins","14","1038.04","22","0.827753","859.2406","859.2406","TRUE"
"PCG_VFX_OAT_Sensitivity_20260826_153906","2026-08-26T15:39:06.2831112Z","RegionRecencyHalfLifeDays_Plus10Percent","Region recency half-life","RegionRecencyHalfLifeDays","Plus10Percent","Dynamic_Player_01_Ice_To_Forest_Ocean_Ice","Day27_SeaTurtleDefeat","27","WeaponEffectiveUse","Sword","20","247.1468","15","0.723635","178.844","178.844","TRUE"
"PCG_VFX_OAT_Sensitivity_20260826_153906","2026-08-26T15:39:06.2831112Z","RegionRecencyHalfLifeDays_Plus10Percent","Region recency half-life","RegionRecencyHalfLifeDays","Plus10Percent","Dynamic_Player_01_Ice_To_Forest_Ocean_Ice","Day27_SeaTurtleDefeat","27","WeaponEffectiveUse","Bow","20","595.1337","15","0.723635","430.6594","430.6594","TRUE"
"PCG_VFX_OAT_Sensitivity_20260826_153906","2026-08-26T15:39:06.2831112Z","RegionRecencyHalfLifeDays_Plus10Percent","Region recency half-life","RegionRecencyHalfLifeDays","Plus10Percent","Dynamic_Player_01_Ice_To_Forest_Ocean_Ice","Day27_SeaTurtleDefeat","27","BossRecencyWeight","IceDragon","20","0.03125","4","0.297302","0.009291","0.009291","TRUE"
"PCG_VFX_OAT_Sensitivity_20260826_153906","2026-08-26T15:39:06.2831112Z","RegionRecencyHalfLifeDays_Plus10Percent","Region recency half-life","RegionRecencyHalfLifeDays","Plus10Percent","Dynamic_Player_01_Ice_To_Forest_Ocean_Ice","Day27_SeaTurtleDefeat","27","RegionRecentVisit","ForestRuins","20","1039.241","22","0.80208","833.5542","833.5542","TRUE"
"PCG_VFX_OAT_Sensitivity_20260826_153906","2026-08-26T15:39:06.2831112Z","RegionRecencyHalfLifeDays_Plus10Percent","Region recency half-life","RegionRecencyHalfLifeDays","Plus10Percent","Dynamic_Player_01_Ice_To_Forest_Ocean_Ice","Day27_SeaTurtleDefeat","27","RegionRecentVisit","OceanRuins","20","240","22","0.80208","192.4992","192.4992","TRUE"
"PCG_VFX_OAT_Sensitivity_20260826_153906","2026-08-26T15:39:06.2831112Z","RegionRecencyHalfLifeDays_Plus10Percent","Region recency half-life","RegionRecencyHalfLifeDays","Plus10Percent","Dynamic_Player_01_Ice_To_Forest_Ocean_Ice","Day39_IceDragonRematch","39","WeaponEffectiveUse","Sword","27","178.844","15","0.574349","102.7189","102.7189","TRUE"
"PCG_VFX_OAT_Sensitivity_20260826_153906","2026-08-26T15:39:06.2831112Z","RegionRecencyHalfLifeDays_Plus10Percent","Region recency half-life","RegionRecencyHalfLifeDays","Plus10Percent","Dynamic_Player_01_Ice_To_Forest_Ocean_Ice","Day39_IceDragonRematch","39","WeaponEffectiveUse","Bow","27","550.6594","15","0.574349","316.2708","316.2708","TRUE"
"PCG_VFX_OAT_Sensitivity_20260826_153906","2026-08-26T15:39:06.2831112Z","RegionRecencyHalfLifeDays_Plus10Percent","Region recency half-life","RegionRecencyHalfLifeDays","Plus10Percent","Dynamic_Player_01_Ice_To_Forest_Ocean_Ice","Day39_IceDragonRematch","39","BossRecencyWeight","IceDragon","27","0.009291","4","0.125","0.001161","0.001161","TRUE"
"PCG_VFX_OAT_Sensitivity_20260826_153906","2026-08-26T15:39:06.2831112Z","RegionRecencyHalfLifeDays_Plus10Percent","Region recency half-life","RegionRecencyHalfLifeDays","Plus10Percent","Dynamic_Player_01_Ice_To_Forest_Ocean_Ice","Day39_IceDragonRematch","39","BossRecencyWeight","SeaTurtle","27","1","4","0.125","0.125","0.125","TRUE"
"PCG_VFX_OAT_Sensitivity_20260826_153906","2026-08-26T15:39:06.2831112Z","RegionRecencyHalfLifeDays_Plus10Percent","Region recency half-life","RegionRecencyHalfLifeDays","Plus10Percent","Dynamic_Player_01_Ice_To_Forest_Ocean_Ice","Day39_IceDragonRematch","39","RegionRecentVisit","ForestRuins","27","833.5542","22","0.685176","571.1309","571.1309","TRUE"
"PCG_VFX_OAT_Sensitivity_20260826_153906","2026-08-26T15:39:06.2831112Z","RegionRecencyHalfLifeDays_Plus10Percent","Region recency half-life","RegionRecencyHalfLifeDays","Plus10Percent","Dynamic_Player_01_Ice_To_Forest_Ocean_Ice","Day39_IceDragonRematch","39","RegionRecentVisit","OceanRuins","27","1192.499","22","0.685176","817.0712","817.0712","TRUE"
"PCG_VFX_OAT_Sensitivity_20260826_153906","2026-08-26T15:39:06.2831112Z","Stage2WeaponSemanticWeight_Minus10Percent","Stage 2 semantic aggregation weights","Stage2WeaponSemanticWeight","Minus10Percent","Dynamic_Player_01_Ice_To_Forest_Ocean_Ice","Day01_IceBaseline","1","WeaponEffectiveUse","Sword","0","360","15","0.954842","343.743","343.743","TRUE"
"PCG_VFX_OAT_Sensitivity_20260826_153906","2026-08-26T15:39:06.2831112Z","Stage2WeaponSemanticWeight_Minus10Percent","Stage 2 semantic aggregation weights","Stage2WeaponSemanticWeight","Minus10Percent","Dynamic_Player_01_Ice_To_Forest_Ocean_Ice","Day01_IceBaseline","1","BossRecencyWeight","IceDragon","0","1","4","0.840896","0.840896","0.840896","TRUE"
"PCG_VFX_OAT_Sensitivity_20260826_153906","2026-08-26T15:39:06.2831112Z","Stage2WeaponSemanticWeight_Minus10Percent","Stage 2 semantic aggregation weights","Stage2WeaponSemanticWeight","Minus10Percent","Dynamic_Player_01_Ice_To_Forest_Ocean_Ice","Day04_IceSettled","4","WeaponEffectiveUse","Sword","1","433.743","15","0.870551","377.5952","377.5952","TRUE"
"PCG_VFX_OAT_Sensitivity_20260826_153906","2026-08-26T15:39:06.2831112Z","Stage2WeaponSemanticWeight_Minus10Percent","Stage 2 semantic aggregation weights","Stage2WeaponSemanticWeight","Minus10Percent","Dynamic_Player_01_Ice_To_Forest_Ocean_Ice","Day04_IceSettled","4","BossRecencyWeight","IceDragon","1","0.840896","4","0.594604","0.5","0.5","TRUE"
"PCG_VFX_OAT_Sensitivity_20260826_153906","2026-08-26T15:39:06.2831112Z","Stage2WeaponSemanticWeight_Minus10Percent","Stage 2 semantic aggregation weights","Stage2WeaponSemanticWeight","Minus10Percent","Dynamic_Player_01_Ice_To_Forest_Ocean_Ice","Day08_ForestCommitment","8","WeaponEffectiveUse","Sword","4","487.5952","15","0.831238","405.3076","405.3076","TRUE"
"PCG_VFX_OAT_Sensitivity_20260826_153906","2026-08-26T15:39:06.2831112Z","Stage2WeaponSemanticWeight_Minus10Percent","Stage 2 semantic aggregation weights","Stage2WeaponSemanticWeight","Minus10Percent","Dynamic_Player_01_Ice_To_Forest_Ocean_Ice","Day08_ForestCommitment","8","BossRecencyWeight","IceDragon","4","0.5","4","0.5","0.25","0.25","TRUE"
"PCG_VFX_OAT_Sensitivity_20260826_153906","2026-08-26T15:39:06.2831112Z","Stage2WeaponSemanticWeight_Minus10Percent","Stage 2 semantic aggregation weights","Stage2WeaponSemanticWeight","Minus10Percent","Dynamic_Player_01_Ice_To_Forest_Ocean_Ice","Day14_ForestMastery","14","WeaponEffectiveUse","Sword","8","430.3076","15","0.757858","326.1122","326.1122","TRUE"
"PCG_VFX_OAT_Sensitivity_20260826_153906","2026-08-26T15:39:06.2831112Z","Stage2WeaponSemanticWeight_Minus10Percent","Stage 2 semantic aggregation weights","Stage2WeaponSemanticWeight","Minus10Percent","Dynamic_Player_01_Ice_To_Forest_Ocean_Ice","Day14_ForestMastery","14","WeaponEffectiveUse","Bow","8","300","15","0.757858","227.3575","227.3575","TRUE"
"PCG_VFX_OAT_Sensitivity_20260826_153906","2026-08-26T15:39:06.2831112Z","Stage2WeaponSemanticWeight_Minus10Percent","Stage 2 semantic aggregation weights","Stage2WeaponSemanticWeight","Minus10Percent","Dynamic_Player_01_Ice_To_Forest_Ocean_Ice","Day14_ForestMastery","14","BossRecencyWeight","IceDragon","8","0.25","4","0.353553","0.088388","0.088388","TRUE"
"PCG_VFX_OAT_Sensitivity_20260826_153906","2026-08-26T15:39:06.2831112Z","Stage2WeaponSemanticWeight_Minus10Percent","Stage 2 semantic aggregation weights","Stage2WeaponSemanticWeight","Minus10Percent","Dynamic_Player_01_Ice_To_Forest_Ocean_Ice","Day14_ForestMastery","14","RegionRecentVisit","ForestRuins","8","650","20","0.812252","527.9641","527.9641","TRUE"
"PCG_VFX_OAT_Sensitivity_20260826_153906","2026-08-26T15:39:06.2831112Z","Stage2WeaponSemanticWeight_Minus10Percent","Stage 2 semantic aggregation weights","Stage2WeaponSemanticWeight","Minus10Percent","Dynamic_Player_01_Ice_To_Forest_Ocean_Ice","Day20_OceanDiscovery","20","WeaponEffectiveUse","Sword","14","326.1122","15","0.757858","247.1468","247.1468","TRUE"
"PCG_VFX_OAT_Sensitivity_20260826_153906","2026-08-26T15:39:06.2831112Z","Stage2WeaponSemanticWeight_Minus10Percent","Stage 2 semantic aggregation weights","Stage2WeaponSemanticWeight","Minus10Percent","Dynamic_Player_01_Ice_To_Forest_Ocean_Ice","Day20_OceanDiscovery","20","WeaponEffectiveUse","Bow","14","587.3575","15","0.757858","445.1337","445.1337","TRUE"
"PCG_VFX_OAT_Sensitivity_20260826_153906","2026-08-26T15:39:06.2831112Z","Stage2WeaponSemanticWeight_Minus10Percent","Stage 2 semantic aggregation weights","Stage2WeaponSemanticWeight","Minus10Percent","Dynamic_Player_01_Ice_To_Forest_Ocean_Ice","Day20_OceanDiscovery","20","BossRecencyWeight","IceDragon","14","0.088388","4","0.353553","0.03125","0.03125","TRUE"
"PCG_VFX_OAT_Sensitivity_20260826_153906","2026-08-26T15:39:06.2831112Z","Stage2WeaponSemanticWeight_Minus10Percent","Stage 2 semantic aggregation weights","Stage2WeaponSemanticWeight","Minus10Percent","Dynamic_Player_01_Ice_To_Forest_Ocean_Ice","Day20_OceanDiscovery","20","RegionRecentVisit","ForestRuins","14","1027.964","20","0.812252","834.9663","834.9663","TRUE"
"PCG_VFX_OAT_Sensitivity_20260826_153906","2026-08-26T15:39:06.2831112Z","Stage2WeaponSemanticWeight_Minus10Percent","Stage 2 semantic aggregation weights","Stage2WeaponSemanticWeight","Minus10Percent","Dynamic_Player_01_Ice_To_Forest_Ocean_Ice","Day27_SeaTurtleDefeat","27","WeaponEffectiveUse","Sword","20","247.1468","15","0.723635","178.844","178.844","TRUE"
"PCG_VFX_OAT_Sensitivity_20260826_153906","2026-08-26T15:39:06.2831112Z","Stage2WeaponSemanticWeight_Minus10Percent","Stage 2 semantic aggregation weights","Stage2WeaponSemanticWeight","Minus10Percent","Dynamic_Player_01_Ice_To_Forest_Ocean_Ice","Day27_SeaTurtleDefeat","27","WeaponEffectiveUse","Bow","20","595.1337","15","0.723635","430.6594","430.6594","TRUE"
"PCG_VFX_OAT_Sensitivity_20260826_153906","2026-08-26T15:39:06.2831112Z","Stage2WeaponSemanticWeight_Minus10Percent","Stage 2 semantic aggregation weights","Stage2WeaponSemanticWeight","Minus10Percent","Dynamic_Player_01_Ice_To_Forest_Ocean_Ice","Day27_SeaTurtleDefeat","27","BossRecencyWeight","IceDragon","20","0.03125","4","0.297302","0.009291","0.009291","TRUE"
"PCG_VFX_OAT_Sensitivity_20260826_153906","2026-08-26T15:39:06.2831112Z","Stage2WeaponSemanticWeight_Minus10Percent","Stage 2 semantic aggregation weights","Stage2WeaponSemanticWeight","Minus10Percent","Dynamic_Player_01_Ice_To_Forest_Ocean_Ice","Day27_SeaTurtleDefeat","27","RegionRecentVisit","ForestRuins","20","1014.966","20","0.784584","796.3264","796.3264","TRUE"
"PCG_VFX_OAT_Sensitivity_20260826_153906","2026-08-26T15:39:06.2831112Z","Stage2WeaponSemanticWeight_Minus10Percent","Stage 2 semantic aggregation weights","Stage2WeaponSemanticWeight","Minus10Percent","Dynamic_Player_01_Ice_To_Forest_Ocean_Ice","Day27_SeaTurtleDefeat","27","RegionRecentVisit","OceanRuins","20","240","20","0.784584","188.3002","188.3002","TRUE"
"PCG_VFX_OAT_Sensitivity_20260826_153906","2026-08-26T15:39:06.2831112Z","Stage2WeaponSemanticWeight_Minus10Percent","Stage 2 semantic aggregation weights","Stage2WeaponSemanticWeight","Minus10Percent","Dynamic_Player_01_Ice_To_Forest_Ocean_Ice","Day39_IceDragonRematch","39","WeaponEffectiveUse","Sword","27","178.844","15","0.574349","102.7189","102.7189","TRUE"
"PCG_VFX_OAT_Sensitivity_20260826_153906","2026-08-26T15:39:06.2831112Z","Stage2WeaponSemanticWeight_Minus10Percent","Stage 2 semantic aggregation weights","Stage2WeaponSemanticWeight","Minus10Percent","Dynamic_Player_01_Ice_To_Forest_Ocean_Ice","Day39_IceDragonRematch","39","WeaponEffectiveUse","Bow","27","550.6594","15","0.574349","316.2708","316.2708","TRUE"
"PCG_VFX_OAT_Sensitivity_20260826_153906","2026-08-26T15:39:06.2831112Z","Stage2WeaponSemanticWeight_Minus10Percent","Stage 2 semantic aggregation weights","Stage2WeaponSemanticWeight","Minus10Percent","Dynamic_Player_01_Ice_To_Forest_Ocean_Ice","Day39_IceDragonRematch","39","BossRecencyWeight","IceDragon","27","0.009291","4","0.125","0.001161","0.001161","TRUE"
"PCG_VFX_OAT_Sensitivity_20260826_153906","2026-08-26T15:39:06.2831112Z","Stage2WeaponSemanticWeight_Minus10Percent","Stage 2 semantic aggregation weights","Stage2WeaponSemanticWeight","Minus10Percent","Dynamic_Player_01_Ice_To_Forest_Ocean_Ice","Day39_IceDragonRematch","39","BossRecencyWeight","SeaTurtle","27","1","4","0.125","0.125","0.125","TRUE"
"PCG_VFX_OAT_Sensitivity_20260826_153906","2026-08-26T15:39:06.2831112Z","Stage2WeaponSemanticWeight_Minus10Percent","Stage 2 semantic aggregation weights","Stage2WeaponSemanticWeight","Minus10Percent","Dynamic_Player_01_Ice_To_Forest_Ocean_Ice","Day39_IceDragonRematch","39","RegionRecentVisit","ForestRuins","27","796.3264","20","0.659754","525.3795","525.3795","TRUE"
"PCG_VFX_OAT_Sensitivity_20260826_153906","2026-08-26T15:39:06.2831112Z","Stage2WeaponSemanticWeight_Minus10Percent","Stage 2 semantic aggregation weights","Stage2WeaponSemanticWeight","Minus10Percent","Dynamic_Player_01_Ice_To_Forest_Ocean_Ice","Day39_IceDragonRematch","39","RegionRecentVisit","OceanRuins","27","1188.3","20","0.659754","783.9857","783.9857","TRUE"
"PCG_VFX_OAT_Sensitivity_20260826_153906","2026-08-26T15:39:06.2831112Z","Stage2WeaponSemanticWeight_Plus10Percent","Stage 2 semantic aggregation weights","Stage2WeaponSemanticWeight","Plus10Percent","Dynamic_Player_01_Ice_To_Forest_Ocean_Ice","Day01_IceBaseline","1","WeaponEffectiveUse","Sword","0","360","15","0.954842","343.743","343.743","TRUE"
"PCG_VFX_OAT_Sensitivity_20260826_153906","2026-08-26T15:39:06.2831112Z","Stage2WeaponSemanticWeight_Plus10Percent","Stage 2 semantic aggregation weights","Stage2WeaponSemanticWeight","Plus10Percent","Dynamic_Player_01_Ice_To_Forest_Ocean_Ice","Day01_IceBaseline","1","BossRecencyWeight","IceDragon","0","1","4","0.840896","0.840896","0.840896","TRUE"
"PCG_VFX_OAT_Sensitivity_20260826_153906","2026-08-26T15:39:06.2831112Z","Stage2WeaponSemanticWeight_Plus10Percent","Stage 2 semantic aggregation weights","Stage2WeaponSemanticWeight","Plus10Percent","Dynamic_Player_01_Ice_To_Forest_Ocean_Ice","Day04_IceSettled","4","WeaponEffectiveUse","Sword","1","433.743","15","0.870551","377.5952","377.5952","TRUE"
"PCG_VFX_OAT_Sensitivity_20260826_153906","2026-08-26T15:39:06.2831112Z","Stage2WeaponSemanticWeight_Plus10Percent","Stage 2 semantic aggregation weights","Stage2WeaponSemanticWeight","Plus10Percent","Dynamic_Player_01_Ice_To_Forest_Ocean_Ice","Day04_IceSettled","4","BossRecencyWeight","IceDragon","1","0.840896","4","0.594604","0.5","0.5","TRUE"
"PCG_VFX_OAT_Sensitivity_20260826_153906","2026-08-26T15:39:06.2831112Z","Stage2WeaponSemanticWeight_Plus10Percent","Stage 2 semantic aggregation weights","Stage2WeaponSemanticWeight","Plus10Percent","Dynamic_Player_01_Ice_To_Forest_Ocean_Ice","Day08_ForestCommitment","8","WeaponEffectiveUse","Sword","4","487.5952","15","0.831238","405.3076","405.3076","TRUE"
"PCG_VFX_OAT_Sensitivity_20260826_153906","2026-08-26T15:39:06.2831112Z","Stage2WeaponSemanticWeight_Plus10Percent","Stage 2 semantic aggregation weights","Stage2WeaponSemanticWeight","Plus10Percent","Dynamic_Player_01_Ice_To_Forest_Ocean_Ice","Day08_ForestCommitment","8","BossRecencyWeight","IceDragon","4","0.5","4","0.5","0.25","0.25","TRUE"
"PCG_VFX_OAT_Sensitivity_20260826_153906","2026-08-26T15:39:06.2831112Z","Stage2WeaponSemanticWeight_Plus10Percent","Stage 2 semantic aggregation weights","Stage2WeaponSemanticWeight","Plus10Percent","Dynamic_Player_01_Ice_To_Forest_Ocean_Ice","Day14_ForestMastery","14","WeaponEffectiveUse","Sword","8","430.3076","15","0.757858","326.1122","326.1122","TRUE"
"PCG_VFX_OAT_Sensitivity_20260826_153906","2026-08-26T15:39:06.2831112Z","Stage2WeaponSemanticWeight_Plus10Percent","Stage 2 semantic aggregation weights","Stage2WeaponSemanticWeight","Plus10Percent","Dynamic_Player_01_Ice_To_Forest_Ocean_Ice","Day14_ForestMastery","14","WeaponEffectiveUse","Bow","8","300","15","0.757858","227.3575","227.3575","TRUE"
"PCG_VFX_OAT_Sensitivity_20260826_153906","2026-08-26T15:39:06.2831112Z","Stage2WeaponSemanticWeight_Plus10Percent","Stage 2 semantic aggregation weights","Stage2WeaponSemanticWeight","Plus10Percent","Dynamic_Player_01_Ice_To_Forest_Ocean_Ice","Day14_ForestMastery","14","BossRecencyWeight","IceDragon","8","0.25","4","0.353553","0.088388","0.088388","TRUE"
"PCG_VFX_OAT_Sensitivity_20260826_153906","2026-08-26T15:39:06.2831112Z","Stage2WeaponSemanticWeight_Plus10Percent","Stage 2 semantic aggregation weights","Stage2WeaponSemanticWeight","Plus10Percent","Dynamic_Player_01_Ice_To_Forest_Ocean_Ice","Day14_ForestMastery","14","RegionRecentVisit","ForestRuins","8","650","20","0.812252","527.9641","527.9641","TRUE"
"PCG_VFX_OAT_Sensitivity_20260826_153906","2026-08-26T15:39:06.2831112Z","Stage2WeaponSemanticWeight_Plus10Percent","Stage 2 semantic aggregation weights","Stage2WeaponSemanticWeight","Plus10Percent","Dynamic_Player_01_Ice_To_Forest_Ocean_Ice","Day20_OceanDiscovery","20","WeaponEffectiveUse","Sword","14","326.1122","15","0.757858","247.1468","247.1468","TRUE"
"PCG_VFX_OAT_Sensitivity_20260826_153906","2026-08-26T15:39:06.2831112Z","Stage2WeaponSemanticWeight_Plus10Percent","Stage 2 semantic aggregation weights","Stage2WeaponSemanticWeight","Plus10Percent","Dynamic_Player_01_Ice_To_Forest_Ocean_Ice","Day20_OceanDiscovery","20","WeaponEffectiveUse","Bow","14","587.3575","15","0.757858","445.1337","445.1337","TRUE"
"PCG_VFX_OAT_Sensitivity_20260826_153906","2026-08-26T15:39:06.2831112Z","Stage2WeaponSemanticWeight_Plus10Percent","Stage 2 semantic aggregation weights","Stage2WeaponSemanticWeight","Plus10Percent","Dynamic_Player_01_Ice_To_Forest_Ocean_Ice","Day20_OceanDiscovery","20","BossRecencyWeight","IceDragon","14","0.088388","4","0.353553","0.03125","0.03125","TRUE"
"PCG_VFX_OAT_Sensitivity_20260826_153906","2026-08-26T15:39:06.2831112Z","Stage2WeaponSemanticWeight_Plus10Percent","Stage 2 semantic aggregation weights","Stage2WeaponSemanticWeight","Plus10Percent","Dynamic_Player_01_Ice_To_Forest_Ocean_Ice","Day20_OceanDiscovery","20","RegionRecentVisit","ForestRuins","14","1027.964","20","0.812252","834.9663","834.9663","TRUE"
"PCG_VFX_OAT_Sensitivity_20260826_153906","2026-08-26T15:39:06.2831112Z","Stage2WeaponSemanticWeight_Plus10Percent","Stage 2 semantic aggregation weights","Stage2WeaponSemanticWeight","Plus10Percent","Dynamic_Player_01_Ice_To_Forest_Ocean_Ice","Day27_SeaTurtleDefeat","27","WeaponEffectiveUse","Sword","20","247.1468","15","0.723635","178.844","178.844","TRUE"
"PCG_VFX_OAT_Sensitivity_20260826_153906","2026-08-26T15:39:06.2831112Z","Stage2WeaponSemanticWeight_Plus10Percent","Stage 2 semantic aggregation weights","Stage2WeaponSemanticWeight","Plus10Percent","Dynamic_Player_01_Ice_To_Forest_Ocean_Ice","Day27_SeaTurtleDefeat","27","WeaponEffectiveUse","Bow","20","595.1337","15","0.723635","430.6594","430.6594","TRUE"
"PCG_VFX_OAT_Sensitivity_20260826_153906","2026-08-26T15:39:06.2831112Z","Stage2WeaponSemanticWeight_Plus10Percent","Stage 2 semantic aggregation weights","Stage2WeaponSemanticWeight","Plus10Percent","Dynamic_Player_01_Ice_To_Forest_Ocean_Ice","Day27_SeaTurtleDefeat","27","BossRecencyWeight","IceDragon","20","0.03125","4","0.297302","0.009291","0.009291","TRUE"
"PCG_VFX_OAT_Sensitivity_20260826_153906","2026-08-26T15:39:06.2831112Z","Stage2WeaponSemanticWeight_Plus10Percent","Stage 2 semantic aggregation weights","Stage2WeaponSemanticWeight","Plus10Percent","Dynamic_Player_01_Ice_To_Forest_Ocean_Ice","Day27_SeaTurtleDefeat","27","RegionRecentVisit","ForestRuins","20","1014.966","20","0.784584","796.3264","796.3264","TRUE"
"PCG_VFX_OAT_Sensitivity_20260826_153906","2026-08-26T15:39:06.2831112Z","Stage2WeaponSemanticWeight_Plus10Percent","Stage 2 semantic aggregation weights","Stage2WeaponSemanticWeight","Plus10Percent","Dynamic_Player_01_Ice_To_Forest_Ocean_Ice","Day27_SeaTurtleDefeat","27","RegionRecentVisit","OceanRuins","20","240","20","0.784584","188.3002","188.3002","TRUE"
"PCG_VFX_OAT_Sensitivity_20260826_153906","2026-08-26T15:39:06.2831112Z","Stage2WeaponSemanticWeight_Plus10Percent","Stage 2 semantic aggregation weights","Stage2WeaponSemanticWeight","Plus10Percent","Dynamic_Player_01_Ice_To_Forest_Ocean_Ice","Day39_IceDragonRematch","39","WeaponEffectiveUse","Sword","27","178.844","15","0.574349","102.7189","102.7189","TRUE"
"PCG_VFX_OAT_Sensitivity_20260826_153906","2026-08-26T15:39:06.2831112Z","Stage2WeaponSemanticWeight_Plus10Percent","Stage 2 semantic aggregation weights","Stage2WeaponSemanticWeight","Plus10Percent","Dynamic_Player_01_Ice_To_Forest_Ocean_Ice","Day39_IceDragonRematch","39","WeaponEffectiveUse","Bow","27","550.6594","15","0.574349","316.2708","316.2708","TRUE"
"PCG_VFX_OAT_Sensitivity_20260826_153906","2026-08-26T15:39:06.2831112Z","Stage2WeaponSemanticWeight_Plus10Percent","Stage 2 semantic aggregation weights","Stage2WeaponSemanticWeight","Plus10Percent","Dynamic_Player_01_Ice_To_Forest_Ocean_Ice","Day39_IceDragonRematch","39","BossRecencyWeight","IceDragon","27","0.009291","4","0.125","0.001161","0.001161","TRUE"
"PCG_VFX_OAT_Sensitivity_20260826_153906","2026-08-26T15:39:06.2831112Z","Stage2WeaponSemanticWeight_Plus10Percent","Stage 2 semantic aggregation weights","Stage2WeaponSemanticWeight","Plus10Percent","Dynamic_Player_01_Ice_To_Forest_Ocean_Ice","Day39_IceDragonRematch","39","BossRecencyWeight","SeaTurtle","27","1","4","0.125","0.125","0.125","TRUE"
"PCG_VFX_OAT_Sensitivity_20260826_153906","2026-08-26T15:39:06.2831112Z","Stage2WeaponSemanticWeight_Plus10Percent","Stage 2 semantic aggregation weights","Stage2WeaponSemanticWeight","Plus10Percent","Dynamic_Player_01_Ice_To_Forest_Ocean_Ice","Day39_IceDragonRematch","39","RegionRecentVisit","ForestRuins","27","796.3264","20","0.659754","525.3795","525.3795","TRUE"
"PCG_VFX_OAT_Sensitivity_20260826_153906","2026-08-26T15:39:06.2831112Z","Stage2WeaponSemanticWeight_Plus10Percent","Stage 2 semantic aggregation weights","Stage2WeaponSemanticWeight","Plus10Percent","Dynamic_Player_01_Ice_To_Forest_Ocean_Ice","Day39_IceDragonRematch","39","RegionRecentVisit","OceanRuins","27","1188.3","20","0.659754","783.9857","783.9857","TRUE"
"PCG_VFX_OAT_Sensitivity_20260826_153906","2026-08-26T15:39:06.2831112Z","Stage2BossSemanticWeight_Minus10Percent","Stage 2 semantic aggregation weights","Stage2BossSemanticWeight","Minus10Percent","Dynamic_Player_01_Ice_To_Forest_Ocean_Ice","Day01_IceBaseline","1","WeaponEffectiveUse","Sword","0","360","15","0.954842","343.743","343.743","TRUE"
"PCG_VFX_OAT_Sensitivity_20260826_153906","2026-08-26T15:39:06.2831112Z","Stage2BossSemanticWeight_Minus10Percent","Stage 2 semantic aggregation weights","Stage2BossSemanticWeight","Minus10Percent","Dynamic_Player_01_Ice_To_Forest_Ocean_Ice","Day01_IceBaseline","1","BossRecencyWeight","IceDragon","0","1","4","0.840896","0.840896","0.840896","TRUE"
"PCG_VFX_OAT_Sensitivity_20260826_153906","2026-08-26T15:39:06.2831112Z","Stage2BossSemanticWeight_Minus10Percent","Stage 2 semantic aggregation weights","Stage2BossSemanticWeight","Minus10Percent","Dynamic_Player_01_Ice_To_Forest_Ocean_Ice","Day04_IceSettled","4","WeaponEffectiveUse","Sword","1","433.743","15","0.870551","377.5952","377.5952","TRUE"
"PCG_VFX_OAT_Sensitivity_20260826_153906","2026-08-26T15:39:06.2831112Z","Stage2BossSemanticWeight_Minus10Percent","Stage 2 semantic aggregation weights","Stage2BossSemanticWeight","Minus10Percent","Dynamic_Player_01_Ice_To_Forest_Ocean_Ice","Day04_IceSettled","4","BossRecencyWeight","IceDragon","1","0.840896","4","0.594604","0.5","0.5","TRUE"
"PCG_VFX_OAT_Sensitivity_20260826_153906","2026-08-26T15:39:06.2831112Z","Stage2BossSemanticWeight_Minus10Percent","Stage 2 semantic aggregation weights","Stage2BossSemanticWeight","Minus10Percent","Dynamic_Player_01_Ice_To_Forest_Ocean_Ice","Day08_ForestCommitment","8","WeaponEffectiveUse","Sword","4","487.5952","15","0.831238","405.3076","405.3076","TRUE"
"PCG_VFX_OAT_Sensitivity_20260826_153906","2026-08-26T15:39:06.2831112Z","Stage2BossSemanticWeight_Minus10Percent","Stage 2 semantic aggregation weights","Stage2BossSemanticWeight","Minus10Percent","Dynamic_Player_01_Ice_To_Forest_Ocean_Ice","Day08_ForestCommitment","8","BossRecencyWeight","IceDragon","4","0.5","4","0.5","0.25","0.25","TRUE"
"PCG_VFX_OAT_Sensitivity_20260826_153906","2026-08-26T15:39:06.2831112Z","Stage2BossSemanticWeight_Minus10Percent","Stage 2 semantic aggregation weights","Stage2BossSemanticWeight","Minus10Percent","Dynamic_Player_01_Ice_To_Forest_Ocean_Ice","Day14_ForestMastery","14","WeaponEffectiveUse","Sword","8","430.3076","15","0.757858","326.1122","326.1122","TRUE"
"PCG_VFX_OAT_Sensitivity_20260826_153906","2026-08-26T15:39:06.2831112Z","Stage2BossSemanticWeight_Minus10Percent","Stage 2 semantic aggregation weights","Stage2BossSemanticWeight","Minus10Percent","Dynamic_Player_01_Ice_To_Forest_Ocean_Ice","Day14_ForestMastery","14","WeaponEffectiveUse","Bow","8","300","15","0.757858","227.3575","227.3575","TRUE"
"PCG_VFX_OAT_Sensitivity_20260826_153906","2026-08-26T15:39:06.2831112Z","Stage2BossSemanticWeight_Minus10Percent","Stage 2 semantic aggregation weights","Stage2BossSemanticWeight","Minus10Percent","Dynamic_Player_01_Ice_To_Forest_Ocean_Ice","Day14_ForestMastery","14","BossRecencyWeight","IceDragon","8","0.25","4","0.353553","0.088388","0.088388","TRUE"
"PCG_VFX_OAT_Sensitivity_20260826_153906","2026-08-26T15:39:06.2831112Z","Stage2BossSemanticWeight_Minus10Percent","Stage 2 semantic aggregation weights","Stage2BossSemanticWeight","Minus10Percent","Dynamic_Player_01_Ice_To_Forest_Ocean_Ice","Day14_ForestMastery","14","RegionRecentVisit","ForestRuins","8","650","20","0.812252","527.9641","527.9641","TRUE"
"PCG_VFX_OAT_Sensitivity_20260826_153906","2026-08-26T15:39:06.2831112Z","Stage2BossSemanticWeight_Minus10Percent","Stage 2 semantic aggregation weights","Stage2BossSemanticWeight","Minus10Percent","Dynamic_Player_01_Ice_To_Forest_Ocean_Ice","Day20_OceanDiscovery","20","WeaponEffectiveUse","Sword","14","326.1122","15","0.757858","247.1468","247.1468","TRUE"
"PCG_VFX_OAT_Sensitivity_20260826_153906","2026-08-26T15:39:06.2831112Z","Stage2BossSemanticWeight_Minus10Percent","Stage 2 semantic aggregation weights","Stage2BossSemanticWeight","Minus10Percent","Dynamic_Player_01_Ice_To_Forest_Ocean_Ice","Day20_OceanDiscovery","20","WeaponEffectiveUse","Bow","14","587.3575","15","0.757858","445.1337","445.1337","TRUE"
"PCG_VFX_OAT_Sensitivity_20260826_153906","2026-08-26T15:39:06.2831112Z","Stage2BossSemanticWeight_Minus10Percent","Stage 2 semantic aggregation weights","Stage2BossSemanticWeight","Minus10Percent","Dynamic_Player_01_Ice_To_Forest_Ocean_Ice","Day20_OceanDiscovery","20","BossRecencyWeight","IceDragon","14","0.088388","4","0.353553","0.03125","0.03125","TRUE"
"PCG_VFX_OAT_Sensitivity_20260826_153906","2026-08-26T15:39:06.2831112Z","Stage2BossSemanticWeight_Minus10Percent","Stage 2 semantic aggregation weights","Stage2BossSemanticWeight","Minus10Percent","Dynamic_Player_01_Ice_To_Forest_Ocean_Ice","Day20_OceanDiscovery","20","RegionRecentVisit","ForestRuins","14","1027.964","20","0.812252","834.9663","834.9663","TRUE"
"PCG_VFX_OAT_Sensitivity_20260826_153906","2026-08-26T15:39:06.2831112Z","Stage2BossSemanticWeight_Minus10Percent","Stage 2 semantic aggregation weights","Stage2BossSemanticWeight","Minus10Percent","Dynamic_Player_01_Ice_To_Forest_Ocean_Ice","Day27_SeaTurtleDefeat","27","WeaponEffectiveUse","Sword","20","247.1468","15","0.723635","178.844","178.844","TRUE"
"PCG_VFX_OAT_Sensitivity_20260826_153906","2026-08-26T15:39:06.2831112Z","Stage2BossSemanticWeight_Minus10Percent","Stage 2 semantic aggregation weights","Stage2BossSemanticWeight","Minus10Percent","Dynamic_Player_01_Ice_To_Forest_Ocean_Ice","Day27_SeaTurtleDefeat","27","WeaponEffectiveUse","Bow","20","595.1337","15","0.723635","430.6594","430.6594","TRUE"
"PCG_VFX_OAT_Sensitivity_20260826_153906","2026-08-26T15:39:06.2831112Z","Stage2BossSemanticWeight_Minus10Percent","Stage 2 semantic aggregation weights","Stage2BossSemanticWeight","Minus10Percent","Dynamic_Player_01_Ice_To_Forest_Ocean_Ice","Day27_SeaTurtleDefeat","27","BossRecencyWeight","IceDragon","20","0.03125","4","0.297302","0.009291","0.009291","TRUE"
"PCG_VFX_OAT_Sensitivity_20260826_153906","2026-08-26T15:39:06.2831112Z","Stage2BossSemanticWeight_Minus10Percent","Stage 2 semantic aggregation weights","Stage2BossSemanticWeight","Minus10Percent","Dynamic_Player_01_Ice_To_Forest_Ocean_Ice","Day27_SeaTurtleDefeat","27","RegionRecentVisit","ForestRuins","20","1014.966","20","0.784584","796.3264","796.3264","TRUE"
"PCG_VFX_OAT_Sensitivity_20260826_153906","2026-08-26T15:39:06.2831112Z","Stage2BossSemanticWeight_Minus10Percent","Stage 2 semantic aggregation weights","Stage2BossSemanticWeight","Minus10Percent","Dynamic_Player_01_Ice_To_Forest_Ocean_Ice","Day27_SeaTurtleDefeat","27","RegionRecentVisit","OceanRuins","20","240","20","0.784584","188.3002","188.3002","TRUE"
"PCG_VFX_OAT_Sensitivity_20260826_153906","2026-08-26T15:39:06.2831112Z","Stage2BossSemanticWeight_Minus10Percent","Stage 2 semantic aggregation weights","Stage2BossSemanticWeight","Minus10Percent","Dynamic_Player_01_Ice_To_Forest_Ocean_Ice","Day39_IceDragonRematch","39","WeaponEffectiveUse","Sword","27","178.844","15","0.574349","102.7189","102.7189","TRUE"
"PCG_VFX_OAT_Sensitivity_20260826_153906","2026-08-26T15:39:06.2831112Z","Stage2BossSemanticWeight_Minus10Percent","Stage 2 semantic aggregation weights","Stage2BossSemanticWeight","Minus10Percent","Dynamic_Player_01_Ice_To_Forest_Ocean_Ice","Day39_IceDragonRematch","39","WeaponEffectiveUse","Bow","27","550.6594","15","0.574349","316.2708","316.2708","TRUE"
"PCG_VFX_OAT_Sensitivity_20260826_153906","2026-08-26T15:39:06.2831112Z","Stage2BossSemanticWeight_Minus10Percent","Stage 2 semantic aggregation weights","Stage2BossSemanticWeight","Minus10Percent","Dynamic_Player_01_Ice_To_Forest_Ocean_Ice","Day39_IceDragonRematch","39","BossRecencyWeight","IceDragon","27","0.009291","4","0.125","0.001161","0.001161","TRUE"
"PCG_VFX_OAT_Sensitivity_20260826_153906","2026-08-26T15:39:06.2831112Z","Stage2BossSemanticWeight_Minus10Percent","Stage 2 semantic aggregation weights","Stage2BossSemanticWeight","Minus10Percent","Dynamic_Player_01_Ice_To_Forest_Ocean_Ice","Day39_IceDragonRematch","39","BossRecencyWeight","SeaTurtle","27","1","4","0.125","0.125","0.125","TRUE"
"PCG_VFX_OAT_Sensitivity_20260826_153906","2026-08-26T15:39:06.2831112Z","Stage2BossSemanticWeight_Minus10Percent","Stage 2 semantic aggregation weights","Stage2BossSemanticWeight","Minus10Percent","Dynamic_Player_01_Ice_To_Forest_Ocean_Ice","Day39_IceDragonRematch","39","RegionRecentVisit","ForestRuins","27","796.3264","20","0.659754","525.3795","525.3795","TRUE"
"PCG_VFX_OAT_Sensitivity_20260826_153906","2026-08-26T15:39:06.2831112Z","Stage2BossSemanticWeight_Minus10Percent","Stage 2 semantic aggregation weights","Stage2BossSemanticWeight","Minus10Percent","Dynamic_Player_01_Ice_To_Forest_Ocean_Ice","Day39_IceDragonRematch","39","RegionRecentVisit","OceanRuins","27","1188.3","20","0.659754","783.9857","783.9857","TRUE"
"PCG_VFX_OAT_Sensitivity_20260826_153906","2026-08-26T15:39:06.2831112Z","Stage2BossSemanticWeight_Plus10Percent","Stage 2 semantic aggregation weights","Stage2BossSemanticWeight","Plus10Percent","Dynamic_Player_01_Ice_To_Forest_Ocean_Ice","Day01_IceBaseline","1","WeaponEffectiveUse","Sword","0","360","15","0.954842","343.743","343.743","TRUE"
"PCG_VFX_OAT_Sensitivity_20260826_153906","2026-08-26T15:39:06.2831112Z","Stage2BossSemanticWeight_Plus10Percent","Stage 2 semantic aggregation weights","Stage2BossSemanticWeight","Plus10Percent","Dynamic_Player_01_Ice_To_Forest_Ocean_Ice","Day01_IceBaseline","1","BossRecencyWeight","IceDragon","0","1","4","0.840896","0.840896","0.840896","TRUE"
"PCG_VFX_OAT_Sensitivity_20260826_153906","2026-08-26T15:39:06.2831112Z","Stage2BossSemanticWeight_Plus10Percent","Stage 2 semantic aggregation weights","Stage2BossSemanticWeight","Plus10Percent","Dynamic_Player_01_Ice_To_Forest_Ocean_Ice","Day04_IceSettled","4","WeaponEffectiveUse","Sword","1","433.743","15","0.870551","377.5952","377.5952","TRUE"
"PCG_VFX_OAT_Sensitivity_20260826_153906","2026-08-26T15:39:06.2831112Z","Stage2BossSemanticWeight_Plus10Percent","Stage 2 semantic aggregation weights","Stage2BossSemanticWeight","Plus10Percent","Dynamic_Player_01_Ice_To_Forest_Ocean_Ice","Day04_IceSettled","4","BossRecencyWeight","IceDragon","1","0.840896","4","0.594604","0.5","0.5","TRUE"
"PCG_VFX_OAT_Sensitivity_20260826_153906","2026-08-26T15:39:06.2831112Z","Stage2BossSemanticWeight_Plus10Percent","Stage 2 semantic aggregation weights","Stage2BossSemanticWeight","Plus10Percent","Dynamic_Player_01_Ice_To_Forest_Ocean_Ice","Day08_ForestCommitment","8","WeaponEffectiveUse","Sword","4","487.5952","15","0.831238","405.3076","405.3076","TRUE"
"PCG_VFX_OAT_Sensitivity_20260826_153906","2026-08-26T15:39:06.2831112Z","Stage2BossSemanticWeight_Plus10Percent","Stage 2 semantic aggregation weights","Stage2BossSemanticWeight","Plus10Percent","Dynamic_Player_01_Ice_To_Forest_Ocean_Ice","Day08_ForestCommitment","8","BossRecencyWeight","IceDragon","4","0.5","4","0.5","0.25","0.25","TRUE"
"PCG_VFX_OAT_Sensitivity_20260826_153906","2026-08-26T15:39:06.2831112Z","Stage2BossSemanticWeight_Plus10Percent","Stage 2 semantic aggregation weights","Stage2BossSemanticWeight","Plus10Percent","Dynamic_Player_01_Ice_To_Forest_Ocean_Ice","Day14_ForestMastery","14","WeaponEffectiveUse","Sword","8","430.3076","15","0.757858","326.1122","326.1122","TRUE"
"PCG_VFX_OAT_Sensitivity_20260826_153906","2026-08-26T15:39:06.2831112Z","Stage2BossSemanticWeight_Plus10Percent","Stage 2 semantic aggregation weights","Stage2BossSemanticWeight","Plus10Percent","Dynamic_Player_01_Ice_To_Forest_Ocean_Ice","Day14_ForestMastery","14","WeaponEffectiveUse","Bow","8","300","15","0.757858","227.3575","227.3575","TRUE"
"PCG_VFX_OAT_Sensitivity_20260826_153906","2026-08-26T15:39:06.2831112Z","Stage2BossSemanticWeight_Plus10Percent","Stage 2 semantic aggregation weights","Stage2BossSemanticWeight","Plus10Percent","Dynamic_Player_01_Ice_To_Forest_Ocean_Ice","Day14_ForestMastery","14","BossRecencyWeight","IceDragon","8","0.25","4","0.353553","0.088388","0.088388","TRUE"
"PCG_VFX_OAT_Sensitivity_20260826_153906","2026-08-26T15:39:06.2831112Z","Stage2BossSemanticWeight_Plus10Percent","Stage 2 semantic aggregation weights","Stage2BossSemanticWeight","Plus10Percent","Dynamic_Player_01_Ice_To_Forest_Ocean_Ice","Day14_ForestMastery","14","RegionRecentVisit","ForestRuins","8","650","20","0.812252","527.9641","527.9641","TRUE"
"PCG_VFX_OAT_Sensitivity_20260826_153906","2026-08-26T15:39:06.2831112Z","Stage2BossSemanticWeight_Plus10Percent","Stage 2 semantic aggregation weights","Stage2BossSemanticWeight","Plus10Percent","Dynamic_Player_01_Ice_To_Forest_Ocean_Ice","Day20_OceanDiscovery","20","WeaponEffectiveUse","Sword","14","326.1122","15","0.757858","247.1468","247.1468","TRUE"
"PCG_VFX_OAT_Sensitivity_20260826_153906","2026-08-26T15:39:06.2831112Z","Stage2BossSemanticWeight_Plus10Percent","Stage 2 semantic aggregation weights","Stage2BossSemanticWeight","Plus10Percent","Dynamic_Player_01_Ice_To_Forest_Ocean_Ice","Day20_OceanDiscovery","20","WeaponEffectiveUse","Bow","14","587.3575","15","0.757858","445.1337","445.1337","TRUE"
"PCG_VFX_OAT_Sensitivity_20260826_153906","2026-08-26T15:39:06.2831112Z","Stage2BossSemanticWeight_Plus10Percent","Stage 2 semantic aggregation weights","Stage2BossSemanticWeight","Plus10Percent","Dynamic_Player_01_Ice_To_Forest_Ocean_Ice","Day20_OceanDiscovery","20","BossRecencyWeight","IceDragon","14","0.088388","4","0.353553","0.03125","0.03125","TRUE"
"PCG_VFX_OAT_Sensitivity_20260826_153906","2026-08-26T15:39:06.2831112Z","Stage2BossSemanticWeight_Plus10Percent","Stage 2 semantic aggregation weights","Stage2BossSemanticWeight","Plus10Percent","Dynamic_Player_01_Ice_To_Forest_Ocean_Ice","Day20_OceanDiscovery","20","RegionRecentVisit","ForestRuins","14","1027.964","20","0.812252","834.9663","834.9663","TRUE"
"PCG_VFX_OAT_Sensitivity_20260826_153906","2026-08-26T15:39:06.2831112Z","Stage2BossSemanticWeight_Plus10Percent","Stage 2 semantic aggregation weights","Stage2BossSemanticWeight","Plus10Percent","Dynamic_Player_01_Ice_To_Forest_Ocean_Ice","Day27_SeaTurtleDefeat","27","WeaponEffectiveUse","Sword","20","247.1468","15","0.723635","178.844","178.844","TRUE"
"PCG_VFX_OAT_Sensitivity_20260826_153906","2026-08-26T15:39:06.2831112Z","Stage2BossSemanticWeight_Plus10Percent","Stage 2 semantic aggregation weights","Stage2BossSemanticWeight","Plus10Percent","Dynamic_Player_01_Ice_To_Forest_Ocean_Ice","Day27_SeaTurtleDefeat","27","WeaponEffectiveUse","Bow","20","595.1337","15","0.723635","430.6594","430.6594","TRUE"
"PCG_VFX_OAT_Sensitivity_20260826_153906","2026-08-26T15:39:06.2831112Z","Stage2BossSemanticWeight_Plus10Percent","Stage 2 semantic aggregation weights","Stage2BossSemanticWeight","Plus10Percent","Dynamic_Player_01_Ice_To_Forest_Ocean_Ice","Day27_SeaTurtleDefeat","27","BossRecencyWeight","IceDragon","20","0.03125","4","0.297302","0.009291","0.009291","TRUE"
"PCG_VFX_OAT_Sensitivity_20260826_153906","2026-08-26T15:39:06.2831112Z","Stage2BossSemanticWeight_Plus10Percent","Stage 2 semantic aggregation weights","Stage2BossSemanticWeight","Plus10Percent","Dynamic_Player_01_Ice_To_Forest_Ocean_Ice","Day27_SeaTurtleDefeat","27","RegionRecentVisit","ForestRuins","20","1014.966","20","0.784584","796.3264","796.3264","TRUE"
"PCG_VFX_OAT_Sensitivity_20260826_153906","2026-08-26T15:39:06.2831112Z","Stage2BossSemanticWeight_Plus10Percent","Stage 2 semantic aggregation weights","Stage2BossSemanticWeight","Plus10Percent","Dynamic_Player_01_Ice_To_Forest_Ocean_Ice","Day27_SeaTurtleDefeat","27","RegionRecentVisit","OceanRuins","20","240","20","0.784584","188.3002","188.3002","TRUE"
"PCG_VFX_OAT_Sensitivity_20260826_153906","2026-08-26T15:39:06.2831112Z","Stage2BossSemanticWeight_Plus10Percent","Stage 2 semantic aggregation weights","Stage2BossSemanticWeight","Plus10Percent","Dynamic_Player_01_Ice_To_Forest_Ocean_Ice","Day39_IceDragonRematch","39","WeaponEffectiveUse","Sword","27","178.844","15","0.574349","102.7189","102.7189","TRUE"
"PCG_VFX_OAT_Sensitivity_20260826_153906","2026-08-26T15:39:06.2831112Z","Stage2BossSemanticWeight_Plus10Percent","Stage 2 semantic aggregation weights","Stage2BossSemanticWeight","Plus10Percent","Dynamic_Player_01_Ice_To_Forest_Ocean_Ice","Day39_IceDragonRematch","39","WeaponEffectiveUse","Bow","27","550.6594","15","0.574349","316.2708","316.2708","TRUE"
"PCG_VFX_OAT_Sensitivity_20260826_153906","2026-08-26T15:39:06.2831112Z","Stage2BossSemanticWeight_Plus10Percent","Stage 2 semantic aggregation weights","Stage2BossSemanticWeight","Plus10Percent","Dynamic_Player_01_Ice_To_Forest_Ocean_Ice","Day39_IceDragonRematch","39","BossRecencyWeight","IceDragon","27","0.009291","4","0.125","0.001161","0.001161","TRUE"
"PCG_VFX_OAT_Sensitivity_20260826_153906","2026-08-26T15:39:06.2831112Z","Stage2BossSemanticWeight_Plus10Percent","Stage 2 semantic aggregation weights","Stage2BossSemanticWeight","Plus10Percent","Dynamic_Player_01_Ice_To_Forest_Ocean_Ice","Day39_IceDragonRematch","39","BossRecencyWeight","SeaTurtle","27","1","4","0.125","0.125","0.125","TRUE"
"PCG_VFX_OAT_Sensitivity_20260826_153906","2026-08-26T15:39:06.2831112Z","Stage2BossSemanticWeight_Plus10Percent","Stage 2 semantic aggregation weights","Stage2BossSemanticWeight","Plus10Percent","Dynamic_Player_01_Ice_To_Forest_Ocean_Ice","Day39_IceDragonRematch","39","RegionRecentVisit","ForestRuins","27","796.3264","20","0.659754","525.3795","525.3795","TRUE"
"PCG_VFX_OAT_Sensitivity_20260826_153906","2026-08-26T15:39:06.2831112Z","Stage2BossSemanticWeight_Plus10Percent","Stage 2 semantic aggregation weights","Stage2BossSemanticWeight","Plus10Percent","Dynamic_Player_01_Ice_To_Forest_Ocean_Ice","Day39_IceDragonRematch","39","RegionRecentVisit","OceanRuins","27","1188.3","20","0.659754","783.9857","783.9857","TRUE"
"PCG_VFX_OAT_Sensitivity_20260826_153906","2026-08-26T15:39:06.2831112Z","Stage2RegionSemanticWeight_Minus10Percent","Stage 2 semantic aggregation weights","Stage2RegionSemanticWeight","Minus10Percent","Dynamic_Player_01_Ice_To_Forest_Ocean_Ice","Day01_IceBaseline","1","WeaponEffectiveUse","Sword","0","360","15","0.954842","343.743","343.743","TRUE"
"PCG_VFX_OAT_Sensitivity_20260826_153906","2026-08-26T15:39:06.2831112Z","Stage2RegionSemanticWeight_Minus10Percent","Stage 2 semantic aggregation weights","Stage2RegionSemanticWeight","Minus10Percent","Dynamic_Player_01_Ice_To_Forest_Ocean_Ice","Day01_IceBaseline","1","BossRecencyWeight","IceDragon","0","1","4","0.840896","0.840896","0.840896","TRUE"
"PCG_VFX_OAT_Sensitivity_20260826_153906","2026-08-26T15:39:06.2831112Z","Stage2RegionSemanticWeight_Minus10Percent","Stage 2 semantic aggregation weights","Stage2RegionSemanticWeight","Minus10Percent","Dynamic_Player_01_Ice_To_Forest_Ocean_Ice","Day04_IceSettled","4","WeaponEffectiveUse","Sword","1","433.743","15","0.870551","377.5952","377.5952","TRUE"
"PCG_VFX_OAT_Sensitivity_20260826_153906","2026-08-26T15:39:06.2831112Z","Stage2RegionSemanticWeight_Minus10Percent","Stage 2 semantic aggregation weights","Stage2RegionSemanticWeight","Minus10Percent","Dynamic_Player_01_Ice_To_Forest_Ocean_Ice","Day04_IceSettled","4","BossRecencyWeight","IceDragon","1","0.840896","4","0.594604","0.5","0.5","TRUE"
"PCG_VFX_OAT_Sensitivity_20260826_153906","2026-08-26T15:39:06.2831112Z","Stage2RegionSemanticWeight_Minus10Percent","Stage 2 semantic aggregation weights","Stage2RegionSemanticWeight","Minus10Percent","Dynamic_Player_01_Ice_To_Forest_Ocean_Ice","Day08_ForestCommitment","8","WeaponEffectiveUse","Sword","4","487.5952","15","0.831238","405.3076","405.3076","TRUE"
"PCG_VFX_OAT_Sensitivity_20260826_153906","2026-08-26T15:39:06.2831112Z","Stage2RegionSemanticWeight_Minus10Percent","Stage 2 semantic aggregation weights","Stage2RegionSemanticWeight","Minus10Percent","Dynamic_Player_01_Ice_To_Forest_Ocean_Ice","Day08_ForestCommitment","8","BossRecencyWeight","IceDragon","4","0.5","4","0.5","0.25","0.25","TRUE"
"PCG_VFX_OAT_Sensitivity_20260826_153906","2026-08-26T15:39:06.2831112Z","Stage2RegionSemanticWeight_Minus10Percent","Stage 2 semantic aggregation weights","Stage2RegionSemanticWeight","Minus10Percent","Dynamic_Player_01_Ice_To_Forest_Ocean_Ice","Day14_ForestMastery","14","WeaponEffectiveUse","Sword","8","430.3076","15","0.757858","326.1122","326.1122","TRUE"
"PCG_VFX_OAT_Sensitivity_20260826_153906","2026-08-26T15:39:06.2831112Z","Stage2RegionSemanticWeight_Minus10Percent","Stage 2 semantic aggregation weights","Stage2RegionSemanticWeight","Minus10Percent","Dynamic_Player_01_Ice_To_Forest_Ocean_Ice","Day14_ForestMastery","14","WeaponEffectiveUse","Bow","8","300","15","0.757858","227.3575","227.3575","TRUE"
"PCG_VFX_OAT_Sensitivity_20260826_153906","2026-08-26T15:39:06.2831112Z","Stage2RegionSemanticWeight_Minus10Percent","Stage 2 semantic aggregation weights","Stage2RegionSemanticWeight","Minus10Percent","Dynamic_Player_01_Ice_To_Forest_Ocean_Ice","Day14_ForestMastery","14","BossRecencyWeight","IceDragon","8","0.25","4","0.353553","0.088388","0.088388","TRUE"
"PCG_VFX_OAT_Sensitivity_20260826_153906","2026-08-26T15:39:06.2831112Z","Stage2RegionSemanticWeight_Minus10Percent","Stage 2 semantic aggregation weights","Stage2RegionSemanticWeight","Minus10Percent","Dynamic_Player_01_Ice_To_Forest_Ocean_Ice","Day14_ForestMastery","14","RegionRecentVisit","ForestRuins","8","650","20","0.812252","527.9641","527.9641","TRUE"
"PCG_VFX_OAT_Sensitivity_20260826_153906","2026-08-26T15:39:06.2831112Z","Stage2RegionSemanticWeight_Minus10Percent","Stage 2 semantic aggregation weights","Stage2RegionSemanticWeight","Minus10Percent","Dynamic_Player_01_Ice_To_Forest_Ocean_Ice","Day20_OceanDiscovery","20","WeaponEffectiveUse","Sword","14","326.1122","15","0.757858","247.1468","247.1468","TRUE"
"PCG_VFX_OAT_Sensitivity_20260826_153906","2026-08-26T15:39:06.2831112Z","Stage2RegionSemanticWeight_Minus10Percent","Stage 2 semantic aggregation weights","Stage2RegionSemanticWeight","Minus10Percent","Dynamic_Player_01_Ice_To_Forest_Ocean_Ice","Day20_OceanDiscovery","20","WeaponEffectiveUse","Bow","14","587.3575","15","0.757858","445.1337","445.1337","TRUE"
"PCG_VFX_OAT_Sensitivity_20260826_153906","2026-08-26T15:39:06.2831112Z","Stage2RegionSemanticWeight_Minus10Percent","Stage 2 semantic aggregation weights","Stage2RegionSemanticWeight","Minus10Percent","Dynamic_Player_01_Ice_To_Forest_Ocean_Ice","Day20_OceanDiscovery","20","BossRecencyWeight","IceDragon","14","0.088388","4","0.353553","0.03125","0.03125","TRUE"
"PCG_VFX_OAT_Sensitivity_20260826_153906","2026-08-26T15:39:06.2831112Z","Stage2RegionSemanticWeight_Minus10Percent","Stage 2 semantic aggregation weights","Stage2RegionSemanticWeight","Minus10Percent","Dynamic_Player_01_Ice_To_Forest_Ocean_Ice","Day20_OceanDiscovery","20","RegionRecentVisit","ForestRuins","14","1027.964","20","0.812252","834.9663","834.9663","TRUE"
"PCG_VFX_OAT_Sensitivity_20260826_153906","2026-08-26T15:39:06.2831112Z","Stage2RegionSemanticWeight_Minus10Percent","Stage 2 semantic aggregation weights","Stage2RegionSemanticWeight","Minus10Percent","Dynamic_Player_01_Ice_To_Forest_Ocean_Ice","Day27_SeaTurtleDefeat","27","WeaponEffectiveUse","Sword","20","247.1468","15","0.723635","178.844","178.844","TRUE"
"PCG_VFX_OAT_Sensitivity_20260826_153906","2026-08-26T15:39:06.2831112Z","Stage2RegionSemanticWeight_Minus10Percent","Stage 2 semantic aggregation weights","Stage2RegionSemanticWeight","Minus10Percent","Dynamic_Player_01_Ice_To_Forest_Ocean_Ice","Day27_SeaTurtleDefeat","27","WeaponEffectiveUse","Bow","20","595.1337","15","0.723635","430.6594","430.6594","TRUE"
"PCG_VFX_OAT_Sensitivity_20260826_153906","2026-08-26T15:39:06.2831112Z","Stage2RegionSemanticWeight_Minus10Percent","Stage 2 semantic aggregation weights","Stage2RegionSemanticWeight","Minus10Percent","Dynamic_Player_01_Ice_To_Forest_Ocean_Ice","Day27_SeaTurtleDefeat","27","BossRecencyWeight","IceDragon","20","0.03125","4","0.297302","0.009291","0.009291","TRUE"
"PCG_VFX_OAT_Sensitivity_20260826_153906","2026-08-26T15:39:06.2831112Z","Stage2RegionSemanticWeight_Minus10Percent","Stage 2 semantic aggregation weights","Stage2RegionSemanticWeight","Minus10Percent","Dynamic_Player_01_Ice_To_Forest_Ocean_Ice","Day27_SeaTurtleDefeat","27","RegionRecentVisit","ForestRuins","20","1014.966","20","0.784584","796.3264","796.3264","TRUE"
"PCG_VFX_OAT_Sensitivity_20260826_153906","2026-08-26T15:39:06.2831112Z","Stage2RegionSemanticWeight_Minus10Percent","Stage 2 semantic aggregation weights","Stage2RegionSemanticWeight","Minus10Percent","Dynamic_Player_01_Ice_To_Forest_Ocean_Ice","Day27_SeaTurtleDefeat","27","RegionRecentVisit","OceanRuins","20","240","20","0.784584","188.3002","188.3002","TRUE"
"PCG_VFX_OAT_Sensitivity_20260826_153906","2026-08-26T15:39:06.2831112Z","Stage2RegionSemanticWeight_Minus10Percent","Stage 2 semantic aggregation weights","Stage2RegionSemanticWeight","Minus10Percent","Dynamic_Player_01_Ice_To_Forest_Ocean_Ice","Day39_IceDragonRematch","39","WeaponEffectiveUse","Sword","27","178.844","15","0.574349","102.7189","102.7189","TRUE"
"PCG_VFX_OAT_Sensitivity_20260826_153906","2026-08-26T15:39:06.2831112Z","Stage2RegionSemanticWeight_Minus10Percent","Stage 2 semantic aggregation weights","Stage2RegionSemanticWeight","Minus10Percent","Dynamic_Player_01_Ice_To_Forest_Ocean_Ice","Day39_IceDragonRematch","39","WeaponEffectiveUse","Bow","27","550.6594","15","0.574349","316.2708","316.2708","TRUE"
"PCG_VFX_OAT_Sensitivity_20260826_153906","2026-08-26T15:39:06.2831112Z","Stage2RegionSemanticWeight_Minus10Percent","Stage 2 semantic aggregation weights","Stage2RegionSemanticWeight","Minus10Percent","Dynamic_Player_01_Ice_To_Forest_Ocean_Ice","Day39_IceDragonRematch","39","BossRecencyWeight","IceDragon","27","0.009291","4","0.125","0.001161","0.001161","TRUE"
"PCG_VFX_OAT_Sensitivity_20260826_153906","2026-08-26T15:39:06.2831112Z","Stage2RegionSemanticWeight_Minus10Percent","Stage 2 semantic aggregation weights","Stage2RegionSemanticWeight","Minus10Percent","Dynamic_Player_01_Ice_To_Forest_Ocean_Ice","Day39_IceDragonRematch","39","BossRecencyWeight","SeaTurtle","27","1","4","0.125","0.125","0.125","TRUE"
"PCG_VFX_OAT_Sensitivity_20260826_153906","2026-08-26T15:39:06.2831112Z","Stage2RegionSemanticWeight_Minus10Percent","Stage 2 semantic aggregation weights","Stage2RegionSemanticWeight","Minus10Percent","Dynamic_Player_01_Ice_To_Forest_Ocean_Ice","Day39_IceDragonRematch","39","RegionRecentVisit","ForestRuins","27","796.3264","20","0.659754","525.3795","525.3795","TRUE"
"PCG_VFX_OAT_Sensitivity_20260826_153906","2026-08-26T15:39:06.2831112Z","Stage2RegionSemanticWeight_Minus10Percent","Stage 2 semantic aggregation weights","Stage2RegionSemanticWeight","Minus10Percent","Dynamic_Player_01_Ice_To_Forest_Ocean_Ice","Day39_IceDragonRematch","39","RegionRecentVisit","OceanRuins","27","1188.3","20","0.659754","783.9857","783.9857","TRUE"
"PCG_VFX_OAT_Sensitivity_20260826_153906","2026-08-26T15:39:06.2831112Z","Stage2RegionSemanticWeight_Plus10Percent","Stage 2 semantic aggregation weights","Stage2RegionSemanticWeight","Plus10Percent","Dynamic_Player_01_Ice_To_Forest_Ocean_Ice","Day01_IceBaseline","1","WeaponEffectiveUse","Sword","0","360","15","0.954842","343.743","343.743","TRUE"
"PCG_VFX_OAT_Sensitivity_20260826_153906","2026-08-26T15:39:06.2831112Z","Stage2RegionSemanticWeight_Plus10Percent","Stage 2 semantic aggregation weights","Stage2RegionSemanticWeight","Plus10Percent","Dynamic_Player_01_Ice_To_Forest_Ocean_Ice","Day01_IceBaseline","1","BossRecencyWeight","IceDragon","0","1","4","0.840896","0.840896","0.840896","TRUE"
"PCG_VFX_OAT_Sensitivity_20260826_153906","2026-08-26T15:39:06.2831112Z","Stage2RegionSemanticWeight_Plus10Percent","Stage 2 semantic aggregation weights","Stage2RegionSemanticWeight","Plus10Percent","Dynamic_Player_01_Ice_To_Forest_Ocean_Ice","Day04_IceSettled","4","WeaponEffectiveUse","Sword","1","433.743","15","0.870551","377.5952","377.5952","TRUE"
"PCG_VFX_OAT_Sensitivity_20260826_153906","2026-08-26T15:39:06.2831112Z","Stage2RegionSemanticWeight_Plus10Percent","Stage 2 semantic aggregation weights","Stage2RegionSemanticWeight","Plus10Percent","Dynamic_Player_01_Ice_To_Forest_Ocean_Ice","Day04_IceSettled","4","BossRecencyWeight","IceDragon","1","0.840896","4","0.594604","0.5","0.5","TRUE"
"PCG_VFX_OAT_Sensitivity_20260826_153906","2026-08-26T15:39:06.2831112Z","Stage2RegionSemanticWeight_Plus10Percent","Stage 2 semantic aggregation weights","Stage2RegionSemanticWeight","Plus10Percent","Dynamic_Player_01_Ice_To_Forest_Ocean_Ice","Day08_ForestCommitment","8","WeaponEffectiveUse","Sword","4","487.5952","15","0.831238","405.3076","405.3076","TRUE"
"PCG_VFX_OAT_Sensitivity_20260826_153906","2026-08-26T15:39:06.2831112Z","Stage2RegionSemanticWeight_Plus10Percent","Stage 2 semantic aggregation weights","Stage2RegionSemanticWeight","Plus10Percent","Dynamic_Player_01_Ice_To_Forest_Ocean_Ice","Day08_ForestCommitment","8","BossRecencyWeight","IceDragon","4","0.5","4","0.5","0.25","0.25","TRUE"
"PCG_VFX_OAT_Sensitivity_20260826_153906","2026-08-26T15:39:06.2831112Z","Stage2RegionSemanticWeight_Plus10Percent","Stage 2 semantic aggregation weights","Stage2RegionSemanticWeight","Plus10Percent","Dynamic_Player_01_Ice_To_Forest_Ocean_Ice","Day14_ForestMastery","14","WeaponEffectiveUse","Sword","8","430.3076","15","0.757858","326.1122","326.1122","TRUE"
"PCG_VFX_OAT_Sensitivity_20260826_153906","2026-08-26T15:39:06.2831112Z","Stage2RegionSemanticWeight_Plus10Percent","Stage 2 semantic aggregation weights","Stage2RegionSemanticWeight","Plus10Percent","Dynamic_Player_01_Ice_To_Forest_Ocean_Ice","Day14_ForestMastery","14","WeaponEffectiveUse","Bow","8","300","15","0.757858","227.3575","227.3575","TRUE"
"PCG_VFX_OAT_Sensitivity_20260826_153906","2026-08-26T15:39:06.2831112Z","Stage2RegionSemanticWeight_Plus10Percent","Stage 2 semantic aggregation weights","Stage2RegionSemanticWeight","Plus10Percent","Dynamic_Player_01_Ice_To_Forest_Ocean_Ice","Day14_ForestMastery","14","BossRecencyWeight","IceDragon","8","0.25","4","0.353553","0.088388","0.088388","TRUE"
"PCG_VFX_OAT_Sensitivity_20260826_153906","2026-08-26T15:39:06.2831112Z","Stage2RegionSemanticWeight_Plus10Percent","Stage 2 semantic aggregation weights","Stage2RegionSemanticWeight","Plus10Percent","Dynamic_Player_01_Ice_To_Forest_Ocean_Ice","Day14_ForestMastery","14","RegionRecentVisit","ForestRuins","8","650","20","0.812252","527.9641","527.9641","TRUE"
"PCG_VFX_OAT_Sensitivity_20260826_153906","2026-08-26T15:39:06.2831112Z","Stage2RegionSemanticWeight_Plus10Percent","Stage 2 semantic aggregation weights","Stage2RegionSemanticWeight","Plus10Percent","Dynamic_Player_01_Ice_To_Forest_Ocean_Ice","Day20_OceanDiscovery","20","WeaponEffectiveUse","Sword","14","326.1122","15","0.757858","247.1468","247.1468","TRUE"
"PCG_VFX_OAT_Sensitivity_20260826_153906","2026-08-26T15:39:06.2831112Z","Stage2RegionSemanticWeight_Plus10Percent","Stage 2 semantic aggregation weights","Stage2RegionSemanticWeight","Plus10Percent","Dynamic_Player_01_Ice_To_Forest_Ocean_Ice","Day20_OceanDiscovery","20","WeaponEffectiveUse","Bow","14","587.3575","15","0.757858","445.1337","445.1337","TRUE"
"PCG_VFX_OAT_Sensitivity_20260826_153906","2026-08-26T15:39:06.2831112Z","Stage2RegionSemanticWeight_Plus10Percent","Stage 2 semantic aggregation weights","Stage2RegionSemanticWeight","Plus10Percent","Dynamic_Player_01_Ice_To_Forest_Ocean_Ice","Day20_OceanDiscovery","20","BossRecencyWeight","IceDragon","14","0.088388","4","0.353553","0.03125","0.03125","TRUE"
"PCG_VFX_OAT_Sensitivity_20260826_153906","2026-08-26T15:39:06.2831112Z","Stage2RegionSemanticWeight_Plus10Percent","Stage 2 semantic aggregation weights","Stage2RegionSemanticWeight","Plus10Percent","Dynamic_Player_01_Ice_To_Forest_Ocean_Ice","Day20_OceanDiscovery","20","RegionRecentVisit","ForestRuins","14","1027.964","20","0.812252","834.9663","834.9663","TRUE"
"PCG_VFX_OAT_Sensitivity_20260826_153906","2026-08-26T15:39:06.2831112Z","Stage2RegionSemanticWeight_Plus10Percent","Stage 2 semantic aggregation weights","Stage2RegionSemanticWeight","Plus10Percent","Dynamic_Player_01_Ice_To_Forest_Ocean_Ice","Day27_SeaTurtleDefeat","27","WeaponEffectiveUse","Sword","20","247.1468","15","0.723635","178.844","178.844","TRUE"
"PCG_VFX_OAT_Sensitivity_20260826_153906","2026-08-26T15:39:06.2831112Z","Stage2RegionSemanticWeight_Plus10Percent","Stage 2 semantic aggregation weights","Stage2RegionSemanticWeight","Plus10Percent","Dynamic_Player_01_Ice_To_Forest_Ocean_Ice","Day27_SeaTurtleDefeat","27","WeaponEffectiveUse","Bow","20","595.1337","15","0.723635","430.6594","430.6594","TRUE"
"PCG_VFX_OAT_Sensitivity_20260826_153906","2026-08-26T15:39:06.2831112Z","Stage2RegionSemanticWeight_Plus10Percent","Stage 2 semantic aggregation weights","Stage2RegionSemanticWeight","Plus10Percent","Dynamic_Player_01_Ice_To_Forest_Ocean_Ice","Day27_SeaTurtleDefeat","27","BossRecencyWeight","IceDragon","20","0.03125","4","0.297302","0.009291","0.009291","TRUE"
"PCG_VFX_OAT_Sensitivity_20260826_153906","2026-08-26T15:39:06.2831112Z","Stage2RegionSemanticWeight_Plus10Percent","Stage 2 semantic aggregation weights","Stage2RegionSemanticWeight","Plus10Percent","Dynamic_Player_01_Ice_To_Forest_Ocean_Ice","Day27_SeaTurtleDefeat","27","RegionRecentVisit","ForestRuins","20","1014.966","20","0.784584","796.3264","796.3264","TRUE"
"PCG_VFX_OAT_Sensitivity_20260826_153906","2026-08-26T15:39:06.2831112Z","Stage2RegionSemanticWeight_Plus10Percent","Stage 2 semantic aggregation weights","Stage2RegionSemanticWeight","Plus10Percent","Dynamic_Player_01_Ice_To_Forest_Ocean_Ice","Day27_SeaTurtleDefeat","27","RegionRecentVisit","OceanRuins","20","240","20","0.784584","188.3002","188.3002","TRUE"
"PCG_VFX_OAT_Sensitivity_20260826_153906","2026-08-26T15:39:06.2831112Z","Stage2RegionSemanticWeight_Plus10Percent","Stage 2 semantic aggregation weights","Stage2RegionSemanticWeight","Plus10Percent","Dynamic_Player_01_Ice_To_Forest_Ocean_Ice","Day39_IceDragonRematch","39","WeaponEffectiveUse","Sword","27","178.844","15","0.574349","102.7189","102.7189","TRUE"
"PCG_VFX_OAT_Sensitivity_20260826_153906","2026-08-26T15:39:06.2831112Z","Stage2RegionSemanticWeight_Plus10Percent","Stage 2 semantic aggregation weights","Stage2RegionSemanticWeight","Plus10Percent","Dynamic_Player_01_Ice_To_Forest_Ocean_Ice","Day39_IceDragonRematch","39","WeaponEffectiveUse","Bow","27","550.6594","15","0.574349","316.2708","316.2708","TRUE"
"PCG_VFX_OAT_Sensitivity_20260826_153906","2026-08-26T15:39:06.2831112Z","Stage2RegionSemanticWeight_Plus10Percent","Stage 2 semantic aggregation weights","Stage2RegionSemanticWeight","Plus10Percent","Dynamic_Player_01_Ice_To_Forest_Ocean_Ice","Day39_IceDragonRematch","39","BossRecencyWeight","IceDragon","27","0.009291","4","0.125","0.001161","0.001161","TRUE"
"PCG_VFX_OAT_Sensitivity_20260826_153906","2026-08-26T15:39:06.2831112Z","Stage2RegionSemanticWeight_Plus10Percent","Stage 2 semantic aggregation weights","Stage2RegionSemanticWeight","Plus10Percent","Dynamic_Player_01_Ice_To_Forest_Ocean_Ice","Day39_IceDragonRematch","39","BossRecencyWeight","SeaTurtle","27","1","4","0.125","0.125","0.125","TRUE"
"PCG_VFX_OAT_Sensitivity_20260826_153906","2026-08-26T15:39:06.2831112Z","Stage2RegionSemanticWeight_Plus10Percent","Stage 2 semantic aggregation weights","Stage2RegionSemanticWeight","Plus10Percent","Dynamic_Player_01_Ice_To_Forest_Ocean_Ice","Day39_IceDragonRematch","39","RegionRecentVisit","ForestRuins","27","796.3264","20","0.659754","525.3795","525.3795","TRUE"
"PCG_VFX_OAT_Sensitivity_20260826_153906","2026-08-26T15:39:06.2831112Z","Stage2RegionSemanticWeight_Plus10Percent","Stage 2 semantic aggregation weights","Stage2RegionSemanticWeight","Plus10Percent","Dynamic_Player_01_Ice_To_Forest_Ocean_Ice","Day39_IceDragonRematch","39","RegionRecentVisit","OceanRuins","27","1188.3","20","0.659754","783.9857","783.9857","TRUE"
"PCG_VFX_OAT_Sensitivity_20260826_153906","2026-08-26T15:39:06.2831112Z","TrajectoryThemeTemporalSmoothingAlpha_Minus10Percent","Dynamic temporal smoothing","TrajectoryThemeTemporalSmoothingAlpha","Minus10Percent","Dynamic_Player_01_Ice_To_Forest_Ocean_Ice","Day01_IceBaseline","1","WeaponEffectiveUse","Sword","0","360","15","0.954842","343.743","343.743","TRUE"
"PCG_VFX_OAT_Sensitivity_20260826_153906","2026-08-26T15:39:06.2831112Z","TrajectoryThemeTemporalSmoothingAlpha_Minus10Percent","Dynamic temporal smoothing","TrajectoryThemeTemporalSmoothingAlpha","Minus10Percent","Dynamic_Player_01_Ice_To_Forest_Ocean_Ice","Day01_IceBaseline","1","BossRecencyWeight","IceDragon","0","1","4","0.840896","0.840896","0.840896","TRUE"
"PCG_VFX_OAT_Sensitivity_20260826_153906","2026-08-26T15:39:06.2831112Z","TrajectoryThemeTemporalSmoothingAlpha_Minus10Percent","Dynamic temporal smoothing","TrajectoryThemeTemporalSmoothingAlpha","Minus10Percent","Dynamic_Player_01_Ice_To_Forest_Ocean_Ice","Day04_IceSettled","4","WeaponEffectiveUse","Sword","1","433.743","15","0.870551","377.5952","377.5952","TRUE"
"PCG_VFX_OAT_Sensitivity_20260826_153906","2026-08-26T15:39:06.2831112Z","TrajectoryThemeTemporalSmoothingAlpha_Minus10Percent","Dynamic temporal smoothing","TrajectoryThemeTemporalSmoothingAlpha","Minus10Percent","Dynamic_Player_01_Ice_To_Forest_Ocean_Ice","Day04_IceSettled","4","BossRecencyWeight","IceDragon","1","0.840896","4","0.594604","0.5","0.5","TRUE"
"PCG_VFX_OAT_Sensitivity_20260826_153906","2026-08-26T15:39:06.2831112Z","TrajectoryThemeTemporalSmoothingAlpha_Minus10Percent","Dynamic temporal smoothing","TrajectoryThemeTemporalSmoothingAlpha","Minus10Percent","Dynamic_Player_01_Ice_To_Forest_Ocean_Ice","Day08_ForestCommitment","8","WeaponEffectiveUse","Sword","4","487.5952","15","0.831238","405.3076","405.3076","TRUE"
"PCG_VFX_OAT_Sensitivity_20260826_153906","2026-08-26T15:39:06.2831112Z","TrajectoryThemeTemporalSmoothingAlpha_Minus10Percent","Dynamic temporal smoothing","TrajectoryThemeTemporalSmoothingAlpha","Minus10Percent","Dynamic_Player_01_Ice_To_Forest_Ocean_Ice","Day08_ForestCommitment","8","BossRecencyWeight","IceDragon","4","0.5","4","0.5","0.25","0.25","TRUE"
"PCG_VFX_OAT_Sensitivity_20260826_153906","2026-08-26T15:39:06.2831112Z","TrajectoryThemeTemporalSmoothingAlpha_Minus10Percent","Dynamic temporal smoothing","TrajectoryThemeTemporalSmoothingAlpha","Minus10Percent","Dynamic_Player_01_Ice_To_Forest_Ocean_Ice","Day14_ForestMastery","14","WeaponEffectiveUse","Sword","8","430.3076","15","0.757858","326.1122","326.1122","TRUE"
"PCG_VFX_OAT_Sensitivity_20260826_153906","2026-08-26T15:39:06.2831112Z","TrajectoryThemeTemporalSmoothingAlpha_Minus10Percent","Dynamic temporal smoothing","TrajectoryThemeTemporalSmoothingAlpha","Minus10Percent","Dynamic_Player_01_Ice_To_Forest_Ocean_Ice","Day14_ForestMastery","14","WeaponEffectiveUse","Bow","8","300","15","0.757858","227.3575","227.3575","TRUE"
"PCG_VFX_OAT_Sensitivity_20260826_153906","2026-08-26T15:39:06.2831112Z","TrajectoryThemeTemporalSmoothingAlpha_Minus10Percent","Dynamic temporal smoothing","TrajectoryThemeTemporalSmoothingAlpha","Minus10Percent","Dynamic_Player_01_Ice_To_Forest_Ocean_Ice","Day14_ForestMastery","14","BossRecencyWeight","IceDragon","8","0.25","4","0.353553","0.088388","0.088388","TRUE"
"PCG_VFX_OAT_Sensitivity_20260826_153906","2026-08-26T15:39:06.2831112Z","TrajectoryThemeTemporalSmoothingAlpha_Minus10Percent","Dynamic temporal smoothing","TrajectoryThemeTemporalSmoothingAlpha","Minus10Percent","Dynamic_Player_01_Ice_To_Forest_Ocean_Ice","Day14_ForestMastery","14","RegionRecentVisit","ForestRuins","8","650","20","0.812252","527.9641","527.9641","TRUE"
"PCG_VFX_OAT_Sensitivity_20260826_153906","2026-08-26T15:39:06.2831112Z","TrajectoryThemeTemporalSmoothingAlpha_Minus10Percent","Dynamic temporal smoothing","TrajectoryThemeTemporalSmoothingAlpha","Minus10Percent","Dynamic_Player_01_Ice_To_Forest_Ocean_Ice","Day20_OceanDiscovery","20","WeaponEffectiveUse","Sword","14","326.1122","15","0.757858","247.1468","247.1468","TRUE"
"PCG_VFX_OAT_Sensitivity_20260826_153906","2026-08-26T15:39:06.2831112Z","TrajectoryThemeTemporalSmoothingAlpha_Minus10Percent","Dynamic temporal smoothing","TrajectoryThemeTemporalSmoothingAlpha","Minus10Percent","Dynamic_Player_01_Ice_To_Forest_Ocean_Ice","Day20_OceanDiscovery","20","WeaponEffectiveUse","Bow","14","587.3575","15","0.757858","445.1337","445.1337","TRUE"
"PCG_VFX_OAT_Sensitivity_20260826_153906","2026-08-26T15:39:06.2831112Z","TrajectoryThemeTemporalSmoothingAlpha_Minus10Percent","Dynamic temporal smoothing","TrajectoryThemeTemporalSmoothingAlpha","Minus10Percent","Dynamic_Player_01_Ice_To_Forest_Ocean_Ice","Day20_OceanDiscovery","20","BossRecencyWeight","IceDragon","14","0.088388","4","0.353553","0.03125","0.03125","TRUE"
"PCG_VFX_OAT_Sensitivity_20260826_153906","2026-08-26T15:39:06.2831112Z","TrajectoryThemeTemporalSmoothingAlpha_Minus10Percent","Dynamic temporal smoothing","TrajectoryThemeTemporalSmoothingAlpha","Minus10Percent","Dynamic_Player_01_Ice_To_Forest_Ocean_Ice","Day20_OceanDiscovery","20","RegionRecentVisit","ForestRuins","14","1027.964","20","0.812252","834.9663","834.9663","TRUE"
"PCG_VFX_OAT_Sensitivity_20260826_153906","2026-08-26T15:39:06.2831112Z","TrajectoryThemeTemporalSmoothingAlpha_Minus10Percent","Dynamic temporal smoothing","TrajectoryThemeTemporalSmoothingAlpha","Minus10Percent","Dynamic_Player_01_Ice_To_Forest_Ocean_Ice","Day27_SeaTurtleDefeat","27","WeaponEffectiveUse","Sword","20","247.1468","15","0.723635","178.844","178.844","TRUE"
"PCG_VFX_OAT_Sensitivity_20260826_153906","2026-08-26T15:39:06.2831112Z","TrajectoryThemeTemporalSmoothingAlpha_Minus10Percent","Dynamic temporal smoothing","TrajectoryThemeTemporalSmoothingAlpha","Minus10Percent","Dynamic_Player_01_Ice_To_Forest_Ocean_Ice","Day27_SeaTurtleDefeat","27","WeaponEffectiveUse","Bow","20","595.1337","15","0.723635","430.6594","430.6594","TRUE"
"PCG_VFX_OAT_Sensitivity_20260826_153906","2026-08-26T15:39:06.2831112Z","TrajectoryThemeTemporalSmoothingAlpha_Minus10Percent","Dynamic temporal smoothing","TrajectoryThemeTemporalSmoothingAlpha","Minus10Percent","Dynamic_Player_01_Ice_To_Forest_Ocean_Ice","Day27_SeaTurtleDefeat","27","BossRecencyWeight","IceDragon","20","0.03125","4","0.297302","0.009291","0.009291","TRUE"
"PCG_VFX_OAT_Sensitivity_20260826_153906","2026-08-26T15:39:06.2831112Z","TrajectoryThemeTemporalSmoothingAlpha_Minus10Percent","Dynamic temporal smoothing","TrajectoryThemeTemporalSmoothingAlpha","Minus10Percent","Dynamic_Player_01_Ice_To_Forest_Ocean_Ice","Day27_SeaTurtleDefeat","27","RegionRecentVisit","ForestRuins","20","1014.966","20","0.784584","796.3264","796.3264","TRUE"
"PCG_VFX_OAT_Sensitivity_20260826_153906","2026-08-26T15:39:06.2831112Z","TrajectoryThemeTemporalSmoothingAlpha_Minus10Percent","Dynamic temporal smoothing","TrajectoryThemeTemporalSmoothingAlpha","Minus10Percent","Dynamic_Player_01_Ice_To_Forest_Ocean_Ice","Day27_SeaTurtleDefeat","27","RegionRecentVisit","OceanRuins","20","240","20","0.784584","188.3002","188.3002","TRUE"
"PCG_VFX_OAT_Sensitivity_20260826_153906","2026-08-26T15:39:06.2831112Z","TrajectoryThemeTemporalSmoothingAlpha_Minus10Percent","Dynamic temporal smoothing","TrajectoryThemeTemporalSmoothingAlpha","Minus10Percent","Dynamic_Player_01_Ice_To_Forest_Ocean_Ice","Day39_IceDragonRematch","39","WeaponEffectiveUse","Sword","27","178.844","15","0.574349","102.7189","102.7189","TRUE"
"PCG_VFX_OAT_Sensitivity_20260826_153906","2026-08-26T15:39:06.2831112Z","TrajectoryThemeTemporalSmoothingAlpha_Minus10Percent","Dynamic temporal smoothing","TrajectoryThemeTemporalSmoothingAlpha","Minus10Percent","Dynamic_Player_01_Ice_To_Forest_Ocean_Ice","Day39_IceDragonRematch","39","WeaponEffectiveUse","Bow","27","550.6594","15","0.574349","316.2708","316.2708","TRUE"
"PCG_VFX_OAT_Sensitivity_20260826_153906","2026-08-26T15:39:06.2831112Z","TrajectoryThemeTemporalSmoothingAlpha_Minus10Percent","Dynamic temporal smoothing","TrajectoryThemeTemporalSmoothingAlpha","Minus10Percent","Dynamic_Player_01_Ice_To_Forest_Ocean_Ice","Day39_IceDragonRematch","39","BossRecencyWeight","IceDragon","27","0.009291","4","0.125","0.001161","0.001161","TRUE"
"PCG_VFX_OAT_Sensitivity_20260826_153906","2026-08-26T15:39:06.2831112Z","TrajectoryThemeTemporalSmoothingAlpha_Minus10Percent","Dynamic temporal smoothing","TrajectoryThemeTemporalSmoothingAlpha","Minus10Percent","Dynamic_Player_01_Ice_To_Forest_Ocean_Ice","Day39_IceDragonRematch","39","BossRecencyWeight","SeaTurtle","27","1","4","0.125","0.125","0.125","TRUE"
"PCG_VFX_OAT_Sensitivity_20260826_153906","2026-08-26T15:39:06.2831112Z","TrajectoryThemeTemporalSmoothingAlpha_Minus10Percent","Dynamic temporal smoothing","TrajectoryThemeTemporalSmoothingAlpha","Minus10Percent","Dynamic_Player_01_Ice_To_Forest_Ocean_Ice","Day39_IceDragonRematch","39","RegionRecentVisit","ForestRuins","27","796.3264","20","0.659754","525.3795","525.3795","TRUE"
"PCG_VFX_OAT_Sensitivity_20260826_153906","2026-08-26T15:39:06.2831112Z","TrajectoryThemeTemporalSmoothingAlpha_Minus10Percent","Dynamic temporal smoothing","TrajectoryThemeTemporalSmoothingAlpha","Minus10Percent","Dynamic_Player_01_Ice_To_Forest_Ocean_Ice","Day39_IceDragonRematch","39","RegionRecentVisit","OceanRuins","27","1188.3","20","0.659754","783.9857","783.9857","TRUE"
"PCG_VFX_OAT_Sensitivity_20260826_153906","2026-08-26T15:39:06.2831112Z","TrajectoryThemeTemporalSmoothingAlpha_Plus10Percent","Dynamic temporal smoothing","TrajectoryThemeTemporalSmoothingAlpha","Plus10Percent","Dynamic_Player_01_Ice_To_Forest_Ocean_Ice","Day01_IceBaseline","1","WeaponEffectiveUse","Sword","0","360","15","0.954842","343.743","343.743","TRUE"
"PCG_VFX_OAT_Sensitivity_20260826_153906","2026-08-26T15:39:06.2831112Z","TrajectoryThemeTemporalSmoothingAlpha_Plus10Percent","Dynamic temporal smoothing","TrajectoryThemeTemporalSmoothingAlpha","Plus10Percent","Dynamic_Player_01_Ice_To_Forest_Ocean_Ice","Day01_IceBaseline","1","BossRecencyWeight","IceDragon","0","1","4","0.840896","0.840896","0.840896","TRUE"
"PCG_VFX_OAT_Sensitivity_20260826_153906","2026-08-26T15:39:06.2831112Z","TrajectoryThemeTemporalSmoothingAlpha_Plus10Percent","Dynamic temporal smoothing","TrajectoryThemeTemporalSmoothingAlpha","Plus10Percent","Dynamic_Player_01_Ice_To_Forest_Ocean_Ice","Day04_IceSettled","4","WeaponEffectiveUse","Sword","1","433.743","15","0.870551","377.5952","377.5952","TRUE"
"PCG_VFX_OAT_Sensitivity_20260826_153906","2026-08-26T15:39:06.2831112Z","TrajectoryThemeTemporalSmoothingAlpha_Plus10Percent","Dynamic temporal smoothing","TrajectoryThemeTemporalSmoothingAlpha","Plus10Percent","Dynamic_Player_01_Ice_To_Forest_Ocean_Ice","Day04_IceSettled","4","BossRecencyWeight","IceDragon","1","0.840896","4","0.594604","0.5","0.5","TRUE"
"PCG_VFX_OAT_Sensitivity_20260826_153906","2026-08-26T15:39:06.2831112Z","TrajectoryThemeTemporalSmoothingAlpha_Plus10Percent","Dynamic temporal smoothing","TrajectoryThemeTemporalSmoothingAlpha","Plus10Percent","Dynamic_Player_01_Ice_To_Forest_Ocean_Ice","Day08_ForestCommitment","8","WeaponEffectiveUse","Sword","4","487.5952","15","0.831238","405.3076","405.3076","TRUE"
"PCG_VFX_OAT_Sensitivity_20260826_153906","2026-08-26T15:39:06.2831112Z","TrajectoryThemeTemporalSmoothingAlpha_Plus10Percent","Dynamic temporal smoothing","TrajectoryThemeTemporalSmoothingAlpha","Plus10Percent","Dynamic_Player_01_Ice_To_Forest_Ocean_Ice","Day08_ForestCommitment","8","BossRecencyWeight","IceDragon","4","0.5","4","0.5","0.25","0.25","TRUE"
"PCG_VFX_OAT_Sensitivity_20260826_153906","2026-08-26T15:39:06.2831112Z","TrajectoryThemeTemporalSmoothingAlpha_Plus10Percent","Dynamic temporal smoothing","TrajectoryThemeTemporalSmoothingAlpha","Plus10Percent","Dynamic_Player_01_Ice_To_Forest_Ocean_Ice","Day14_ForestMastery","14","WeaponEffectiveUse","Sword","8","430.3076","15","0.757858","326.1122","326.1122","TRUE"
"PCG_VFX_OAT_Sensitivity_20260826_153906","2026-08-26T15:39:06.2831112Z","TrajectoryThemeTemporalSmoothingAlpha_Plus10Percent","Dynamic temporal smoothing","TrajectoryThemeTemporalSmoothingAlpha","Plus10Percent","Dynamic_Player_01_Ice_To_Forest_Ocean_Ice","Day14_ForestMastery","14","WeaponEffectiveUse","Bow","8","300","15","0.757858","227.3575","227.3575","TRUE"
"PCG_VFX_OAT_Sensitivity_20260826_153906","2026-08-26T15:39:06.2831112Z","TrajectoryThemeTemporalSmoothingAlpha_Plus10Percent","Dynamic temporal smoothing","TrajectoryThemeTemporalSmoothingAlpha","Plus10Percent","Dynamic_Player_01_Ice_To_Forest_Ocean_Ice","Day14_ForestMastery","14","BossRecencyWeight","IceDragon","8","0.25","4","0.353553","0.088388","0.088388","TRUE"
"PCG_VFX_OAT_Sensitivity_20260826_153906","2026-08-26T15:39:06.2831112Z","TrajectoryThemeTemporalSmoothingAlpha_Plus10Percent","Dynamic temporal smoothing","TrajectoryThemeTemporalSmoothingAlpha","Plus10Percent","Dynamic_Player_01_Ice_To_Forest_Ocean_Ice","Day14_ForestMastery","14","RegionRecentVisit","ForestRuins","8","650","20","0.812252","527.9641","527.9641","TRUE"
"PCG_VFX_OAT_Sensitivity_20260826_153906","2026-08-26T15:39:06.2831112Z","TrajectoryThemeTemporalSmoothingAlpha_Plus10Percent","Dynamic temporal smoothing","TrajectoryThemeTemporalSmoothingAlpha","Plus10Percent","Dynamic_Player_01_Ice_To_Forest_Ocean_Ice","Day20_OceanDiscovery","20","WeaponEffectiveUse","Sword","14","326.1122","15","0.757858","247.1468","247.1468","TRUE"
"PCG_VFX_OAT_Sensitivity_20260826_153906","2026-08-26T15:39:06.2831112Z","TrajectoryThemeTemporalSmoothingAlpha_Plus10Percent","Dynamic temporal smoothing","TrajectoryThemeTemporalSmoothingAlpha","Plus10Percent","Dynamic_Player_01_Ice_To_Forest_Ocean_Ice","Day20_OceanDiscovery","20","WeaponEffectiveUse","Bow","14","587.3575","15","0.757858","445.1337","445.1337","TRUE"
"PCG_VFX_OAT_Sensitivity_20260826_153906","2026-08-26T15:39:06.2831112Z","TrajectoryThemeTemporalSmoothingAlpha_Plus10Percent","Dynamic temporal smoothing","TrajectoryThemeTemporalSmoothingAlpha","Plus10Percent","Dynamic_Player_01_Ice_To_Forest_Ocean_Ice","Day20_OceanDiscovery","20","BossRecencyWeight","IceDragon","14","0.088388","4","0.353553","0.03125","0.03125","TRUE"
"PCG_VFX_OAT_Sensitivity_20260826_153906","2026-08-26T15:39:06.2831112Z","TrajectoryThemeTemporalSmoothingAlpha_Plus10Percent","Dynamic temporal smoothing","TrajectoryThemeTemporalSmoothingAlpha","Plus10Percent","Dynamic_Player_01_Ice_To_Forest_Ocean_Ice","Day20_OceanDiscovery","20","RegionRecentVisit","ForestRuins","14","1027.964","20","0.812252","834.9663","834.9663","TRUE"
"PCG_VFX_OAT_Sensitivity_20260826_153906","2026-08-26T15:39:06.2831112Z","TrajectoryThemeTemporalSmoothingAlpha_Plus10Percent","Dynamic temporal smoothing","TrajectoryThemeTemporalSmoothingAlpha","Plus10Percent","Dynamic_Player_01_Ice_To_Forest_Ocean_Ice","Day27_SeaTurtleDefeat","27","WeaponEffectiveUse","Sword","20","247.1468","15","0.723635","178.844","178.844","TRUE"
"PCG_VFX_OAT_Sensitivity_20260826_153906","2026-08-26T15:39:06.2831112Z","TrajectoryThemeTemporalSmoothingAlpha_Plus10Percent","Dynamic temporal smoothing","TrajectoryThemeTemporalSmoothingAlpha","Plus10Percent","Dynamic_Player_01_Ice_To_Forest_Ocean_Ice","Day27_SeaTurtleDefeat","27","WeaponEffectiveUse","Bow","20","595.1337","15","0.723635","430.6594","430.6594","TRUE"
"PCG_VFX_OAT_Sensitivity_20260826_153906","2026-08-26T15:39:06.2831112Z","TrajectoryThemeTemporalSmoothingAlpha_Plus10Percent","Dynamic temporal smoothing","TrajectoryThemeTemporalSmoothingAlpha","Plus10Percent","Dynamic_Player_01_Ice_To_Forest_Ocean_Ice","Day27_SeaTurtleDefeat","27","BossRecencyWeight","IceDragon","20","0.03125","4","0.297302","0.009291","0.009291","TRUE"
"PCG_VFX_OAT_Sensitivity_20260826_153906","2026-08-26T15:39:06.2831112Z","TrajectoryThemeTemporalSmoothingAlpha_Plus10Percent","Dynamic temporal smoothing","TrajectoryThemeTemporalSmoothingAlpha","Plus10Percent","Dynamic_Player_01_Ice_To_Forest_Ocean_Ice","Day27_SeaTurtleDefeat","27","RegionRecentVisit","ForestRuins","20","1014.966","20","0.784584","796.3264","796.3264","TRUE"
"PCG_VFX_OAT_Sensitivity_20260826_153906","2026-08-26T15:39:06.2831112Z","TrajectoryThemeTemporalSmoothingAlpha_Plus10Percent","Dynamic temporal smoothing","TrajectoryThemeTemporalSmoothingAlpha","Plus10Percent","Dynamic_Player_01_Ice_To_Forest_Ocean_Ice","Day27_SeaTurtleDefeat","27","RegionRecentVisit","OceanRuins","20","240","20","0.784584","188.3002","188.3002","TRUE"
"PCG_VFX_OAT_Sensitivity_20260826_153906","2026-08-26T15:39:06.2831112Z","TrajectoryThemeTemporalSmoothingAlpha_Plus10Percent","Dynamic temporal smoothing","TrajectoryThemeTemporalSmoothingAlpha","Plus10Percent","Dynamic_Player_01_Ice_To_Forest_Ocean_Ice","Day39_IceDragonRematch","39","WeaponEffectiveUse","Sword","27","178.844","15","0.574349","102.7189","102.7189","TRUE"
"PCG_VFX_OAT_Sensitivity_20260826_153906","2026-08-26T15:39:06.2831112Z","TrajectoryThemeTemporalSmoothingAlpha_Plus10Percent","Dynamic temporal smoothing","TrajectoryThemeTemporalSmoothingAlpha","Plus10Percent","Dynamic_Player_01_Ice_To_Forest_Ocean_Ice","Day39_IceDragonRematch","39","WeaponEffectiveUse","Bow","27","550.6594","15","0.574349","316.2708","316.2708","TRUE"
"PCG_VFX_OAT_Sensitivity_20260826_153906","2026-08-26T15:39:06.2831112Z","TrajectoryThemeTemporalSmoothingAlpha_Plus10Percent","Dynamic temporal smoothing","TrajectoryThemeTemporalSmoothingAlpha","Plus10Percent","Dynamic_Player_01_Ice_To_Forest_Ocean_Ice","Day39_IceDragonRematch","39","BossRecencyWeight","IceDragon","27","0.009291","4","0.125","0.001161","0.001161","TRUE"
"PCG_VFX_OAT_Sensitivity_20260826_153906","2026-08-26T15:39:06.2831112Z","TrajectoryThemeTemporalSmoothingAlpha_Plus10Percent","Dynamic temporal smoothing","TrajectoryThemeTemporalSmoothingAlpha","Plus10Percent","Dynamic_Player_01_Ice_To_Forest_Ocean_Ice","Day39_IceDragonRematch","39","BossRecencyWeight","SeaTurtle","27","1","4","0.125","0.125","0.125","TRUE"
"PCG_VFX_OAT_Sensitivity_20260826_153906","2026-08-26T15:39:06.2831112Z","TrajectoryThemeTemporalSmoothingAlpha_Plus10Percent","Dynamic temporal smoothing","TrajectoryThemeTemporalSmoothingAlpha","Plus10Percent","Dynamic_Player_01_Ice_To_Forest_Ocean_Ice","Day39_IceDragonRematch","39","RegionRecentVisit","ForestRuins","27","796.3264","20","0.659754","525.3795","525.3795","TRUE"
"PCG_VFX_OAT_Sensitivity_20260826_153906","2026-08-26T15:39:06.2831112Z","TrajectoryThemeTemporalSmoothingAlpha_Plus10Percent","Dynamic temporal smoothing","TrajectoryThemeTemporalSmoothingAlpha","Plus10Percent","Dynamic_Player_01_Ice_To_Forest_Ocean_Ice","Day39_IceDragonRematch","39","RegionRecentVisit","OceanRuins","27","1188.3","20","0.659754","783.9857","783.9857","TRUE"
