"ExperimentId","GeneratedAtUtc","ScenarioId","ParameterGroup","ParameterName","Direction","ProfileId","OutputTheme","FallbackUsed","ThemeConfidence","ThemeMargin","Ice","Forest","Galaxy","Ocean","Holy","WeaponTopModule","WeaponSelectedModule","BossTopModule","BossSelectedModule","RegionTopModule","RegionSelectedModule","ThemeChangedVsBaseline","TopSlotsChangedVsBaseline"
"PCG_VFX_OAT_Sensitivity_20260826_153906","2026-08-26T15:39:06.2831112Z","Baseline","Baseline","No parameter change","Baseline","Player_01","Ice","FALSE","0.626139","0.438217","0.626139","0.187922","0","0.135717","0.138269","Weapon_Bow","Weapon_Bow","Boss_IceDragon","Boss_SeaTurtle","Region_SnowfieldRuins","Region_SnowfieldRuins","FALSE","FALSE"
"PCG_VFX_OAT_Sensitivity_20260826_153906","2026-08-26T15:39:06.2831112Z","Baseline","Baseline","No parameter change","Baseline","Player_02","Galaxy","FALSE","0.654759","0.480629","0.052703","0.080269","0.654759","0.17413","0.140641","Weapon_Axe","Weapon_Axe","Boss_StarGiant","Boss_StarGiant","Region_SkyRuins","Region_SkyRuins","FALSE","FALSE"
"PCG_VFX_OAT_Sensitivity_20260826_153906","2026-08-26T15:39:06.2831112Z","Baseline","Baseline","No parameter change","Baseline","Player_03","Holy","FALSE","0.709055","0.560051","0.149004","0.060339","0.13866","0.090927","0.709055","Weapon_Staff","Weapon_Staff","Boss_IceDragon","Boss_AncientCultLeader","Region_MonasteryRuins","Region_MonasteryRuins","FALSE","FALSE"
"PCG_VFX_OAT_Sensitivity_20260826_153906","2026-08-26T15:39:06.2831112Z","Baseline","Baseline","No parameter change","Baseline","Player_04","Neutral","TRUE","0.376074","0.012291","0.376074","0.363783","0.124286","0.064395","0.122309","Weapon_Sword","Weapon_Bow","Boss_StarGiant","Boss_StarGiant","Region_ForestRuins","Region_ForestRuins","FALSE","FALSE"
"PCG_VFX_OAT_Sensitivity_20260826_153906","2026-08-26T15:39:06.2831112Z","Baseline","Baseline","No parameter change","Baseline","Player_05","Neutral","TRUE","0.233309","0.113173","0.06656","0.233309","0.120135","0","0.029996","Weapon_Dagger","Weapon_Staff","Boss_Goblin","Boss_Goblin","","","FALSE","FALSE"
"PCG_VFX_OAT_Sensitivity_20260826_153906","2026-08-26T15:39:06.2831112Z","Baseline","Baseline","No parameter change","Baseline","Player_06","Ocean","FALSE","0.606793","0.418165","0.09991","0.102251","0.035","0.606793","0.188629","Weapon_Staff","Weapon_Staff","Boss_SeaTurtle","Boss_SeaTurtle","Region_OceanRuins","Region_OceanRuins","FALSE","FALSE"
"PCG_VFX_OAT_Sensitivity_20260826_153906","2026-08-26T15:39:06.2831112Z","Baseline","Baseline","No parameter change","Baseline","Player_07","Galaxy","FALSE","0.665976","0.459489","0.163203","0.037094","0.665976","0.065142","0.206488","Weapon_Hammer","Weapon_Hammer","Boss_IceDragon","Boss_StarGiant","Region_SkyRuins","Region_SkyRuins","FALSE","FALSE"
"PCG_VFX_OAT_Sensitivity_20260826_153906","2026-08-26T15:39:06.2831112Z","Baseline","Baseline","No parameter change","Baseline","Player_08","Neutral","TRUE","0.461292","0.110681","0.350611","0.461292","0.014207","0.050012","0.110945","Weapon_Sword","Weapon_Sword","Boss_Goblin","Boss_Goblin","Region_ForestRuins","Region_ForestRuins","FALSE","FALSE"
"PCG_VFX_OAT_Sensitivity_20260826_153906","2026-08-26T15:39:06.2831112Z","Baseline","Baseline","No parameter change","Baseline","Player_09","Neutral","TRUE","0.173111","0.032705","0.130808","0.005832","0.173111","0.140407","0.086506","Weapon_Axe","Weapon_Axe","Boss_StarGiant","Boss_StarGiant","","","FALSE","FALSE"
"PCG_VFX_OAT_Sensitivity_20260826_153906","2026-08-26T15:39:06.2831112Z","Baseline","Baseline","No parameter change","Baseline","Player_10","Neutral","TRUE","0.278225","0.025242","0.278225","0.148437","0.174857","0.252983","0.245448","Weapon_Sword","Weapon_Axe","Boss_IceDragon","Boss_SeaTurtle","Region_OceanRuins","Region_MonasteryRuins","FALSE","FALSE"
"PCG_VFX_OAT_Sensitivity_20260826_153906","2026-08-26T15:39:06.2831112Z","Baseline","Baseline","No parameter change","Baseline","Player_11","Forest","FALSE","0.581922","0.43414","0.042463","0.581922","0.109928","0.147782","0.127011","Weapon_Dagger","Weapon_Staff","Boss_SeaTurtle","Boss_SeaTurtle","Region_ForestRuins","Region_ForestRuins","FALSE","FALSE"
"PCG_VFX_OAT_Sensitivity_20260826_153906","2026-08-26T15:39:06.2831112Z","Baseline","Baseline","No parameter change","Baseline","Player_12","Neutral","TRUE","0.266808","0.122564","0.144244","0.266808","0.038949","0","0","Weapon_Sword","Weapon_Sword","Boss_Goblin","Boss_Goblin","","","FALSE","FALSE"
"PCG_VFX_OAT_Sensitivity_20260826_153906","2026-08-26T15:39:06.2831112Z","WeaponChoiceShareWeight_Minus10Percent","Weapon slot score weights","WeaponChoiceShareWeight","Minus10Percent","Player_01","Ice","FALSE","0.626786","0.440982","0.626786","0.185805","0","0.13648","0.138976","Weapon_Bow","Weapon_Bow","Boss_IceDragon","Boss_SeaTurtle","Region_SnowfieldRuins","Region_SnowfieldRuins","FALSE","FALSE"
"PCG_VFX_OAT_Sensitivity_20260826_153906","2026-08-26T15:39:06.2831112Z","WeaponChoiceShareWeight_Minus10Percent","Weapon slot score weights","WeaponChoiceShareWeight","Minus10Percent","Player_02","Galaxy","FALSE","0.655575","0.483497","0.053154","0.080897","0.655575","0.172078","0.140796","Weapon_Axe","Weapon_Axe","Boss_StarGiant","Boss_StarGiant","Region_SkyRuins","Region_SkyRuins","FALSE","FALSE"
"PCG_VFX_OAT_Sensitivity_20260826_153906","2026-08-26T15:39:06.2831112Z","WeaponChoiceShareWeight_Minus10Percent","Weapon slot score weights","WeaponChoiceShareWeight","Minus10Percent","Player_03","Holy","FALSE","0.707158","0.55777","0.149388","0.060906","0.138947","0.091585","0.707158","Weapon_Staff","Weapon_Staff","Boss_IceDragon","Boss_AncientCultLeader","Region_MonasteryRuins","Region_MonasteryRuins","FALSE","FALSE"
"PCG_VFX_OAT_Sensitivity_20260826_153906","2026-08-26T15:39:06.2831112Z","WeaponChoiceShareWeight_Minus10Percent","Weapon slot score weights","WeaponChoiceShareWeight","Minus10Percent","Player_04","Neutral","TRUE","0.37589","0.012217","0.37589","0.363673","0.124464","0.064405","0.122415","Weapon_Sword","Weapon_Bow","Boss_StarGiant","Boss_StarGiant","Region_ForestRuins","Region_ForestRuins","FALSE","FALSE"
"PCG_VFX_OAT_Sensitivity_20260826_153906","2026-08-26T15:39:06.2831112Z","WeaponChoiceShareWeight_Minus10Percent","Weapon slot score weights","WeaponChoiceShareWeight","Minus10Percent","Player_05","Neutral","TRUE","0.233515","0.114054","0.066739","0.233515","0.11946","0","0.030286","Weapon_Dagger","Weapon_Staff","Boss_Goblin","Boss_Goblin","","","FALSE","FALSE"
"PCG_VFX_OAT_Sensitivity_20260826_153906","2026-08-26T15:39:06.2831112Z","WeaponChoiceShareWeight_Minus10Percent","Weapon slot score weights","WeaponChoiceShareWeight","Minus10Percent","Player_06","Ocean","FALSE","0.606641","0.418078","0.100031","0.102251","0.035096","0.606641","0.188563","Weapon_Staff","Weapon_Staff","Boss_SeaTurtle","Boss_SeaTurtle","Region_OceanRuins","Region_OceanRuins","FALSE","FALSE"
"PCG_VFX_OAT_Sensitivity_20260826_153906","2026-08-26T15:39:06.2831112Z","WeaponChoiceShareWeight_Minus10Percent","Weapon slot score weights","WeaponChoiceShareWeight","Minus10Percent","Player_07","Galaxy","FALSE","0.665678","0.459819","0.163538","0.037331","0.665678","0.065497","0.205859","Weapon_Hammer","Weapon_Dagger","Boss_IceDragon","Boss_StarGiant","Region_SkyRuins","Region_SkyRuins","FALSE","FALSE"
"PCG_VFX_OAT_Sensitivity_20260826_153906","2026-08-26T15:39:06.2831112Z","WeaponChoiceShareWeight_Minus10Percent","Weapon slot score weights","WeaponChoiceShareWeight","Minus10Percent","Player_08","Neutral","TRUE","0.461619","0.112239","0.34938","0.461619","0.01445","0.050456","0.111162","Weapon_Sword","Weapon_Sword","Boss_Goblin","Boss_Goblin","Region_ForestRuins","Region_ForestRuins","FALSE","FALSE"
"PCG_VFX_OAT_Sensitivity_20260826_153906","2026-08-26T15:39:06.2831112Z","WeaponChoiceShareWeight_Minus10Percent","Weapon slot score weights","WeaponChoiceShareWeight","Minus10Percent","Player_09","Neutral","TRUE","0.173557","0.034262","0.131052","0.005832","0.173557","0.139294","0.086929","Weapon_Axe","Weapon_Axe","Boss_StarGiant","Boss_StarGiant","","","FALSE","FALSE"
"PCG_VFX_OAT_Sensitivity_20260826_153906","2026-08-26T15:39:06.2831112Z","WeaponChoiceShareWeight_Minus10Percent","Weapon slot score weights","WeaponChoiceShareWeight","Minus10Percent","Player_10","Neutral","TRUE","0.278225","0.025242","0.278225","0.148437","0.174857","0.252983","0.245448","Weapon_Sword","Weapon_Axe","Boss_IceDragon","Boss_SeaTurtle","Region_OceanRuins","Region_MonasteryRuins","FALSE","FALSE"
"PCG_VFX_OAT_Sensitivity_20260826_153906","2026-08-26T15:39:06.2831112Z","WeaponChoiceShareWeight_Minus10Percent","Weapon slot score weights","WeaponChoiceShareWeight","Minus10Percent","Player_11","Forest","FALSE","0.581887","0.434105","0.042366","0.581887","0.109744","0.147782","0.127327","Weapon_Dagger","Weapon_Staff","Boss_SeaTurtle","Boss_SeaTurtle","Region_ForestRuins","Region_ForestRuins","FALSE","FALSE"
"PCG_VFX_OAT_Sensitivity_20260826_153906","2026-08-26T15:39:06.2831112Z","WeaponChoiceShareWeight_Minus10Percent","Weapon slot score weights","WeaponChoiceShareWeight","Minus10Percent","Player_12","Neutral","TRUE","0.267179","0.123331","0.143848","0.267179","0.038972","0","0","Weapon_Sword","Weapon_Sword","Boss_Goblin","Boss_Goblin","","","FALSE","FALSE"
"PCG_VFX_OAT_Sensitivity_20260826_153906","2026-08-26T15:39:06.2831112Z","WeaponChoiceShareWeight_Plus10Percent","Weapon slot score weights","WeaponChoiceShareWeight","Plus10Percent","Player_01","Ice","FALSE","0.625548","0.435692","0.625548","0.189856","0","0.13502","0.137622","Weapon_Bow","Weapon_Bow","Boss_IceDragon","Boss_SeaTurtle","Region_SnowfieldRuins","Region_SnowfieldRuins","FALSE","FALSE"
"PCG_VFX_OAT_Sensitivity_20260826_153906","2026-08-26T15:39:06.2831112Z","WeaponChoiceShareWeight_Plus10Percent","Weapon slot score weights","WeaponChoiceShareWeight","Plus10Percent","Player_02","Galaxy","FALSE","0.654008","0.477993","0.052287","0.079692","0.654008","0.176015","0.140498","Weapon_Axe","Weapon_Axe","Boss_StarGiant","Boss_StarGiant","Region_SkyRuins","Region_SkyRuins","FALSE","FALSE"
"PCG_VFX_OAT_Sensitivity_20260826_153906","2026-08-26T15:39:06.2831112Z","WeaponChoiceShareWeight_Plus10Percent","Weapon slot score weights","WeaponChoiceShareWeight","Plus10Percent","Player_03","Holy","FALSE","0.710798","0.562148","0.14865","0.059819","0.138396","0.090322","0.710798","Weapon_Staff","Weapon_Staff","Boss_IceDragon","Boss_AncientCultLeader","Region_MonasteryRuins","Region_MonasteryRuins","FALSE","FALSE"
"PCG_VFX_OAT_Sensitivity_20260826_153906","2026-08-26T15:39:06.2831112Z","WeaponChoiceShareWeight_Plus10Percent","Weapon slot score weights","WeaponChoiceShareWeight","Plus10Percent","Player_04","Neutral","TRUE","0.376245","0.01236","0.376245","0.363886","0.12412","0.064386","0.12221","Weapon_Sword","Weapon_Bow","Boss_StarGiant","Boss_StarGiant","Region_ForestRuins","Region_ForestRuins","FALSE","FALSE"
"PCG_VFX_OAT_Sensitivity_20260826_153906","2026-08-26T15:39:06.2831112Z","WeaponChoiceShareWeight_Plus10Percent","Weapon slot score weights","WeaponChoiceShareWeight","Plus10Percent","Player_05","Neutral","TRUE","0.233119","0.112364","0.066395","0.233119","0.120756","0","0.02973","Weapon_Dagger","Weapon_Staff","Boss_Goblin","Boss_Goblin","","","FALSE","FALSE"
"PCG_VFX_OAT_Sensitivity_20260826_153906","2026-08-26T15:39:06.2831112Z","WeaponChoiceShareWeight_Plus10Percent","Weapon slot score weights","WeaponChoiceShareWeight","Plus10Percent","Player_06","Ocean","FALSE","0.606933","0.418244","0.099799","0.102251","0.034912","0.606933","0.188688","Weapon_Staff","Weapon_Staff","Boss_SeaTurtle","Boss_SeaTurtle","Region_OceanRuins","Region_OceanRuins","FALSE","FALSE"
"PCG_VFX_OAT_Sensitivity_20260826_153906","2026-08-26T15:39:06.2831112Z","WeaponChoiceShareWeight_Plus10Percent","Weapon slot score weights","WeaponChoiceShareWeight","Plus10Percent","Player_07","Galaxy","FALSE","0.666251","0.459185","0.162895","0.036877","0.666251","0.064816","0.207065","Weapon_Hammer","Weapon_Hammer","Boss_IceDragon","Boss_StarGiant","Region_SkyRuins","Region_SkyRuins","FALSE","FALSE"
"PCG_VFX_OAT_Sensitivity_20260826_153906","2026-08-26T15:39:06.2831112Z","WeaponChoiceShareWeight_Plus10Percent","Weapon slot score weights","WeaponChoiceShareWeight","Plus10Percent","Player_08","Neutral","TRUE","0.460991","0.109248","0.351743","0.460991","0.013984","0.049604","0.110746","Weapon_Sword","Weapon_Sword","Boss_Goblin","Boss_Goblin","Region_ForestRuins","Region_ForestRuins","FALSE","FALSE"
"PCG_VFX_OAT_Sensitivity_20260826_153906","2026-08-26T15:39:06.2831112Z","WeaponChoiceShareWeight_Plus10Percent","Weapon slot score weights","WeaponChoiceShareWeight","Plus10Percent","Player_09","Neutral","TRUE","0.172702","0.031273","0.130583","0.005832","0.172702","0.141429","0.086117","Weapon_Axe","Weapon_Axe","Boss_StarGiant","Boss_StarGiant","","","FALSE","FALSE"
"PCG_VFX_OAT_Sensitivity_20260826_153906","2026-08-26T15:39:06.2831112Z","WeaponChoiceShareWeight_Plus10Percent","Weapon slot score weights","WeaponChoiceShareWeight","Plus10Percent","Player_10","Neutral","TRUE","0.278225","0.025242","0.278225","0.148437","0.174857","0.252983","0.245448","Weapon_Sword","Weapon_Axe","Boss_IceDragon","Boss_SeaTurtle","Region_OceanRuins","Region_MonasteryRuins","FALSE","FALSE"
"PCG_VFX_OAT_Sensitivity_20260826_153906","2026-08-26T15:39:06.2831112Z","WeaponChoiceShareWeight_Plus10Percent","Weapon slot score weights","WeaponChoiceShareWeight","Plus10Percent","Player_11","Forest","FALSE","0.581954","0.434172","0.042554","0.581954","0.110098","0.147782","0.126718","Weapon_Dagger","Weapon_Staff","Boss_SeaTurtle","Boss_SeaTurtle","Region_ForestRuins","Region_ForestRuins","FALSE","FALSE"
"PCG_VFX_OAT_Sensitivity_20260826_153906","2026-08-26T15:39:06.2831112Z","WeaponChoiceShareWeight_Plus10Percent","Weapon slot score weights","WeaponChoiceShareWeight","Plus10Percent","Player_12","Neutral","TRUE","0.266468","0.121863","0.144605","0.266468","0.038927","0","0","Weapon_Sword","Weapon_Sword","Boss_Goblin","Boss_Goblin","","","FALSE","FALSE"
"PCG_VFX_OAT_Sensitivity_20260826_153906","2026-08-26T15:39:06.2831112Z","WeaponUseRateWeight_Minus10Percent","Weapon slot score weights","WeaponUseRateWeight","Minus10Percent","Player_01","Ice","FALSE","0.625415","0.435026","0.625415","0.190389","0","0.134793","0.13745","Weapon_Bow","Weapon_Bow","Boss_IceDragon","Boss_SeaTurtle","Region_SnowfieldRuins","Region_SnowfieldRuins","FALSE","FALSE"
"PCG_VFX_OAT_Sensitivity_20260826_153906","2026-08-26T15:39:06.2831112Z","WeaponUseRateWeight_Minus10Percent","Weapon slot score weights","WeaponUseRateWeight","Minus10Percent","Player_02","Galaxy","FALSE","0.653835","0.477397","0.052241","0.079459","0.653835","0.176438","0.140527","Weapon_Axe","Weapon_Axe","Boss_StarGiant","Boss_StarGiant","Region_SkyRuins","Region_SkyRuins","FALSE","FALSE"
"PCG_VFX_OAT_Sensitivity_20260826_153906","2026-08-26T15:39:06.2831112Z","WeaponUseRateWeight_Minus10Percent","Weapon slot score weights","WeaponUseRateWeight","Minus10Percent","Player_03","Holy","FALSE","0.71129","0.562641","0.148649","0.059637","0.138317","0.090091","0.71129","Weapon_Staff","Weapon_Staff","Boss_IceDragon","Boss_AncientCultLeader","Region_MonasteryRuins","Region_MonasteryRuins","FALSE","FALSE"
"PCG_VFX_OAT_Sensitivity_20260826_153906","2026-08-26T15:39:06.2831112Z","WeaponUseRateWeight_Minus10Percent","Weapon slot score weights","WeaponUseRateWeight","Minus10Percent","Player_04","Neutral","TRUE","0.376192","0.012342","0.376192","0.36385","0.124078","0.064494","0.122233","Weapon_Sword","Weapon_Bow","Boss_StarGiant","Boss_StarGiant","Region_ForestRuins","Region_ForestRuins","FALSE","FALSE"
"PCG_VFX_OAT_Sensitivity_20260826_153906","2026-08-26T15:39:06.2831112Z","WeaponUseRateWeight_Minus10Percent","Weapon slot score weights","WeaponUseRateWeight","Minus10Percent","Player_05","Neutral","TRUE","0.233106","0.112118","0.066273","0.233106","0.120988","0","0.029633","Weapon_Dagger","Weapon_Staff","Boss_Goblin","Boss_Goblin","","","FALSE","FALSE"
"PCG_VFX_OAT_Sensitivity_20260826_153906","2026-08-26T15:39:06.2831112Z","WeaponUseRateWeight_Minus10Percent","Weapon slot score weights","WeaponUseRateWeight","Minus10Percent","Player_06","Ocean","FALSE","0.60689","0.418038","0.099712","0.102251","0.034879","0.60689","0.188852","Weapon_Staff","Weapon_Staff","Boss_SeaTurtle","Boss_SeaTurtle","Region_OceanRuins","Region_OceanRuins","FALSE","FALSE"
"PCG_VFX_OAT_Sensitivity_20260826_153906","2026-08-26T15:39:06.2831112Z","WeaponUseRateWeight_Minus10Percent","Weapon slot score weights","WeaponUseRateWeight","Minus10Percent","Player_07","Galaxy","FALSE","0.666371","0.459063","0.162784","0.036778","0.666371","0.064661","0.207308","Weapon_Hammer","Weapon_Hammer","Boss_IceDragon","Boss_StarGiant","Region_SkyRuins","Region_SkyRuins","FALSE","FALSE"
"PCG_VFX_OAT_Sensitivity_20260826_153906","2026-08-26T15:39:06.2831112Z","WeaponUseRateWeight_Minus10Percent","Weapon slot score weights","WeaponUseRateWeight","Minus10Percent","Player_08","Neutral","TRUE","0.460872","0.108708","0.352164","0.460872","0.013905","0.049422","0.110704","Weapon_Sword","Weapon_Sword","Boss_Goblin","Boss_Goblin","Region_ForestRuins","Region_ForestRuins","FALSE","FALSE"
"PCG_VFX_OAT_Sensitivity_20260826_153906","2026-08-26T15:39:06.2831112Z","WeaponUseRateWeight_Minus10Percent","Weapon slot score weights","WeaponUseRateWeight","Minus10Percent","Player_09","Neutral","TRUE","0.17257","0.030837","0.130542","0.005832","0.17257","0.141733","0.085988","Weapon_Axe","Weapon_Axe","Boss_StarGiant","Boss_StarGiant","","","FALSE","FALSE"
"PCG_VFX_OAT_Sensitivity_20260826_153906","2026-08-26T15:39:06.2831112Z","WeaponUseRateWeight_Minus10Percent","Weapon slot score weights","WeaponUseRateWeight","Minus10Percent","Player_10","Neutral","TRUE","0.278225","0.025242","0.278225","0.148437","0.174857","0.252983","0.245448","Weapon_Sword","Weapon_Axe","Boss_IceDragon","Boss_SeaTurtle","Region_OceanRuins","Region_MonasteryRuins","FALSE","FALSE"
"PCG_VFX_OAT_Sensitivity_20260826_153906","2026-08-26T15:39:06.2831112Z","WeaponUseRateWeight_Minus10Percent","Weapon slot score weights","WeaponUseRateWeight","Minus10Percent","Player_11","Forest","FALSE","0.582007","0.434225","0.042622","0.582007","0.110078","0.147782","0.126617","Weapon_Dagger","Weapon_Staff","Boss_SeaTurtle","Boss_SeaTurtle","Region_ForestRuins","Region_ForestRuins","FALSE","FALSE"
"PCG_VFX_OAT_Sensitivity_20260826_153906","2026-08-26T15:39:06.2831112Z","WeaponUseRateWeight_Minus10Percent","Weapon slot score weights","WeaponUseRateWeight","Minus10Percent","Player_12","Neutral","TRUE","0.266177","0.12109","0.145087","0.266177","0.038735","0","0","Weapon_Sword","Weapon_Sword","Boss_Goblin","Boss_Goblin","","","FALSE","FALSE"
"PCG_VFX_OAT_Sensitivity_20260826_153906","2026-08-26T15:39:06.2831112Z","WeaponUseRateWeight_Plus10Percent","Weapon slot score weights","WeaponUseRateWeight","Plus10Percent","Player_01","Ice","FALSE","0.626805","0.441149","0.626805","0.185656","0","0.136566","0.13902","Weapon_Bow","Weapon_Bow","Boss_IceDragon","Boss_SeaTurtle","Region_SnowfieldRuins","Region_SnowfieldRuins","FALSE","FALSE"
"PCG_VFX_OAT_Sensitivity_20260826_153906","2026-08-26T15:39:06.2831112Z","WeaponUseRateWeight_Plus10Percent","Weapon slot score weights","WeaponUseRateWeight","Plus10Percent","Player_02","Galaxy","FALSE","0.6556","0.483574","0.053123","0.081008","0.6556","0.172025","0.140745","Weapon_Axe","Weapon_Axe","Boss_StarGiant","Boss_StarGiant","Region_SkyRuins","Region_SkyRuins","FALSE","FALSE"
"PCG_VFX_OAT_Sensitivity_20260826_153906","2026-08-26T15:39:06.2831112Z","WeaponUseRateWeight_Plus10Percent","Weapon slot score weights","WeaponUseRateWeight","Plus10Percent","Player_03","Holy","FALSE","0.707017","0.55769","0.149327","0.06098","0.138972","0.091688","0.707017","Weapon_Staff","Weapon_Staff","Boss_IceDragon","Boss_AncientCultLeader","Region_MonasteryRuins","Region_MonasteryRuins","FALSE","FALSE"
"PCG_VFX_OAT_Sensitivity_20260826_153906","2026-08-26T15:39:06.2831112Z","WeaponUseRateWeight_Plus10Percent","Weapon slot score weights","WeaponUseRateWeight","Plus10Percent","Player_04","Neutral","TRUE","0.375968","0.012245","0.375968","0.363723","0.124473","0.064306","0.122377","Weapon_Sword","Weapon_Bow","Boss_StarGiant","Boss_StarGiant","Region_ForestRuins","Region_ForestRuins","FALSE","FALSE"
"PCG_VFX_OAT_Sensitivity_20260826_153906","2026-08-26T15:39:06.2831112Z","WeaponUseRateWeight_Plus10Percent","Weapon slot score weights","WeaponUseRateWeight","Plus10Percent","Player_05","Neutral","TRUE","0.233493","0.114136","0.066822","0.233493","0.119358","0","0.030327","Weapon_Dagger","Weapon_Staff","Boss_Goblin","Boss_Goblin","","","FALSE","FALSE"
"PCG_VFX_OAT_Sensitivity_20260826_153906","2026-08-26T15:39:06.2831112Z","WeaponUseRateWeight_Plus10Percent","Weapon slot score weights","WeaponUseRateWeight","Plus10Percent","Player_06","Ocean","FALSE","0.606705","0.41828","0.100091","0.102251","0.03511","0.606705","0.188425","Weapon_Staff","Weapon_Staff","Boss_SeaTurtle","Boss_SeaTurtle","Region_OceanRuins","Region_OceanRuins","FALSE","FALSE"
"PCG_VFX_OAT_Sensitivity_20260826_153906","2026-08-26T15:39:06.2831112Z","WeaponUseRateWeight_Plus10Percent","Weapon slot score weights","WeaponUseRateWeight","Plus10Percent","Player_07","Galaxy","FALSE","0.665617","0.459877","0.163584","0.037382","0.665617","0.065581","0.20574","Weapon_Hammer","Weapon_Dagger","Boss_IceDragon","Boss_StarGiant","Region_SkyRuins","Region_SkyRuins","FALSE","FALSE"
"PCG_VFX_OAT_Sensitivity_20260826_153906","2026-08-26T15:39:06.2831112Z","WeaponUseRateWeight_Plus10Percent","Weapon slot score weights","WeaponUseRateWeight","Plus10Percent","Player_08","Neutral","TRUE","0.461674","0.112479","0.349196","0.461674","0.014483","0.050549","0.111165","Weapon_Sword","Weapon_Sword","Boss_Goblin","Boss_Goblin","Region_ForestRuins","Region_ForestRuins","FALSE","FALSE"
"PCG_VFX_OAT_Sensitivity_20260826_153906","2026-08-26T15:39:06.2831112Z","WeaponUseRateWeight_Plus10Percent","Weapon slot score weights","WeaponUseRateWeight","Plus10Percent","Player_09","Neutral","TRUE","0.173605","0.034407","0.13105","0.005832","0.173605","0.139198","0.086979","Weapon_Axe","Weapon_Axe","Boss_StarGiant","Boss_StarGiant","","","FALSE","FALSE"
"PCG_VFX_OAT_Sensitivity_20260826_153906","2026-08-26T15:39:06.2831112Z","WeaponUseRateWeight_Plus10Percent","Weapon slot score weights","WeaponUseRateWeight","Plus10Percent","Player_10","Neutral","TRUE","0.278225","0.025242","0.278225","0.148437","0.174857","0.252983","0.245448","Weapon_Sword","Weapon_Axe","Boss_IceDragon","Boss_SeaTurtle","Region_OceanRuins","Region_MonasteryRuins","FALSE","FALSE"
"PCG_VFX_OAT_Sensitivity_20260826_153906","2026-08-26T15:39:06.2831112Z","WeaponUseRateWeight_Plus10Percent","Weapon slot score weights","WeaponUseRateWeight","Plus10Percent","Player_11","Forest","FALSE","0.581845","0.434063","0.04232","0.581845","0.109793","0.147782","0.127367","Weapon_Dagger","Weapon_Staff","Boss_SeaTurtle","Boss_SeaTurtle","Region_ForestRuins","Region_ForestRuins","FALSE","FALSE"
"PCG_VFX_OAT_Sensitivity_20260826_153906","2026-08-26T15:39:06.2831112Z","WeaponUseRateWeight_Plus10Percent","Weapon slot score weights","WeaponUseRateWeight","Plus10Percent","Player_12","Neutral","TRUE","0.267387","0.123919","0.143468","0.267387","0.039145","0","0","Weapon_Sword","Weapon_Sword","Boss_Goblin","Boss_Goblin","","","FALSE","FALSE"
"PCG_VFX_OAT_Sensitivity_20260826_153906","2026-08-26T15:39:06.2831112Z","WeaponInvestmentShareWeight_Minus10Percent","Weapon slot score weights","WeaponInvestmentShareWeight","Minus10Percent","Player_01","Ice","FALSE","0.626216","0.438639","0.626216","0.187577","0","0.135876","0.138378","Weapon_Bow","Weapon_Bow","Boss_IceDragon","Boss_SeaTurtle","Region_SnowfieldRuins","Region_SnowfieldRuins","FALSE","FALSE"
"PCG_VFX_OAT_Sensitivity_20260826_153906","2026-08-26T15:39:06.2831112Z","WeaponInvestmentShareWeight_Minus10Percent","Weapon slot score weights","WeaponInvestmentShareWeight","Minus10Percent","Player_02","Galaxy","FALSE","0.654858","0.480968","0.05271","0.080442","0.654858","0.17389","0.1406","Weapon_Axe","Weapon_Axe","Boss_StarGiant","Boss_StarGiant","Region_SkyRuins","Region_SkyRuins","FALSE","FALSE"
"PCG_VFX_OAT_Sensitivity_20260826_153906","2026-08-26T15:39:06.2831112Z","WeaponInvestmentShareWeight_Minus10Percent","Weapon slot score weights","WeaponInvestmentShareWeight","Minus10Percent","Player_03","Holy","FALSE","0.708736","0.559763","0.148973","0.060468","0.138712","0.091094","0.708736","Weapon_Staff","Weapon_Staff","Boss_IceDragon","Boss_AncientCultLeader","Region_MonasteryRuins","Region_MonasteryRuins","FALSE","FALSE"
"PCG_VFX_OAT_Sensitivity_20260826_153906","2026-08-26T15:39:06.2831112Z","WeaponInvestmentShareWeight_Minus10Percent","Weapon slot score weights","WeaponInvestmentShareWeight","Minus10Percent","Player_04","Neutral","TRUE","0.376141","0.012314","0.376141","0.363827","0.124311","0.06429","0.122278","Weapon_Sword","Weapon_Bow","Boss_StarGiant","Boss_StarGiant","Region_ForestRuins","Region_ForestRuins","FALSE","FALSE"
"PCG_VFX_OAT_Sensitivity_20260826_153906","2026-08-26T15:39:06.2831112Z","WeaponInvestmentShareWeight_Minus10Percent","Weapon slot score weights","WeaponInvestmentShareWeight","Minus10Percent","Player_05","Neutral","TRUE","0.233305","0.113338","0.066664","0.233305","0.119966","0","0.030066","Weapon_Dagger","Weapon_Staff","Boss_Goblin","Boss_Goblin","","","FALSE","FALSE"
"PCG_VFX_OAT_Sensitivity_20260826_153906","2026-08-26T15:39:06.2831112Z","WeaponInvestmentShareWeight_Minus10Percent","Weapon slot score weights","WeaponInvestmentShareWeight","Minus10Percent","Player_06","Ocean","FALSE","0.606847","0.418371","0.099985","0.102251","0.035024","0.606847","0.188476","Weapon_Staff","Weapon_Staff","Boss_SeaTurtle","Boss_SeaTurtle","Region_OceanRuins","Region_OceanRuins","FALSE","FALSE"
"PCG_VFX_OAT_Sensitivity_20260826_153906","2026-08-26T15:39:06.2831112Z","WeaponInvestmentShareWeight_Minus10Percent","Weapon slot score weights","WeaponInvestmentShareWeight","Minus10Percent","Player_07","Galaxy","FALSE","0.665885","0.45958","0.163282","0.037169","0.665885","0.065262","0.206305","Weapon_Hammer","Weapon_Hammer","Boss_IceDragon","Boss_StarGiant","Region_SkyRuins","Region_SkyRuins","FALSE","FALSE"
"PCG_VFX_OAT_Sensitivity_20260826_153906","2026-08-26T15:39:06.2831112Z","WeaponInvestmentShareWeight_Minus10Percent","Weapon slot score weights","WeaponInvestmentShareWeight","Minus10Percent","Player_08","Neutral","TRUE","0.46138","0.111074","0.350306","0.46138","0.014264","0.050151","0.110968","Weapon_Sword","Weapon_Sword","Boss_Goblin","Boss_Goblin","Region_ForestRuins","Region_ForestRuins","FALSE","FALSE"
"PCG_VFX_OAT_Sensitivity_20260826_153906","2026-08-26T15:39:06.2831112Z","WeaponInvestmentShareWeight_Minus10Percent","Weapon slot score weights","WeaponInvestmentShareWeight","Minus10Percent","Player_09","Neutral","TRUE","0.173202","0.032997","0.130828","0.005832","0.173202","0.140205","0.086597","Weapon_Axe","Weapon_Axe","Boss_StarGiant","Boss_StarGiant","","","FALSE","FALSE"
"PCG_VFX_OAT_Sensitivity_20260826_153906","2026-08-26T15:39:06.2831112Z","WeaponInvestmentShareWeight_Minus10Percent","Weapon slot score weights","WeaponInvestmentShareWeight","Minus10Percent","Player_10","Neutral","TRUE","0.278225","0.025242","0.278225","0.148437","0.174857","0.252983","0.245448","Weapon_Sword","Weapon_Axe","Boss_IceDragon","Boss_SeaTurtle","Region_OceanRuins","Region_MonasteryRuins","FALSE","FALSE"
"PCG_VFX_OAT_Sensitivity_20260826_153906","2026-08-26T15:39:06.2831112Z","WeaponInvestmentShareWeight_Minus10Percent","Weapon slot score weights","WeaponInvestmentShareWeight","Minus10Percent","Player_11","Forest","FALSE","0.581874","0.434092","0.042406","0.581874","0.109963","0.147782","0.127081","Weapon_Dagger","Weapon_Staff","Boss_SeaTurtle","Boss_SeaTurtle","Region_ForestRuins","Region_ForestRuins","FALSE","FALSE"
"PCG_VFX_OAT_Sensitivity_20260826_153906","2026-08-26T15:39:06.2831112Z","WeaponInvestmentShareWeight_Minus10Percent","Weapon slot score weights","WeaponInvestmentShareWeight","Minus10Percent","Player_12","Neutral","TRUE","0.26706","0.123252","0.143808","0.26706","0.039132","0","0","Weapon_Sword","Weapon_Sword","Boss_Goblin","Boss_Goblin","","","FALSE","FALSE"
"PCG_VFX_OAT_Sensitivity_20260826_153906","2026-08-26T15:39:06.2831112Z","WeaponInvestmentShareWeight_Plus10Percent","Weapon slot score weights","WeaponInvestmentShareWeight","Plus10Percent","Player_01","Ice","FALSE","0.626064","0.437806","0.626064","0.188259","0","0.135562","0.138162","Weapon_Bow","Weapon_Bow","Boss_IceDragon","Boss_SeaTurtle","Region_SnowfieldRuins","Region_SnowfieldRuins","FALSE","FALSE"
"PCG_VFX_OAT_Sensitivity_20260826_153906","2026-08-26T15:39:06.2831112Z","WeaponInvestmentShareWeight_Plus10Percent","Weapon slot score weights","WeaponInvestmentShareWeight","Plus10Percent","Player_02","Galaxy","FALSE","0.654661","0.480298","0.052696","0.0801","0.654661","0.174364","0.140681","Weapon_Axe","Weapon_Axe","Boss_StarGiant","Boss_StarGiant","Region_SkyRuins","Region_SkyRuins","FALSE","FALSE"
"PCG_VFX_OAT_Sensitivity_20260826_153906","2026-08-26T15:39:06.2831112Z","WeaponInvestmentShareWeight_Plus10Percent","Weapon slot score weights","WeaponInvestmentShareWeight","Plus10Percent","Player_03","Holy","FALSE","0.709366","0.560333","0.149033","0.060214","0.138609","0.090763","0.709366","Weapon_Staff","Weapon_Staff","Boss_IceDragon","Boss_AncientCultLeader","Region_MonasteryRuins","Region_MonasteryRuins","FALSE","FALSE"
"PCG_VFX_OAT_Sensitivity_20260826_153906","2026-08-26T15:39:06.2831112Z","WeaponInvestmentShareWeight_Plus10Percent","Weapon slot score weights","WeaponInvestmentShareWeight","Plus10Percent","Player_04","Neutral","TRUE","0.376009","0.012268","0.376009","0.363741","0.124261","0.064498","0.122339","Weapon_Sword","Weapon_Bow","Boss_StarGiant","Boss_StarGiant","Region_ForestRuins","Region_ForestRuins","FALSE","FALSE"
"PCG_VFX_OAT_Sensitivity_20260826_153906","2026-08-26T15:39:06.2831112Z","WeaponInvestmentShareWeight_Plus10Percent","Weapon slot score weights","WeaponInvestmentShareWeight","Plus10Percent","Player_05","Neutral","TRUE","0.233313","0.113012","0.066459","0.233313","0.120301","0","0.029928","Weapon_Dagger","Weapon_Staff","Boss_Goblin","Boss_Goblin","","","FALSE","FALSE"
"PCG_VFX_OAT_Sensitivity_20260826_153906","2026-08-26T15:39:06.2831112Z","WeaponInvestmentShareWeight_Plus10Percent","Weapon slot score weights","WeaponInvestmentShareWeight","Plus10Percent","Player_06","Ocean","FALSE","0.606741","0.417963","0.099838","0.102251","0.034976","0.606741","0.188777","Weapon_Staff","Weapon_Staff","Boss_SeaTurtle","Boss_SeaTurtle","Region_OceanRuins","Region_OceanRuins","FALSE","FALSE"
"PCG_VFX_OAT_Sensitivity_20260826_153906","2026-08-26T15:39:06.2831112Z","WeaponInvestmentShareWeight_Plus10Percent","Weapon slot score weights","WeaponInvestmentShareWeight","Plus10Percent","Player_07","Galaxy","FALSE","0.666066","0.4594","0.163126","0.03702","0.666066","0.065025","0.206666","Weapon_Hammer","Weapon_Hammer","Boss_IceDragon","Boss_StarGiant","Region_SkyRuins","Region_SkyRuins","FALSE","FALSE"
"PCG_VFX_OAT_Sensitivity_20260826_153906","2026-08-26T15:39:06.2831112Z","WeaponInvestmentShareWeight_Plus10Percent","Weapon slot score weights","WeaponInvestmentShareWeight","Plus10Percent","Player_08","Neutral","TRUE","0.461206","0.110297","0.350909","0.461206","0.014152","0.049877","0.110923","Weapon_Sword","Weapon_Sword","Boss_Goblin","Boss_Goblin","Region_ForestRuins","Region_ForestRuins","FALSE","FALSE"
"PCG_VFX_OAT_Sensitivity_20260826_153906","2026-08-26T15:39:06.2831112Z","WeaponInvestmentShareWeight_Plus10Percent","Weapon slot score weights","WeaponInvestmentShareWeight","Plus10Percent","Player_09","Neutral","TRUE","0.173022","0.032419","0.130789","0.005832","0.173022","0.140603","0.086418","Weapon_Axe","Weapon_Axe","Boss_StarGiant","Boss_StarGiant","","","FALSE","FALSE"
"PCG_VFX_OAT_Sensitivity_20260826_153906","2026-08-26T15:39:06.2831112Z","WeaponInvestmentShareWeight_Plus10Percent","Weapon slot score weights","WeaponInvestmentShareWeight","Plus10Percent","Player_10","Neutral","TRUE","0.278225","0.025242","0.278225","0.148437","0.174857","0.252983","0.245448","Weapon_Sword","Weapon_Axe","Boss_IceDragon","Boss_SeaTurtle","Region_OceanRuins","Region_MonasteryRuins","FALSE","FALSE"
"PCG_VFX_OAT_Sensitivity_20260826_153906","2026-08-26T15:39:06.2831112Z","WeaponInvestmentShareWeight_Plus10Percent","Weapon slot score weights","WeaponInvestmentShareWeight","Plus10Percent","Player_11","Forest","FALSE","0.581969","0.434187","0.04252","0.581969","0.109894","0.147782","0.126942","Weapon_Dagger","Weapon_Staff","Boss_SeaTurtle","Boss_SeaTurtle","Region_ForestRuins","Region_ForestRuins","FALSE","FALSE"
"PCG_VFX_OAT_Sensitivity_20260826_153906","2026-08-26T15:39:06.2831112Z","WeaponInvestmentShareWeight_Plus10Percent","Weapon slot score weights","WeaponInvestmentShareWeight","Plus10Percent","Player_12","Neutral","TRUE","0.266562","0.121893","0.144669","0.266562","0.038769","0","0","Weapon_Sword","Weapon_Sword","Boss_Goblin","Boss_Goblin","","","FALSE","FALSE"
"PCG_VFX_OAT_Sensitivity_20260826_153906","2026-08-26T15:39:06.2831112Z","BossDifficultyWeight_Minus10Percent","Boss base-value weights","BossDifficultyWeight","Minus10Percent","Player_01","Ice","FALSE","0.626066","0.438144","0.626066","0.187922","0","0.13579","0.138255","Weapon_Bow","Weapon_Bow","Boss_IceDragon","Boss_SeaTurtle","Region_SnowfieldRuins","Region_SnowfieldRuins","FALSE","FALSE"
"PCG_VFX_OAT_Sensitivity_20260826_153906","2026-08-26T15:39:06.2831112Z","BossDifficultyWeight_Minus10Percent","Boss base-value weights","BossDifficultyWeight","Minus10Percent","Player_02","Galaxy","FALSE","0.655135","0.481005","0.052703","0.079952","0.655135","0.17413","0.1407","Weapon_Axe","Weapon_Axe","Boss_StarGiant","Boss_StarGiant","Region_SkyRuins","Region_SkyRuins","FALSE","FALSE"
"PCG_VFX_OAT_Sensitivity_20260826_153906","2026-08-26T15:39:06.2831112Z","BossDifficultyWeight_Minus10Percent","Boss base-value weights","BossDifficultyWeight","Minus10Percent","Player_03","Holy","FALSE","0.709181","0.560312","0.148869","0.060339","0.138717","0.090898","0.709181","Weapon_Staff","Weapon_Staff","Boss_IceDragon","Boss_AncientCultLeader","Region_MonasteryRuins","Region_MonasteryRuins","FALSE","FALSE"
"PCG_VFX_OAT_Sensitivity_20260826_153906","2026-08-26T15:39:06.2831112Z","BossDifficultyWeight_Minus10Percent","Boss base-value weights","BossDifficultyWeight","Minus10Percent","Player_04","Neutral","TRUE","0.376009","0.012449","0.376009","0.36356","0.124619","0.064387","0.122346","Weapon_Sword","Weapon_Bow","Boss_StarGiant","Boss_StarGiant","Region_ForestRuins","Region_ForestRuins","FALSE","FALSE"
"PCG_VFX_OAT_Sensitivity_20260826_153906","2026-08-26T15:39:06.2831112Z","BossDifficultyWeight_Minus10Percent","Boss base-value weights","BossDifficultyWeight","Minus10Percent","Player_05","Neutral","TRUE","0.233309","0.113173","0.06656","0.233309","0.120135","0","0.029996","Weapon_Dagger","Weapon_Staff","Boss_Goblin","Boss_Goblin","","","FALSE","FALSE"
"PCG_VFX_OAT_Sensitivity_20260826_153906","2026-08-26T15:39:06.2831112Z","BossDifficultyWeight_Minus10Percent","Boss base-value weights","BossDifficultyWeight","Minus10Percent","Player_06","Ocean","FALSE","0.60707","0.418426","0.099926","0.102021","0.035","0.60707","0.188644","Weapon_Staff","Weapon_Staff","Boss_SeaTurtle","Boss_SeaTurtle","Region_OceanRuins","Region_OceanRuins","FALSE","FALSE"
"PCG_VFX_OAT_Sensitivity_20260826_153906","2026-08-26T15:39:06.2831112Z","BossDifficultyWeight_Minus10Percent","Boss base-value weights","BossDifficultyWeight","Minus10Percent","Player_07","Galaxy","FALSE","0.666233","0.459759","0.162973","0.037081","0.666233","0.065115","0.206474","Weapon_Hammer","Weapon_Hammer","Boss_IceDragon","Boss_StarGiant","Region_SkyRuins","Region_SkyRuins","FALSE","FALSE"
"PCG_VFX_OAT_Sensitivity_20260826_153906","2026-08-26T15:39:06.2831112Z","BossDifficultyWeight_Minus10Percent","Boss base-value weights","BossDifficultyWeight","Minus10Percent","Player_08","Neutral","TRUE","0.461292","0.110681","0.350611","0.461292","0.014207","0.050012","0.110945","Weapon_Sword","Weapon_Sword","Boss_Goblin","Boss_Goblin","Region_ForestRuins","Region_ForestRuins","FALSE","FALSE"
"PCG_VFX_OAT_Sensitivity_20260826_153906","2026-08-26T15:39:06.2831112Z","BossDifficultyWeight_Minus10Percent","Boss base-value weights","BossDifficultyWeight","Minus10Percent","Player_09","Neutral","TRUE","0.173367","0.032987","0.130579","0.005819","0.173367","0.14038","0.086493","Weapon_Axe","Weapon_Axe","Boss_StarGiant","Boss_StarGiant","","","FALSE","FALSE"
"PCG_VFX_OAT_Sensitivity_20260826_153906","2026-08-26T15:39:06.2831112Z","BossDifficultyWeight_Minus10Percent","Boss base-value weights","BossDifficultyWeight","Minus10Percent","Player_10","Neutral","TRUE","0.278144","0.02508","0.278144","0.148437","0.174857","0.253064","0.245433","Weapon_Sword","Weapon_Axe","Boss_IceDragon","Boss_SeaTurtle","Region_OceanRuins","Region_MonasteryRuins","FALSE","FALSE"
"PCG_VFX_OAT_Sensitivity_20260826_153906","2026-08-26T15:39:06.2831112Z","BossDifficultyWeight_Minus10Percent","Boss base-value weights","BossDifficultyWeight","Minus10Percent","Player_11","Forest","FALSE","0.581693","0.433636","0.042479","0.581693","0.109928","0.148057","0.127026","Weapon_Dagger","Weapon_Staff","Boss_SeaTurtle","Boss_SeaTurtle","Region_ForestRuins","Region_ForestRuins","FALSE","FALSE"
"PCG_VFX_OAT_Sensitivity_20260826_153906","2026-08-26T15:39:06.2831112Z","BossDifficultyWeight_Minus10Percent","Boss base-value weights","BossDifficultyWeight","Minus10Percent","Player_12","Neutral","TRUE","0.266808","0.122564","0.144244","0.266808","0.038949","0","0","Weapon_Sword","Weapon_Sword","Boss_Goblin","Boss_Goblin","","","FALSE","FALSE"
"PCG_VFX_OAT_Sensitivity_20260826_153906","2026-08-26T15:39:06.2831112Z","BossDifficultyWeight_Plus10Percent","Boss base-value weights","BossDifficultyWeight","Plus10Percent","Player_01","Ice","FALSE","0.626202","0.43828","0.626202","0.187922","0","0.135654","0.13828","Weapon_Bow","Weapon_Bow","Boss_IceDragon","Boss_SeaTurtle","Region_SnowfieldRuins","Region_SnowfieldRuins","FALSE","FALSE"
"PCG_VFX_OAT_Sensitivity_20260826_153906","2026-08-26T15:39:06.2831112Z","BossDifficultyWeight_Plus10Percent","Boss base-value weights","BossDifficultyWeight","Plus10Percent","Player_02","Galaxy","FALSE","0.654434","0.480305","0.052703","0.080542","0.654434","0.17413","0.14059","Weapon_Axe","Weapon_Axe","Boss_StarGiant","Boss_StarGiant","Region_SkyRuins","Region_SkyRuins","FALSE","FALSE"
"PCG_VFX_OAT_Sensitivity_20260826_153906","2026-08-26T15:39:06.2831112Z","BossDifficultyWeight_Plus10Percent","Boss base-value weights","BossDifficultyWeight","Plus10Percent","Player_03","Holy","FALSE","0.708946","0.559827","0.149119","0.060339","0.13861","0.090951","0.708946","Weapon_Staff","Weapon_Staff","Boss_IceDragon","Boss_AncientCultLeader","Region_MonasteryRuins","Region_MonasteryRuins","FALSE","FALSE"
"PCG_VFX_OAT_Sensitivity_20260826_153906","2026-08-26T15:39:06.2831112Z","BossDifficultyWeight_Plus10Percent","Boss base-value weights","BossDifficultyWeight","Plus10Percent","Player_04","Neutral","TRUE","0.37613","0.012155","0.37613","0.363975","0.124","0.064402","0.122277","Weapon_Sword","Weapon_Bow","Boss_StarGiant","Boss_StarGiant","Region_ForestRuins","Region_ForestRuins","FALSE","FALSE"
"PCG_VFX_OAT_Sensitivity_20260826_153906","2026-08-26T15:39:06.2831112Z","BossDifficultyWeight_Plus10Percent","Boss base-value weights","BossDifficultyWeight","Plus10Percent","Player_05","Neutral","TRUE","0.233309","0.113173","0.06656","0.233309","0.120135","0","0.029996","Weapon_Dagger","Weapon_Staff","Boss_Goblin","Boss_Goblin","","","FALSE","FALSE"
"PCG_VFX_OAT_Sensitivity_20260826_153906","2026-08-26T15:39:06.2831112Z","BossDifficultyWeight_Plus10Percent","Boss base-value weights","BossDifficultyWeight","Plus10Percent","Player_06","Ocean","FALSE","0.606556","0.417941","0.099897","0.102449","0.035","0.606556","0.188615","Weapon_Staff","Weapon_Staff","Boss_SeaTurtle","Boss_SeaTurtle","Region_OceanRuins","Region_OceanRuins","FALSE","FALSE"
"PCG_VFX_OAT_Sensitivity_20260826_153906","2026-08-26T15:39:06.2831112Z","BossDifficultyWeight_Plus10Percent","Boss base-value weights","BossDifficultyWeight","Plus10Percent","Player_07","Galaxy","FALSE","0.665755","0.459256","0.1634","0.037106","0.665755","0.065166","0.206499","Weapon_Hammer","Weapon_Hammer","Boss_IceDragon","Boss_StarGiant","Region_SkyRuins","Region_SkyRuins","FALSE","FALSE"
"PCG_VFX_OAT_Sensitivity_20260826_153906","2026-08-26T15:39:06.2831112Z","BossDifficultyWeight_Plus10Percent","Boss base-value weights","BossDifficultyWeight","Plus10Percent","Player_08","Neutral","TRUE","0.461292","0.110681","0.350611","0.461292","0.014207","0.050012","0.110945","Weapon_Sword","Weapon_Sword","Boss_Goblin","Boss_Goblin","Region_ForestRuins","Region_ForestRuins","FALSE","FALSE"
"PCG_VFX_OAT_Sensitivity_20260826_153906","2026-08-26T15:39:06.2831112Z","BossDifficultyWeight_Plus10Percent","Boss base-value weights","BossDifficultyWeight","Plus10Percent","Player_09","Neutral","TRUE","0.172891","0.032461","0.131005","0.005844","0.172891","0.14043","0.086518","Weapon_Axe","Weapon_Axe","Boss_StarGiant","Boss_StarGiant","","","FALSE","FALSE"
"PCG_VFX_OAT_Sensitivity_20260826_153906","2026-08-26T15:39:06.2831112Z","BossDifficultyWeight_Plus10Percent","Boss base-value weights","BossDifficultyWeight","Plus10Percent","Player_10","Neutral","TRUE","0.278295","0.025382","0.278295","0.148437","0.174857","0.252913","0.245461","Weapon_Sword","Weapon_Axe","Boss_IceDragon","Boss_SeaTurtle","Region_OceanRuins","Region_MonasteryRuins","FALSE","FALSE"
"PCG_VFX_OAT_Sensitivity_20260826_153906","2026-08-26T15:39:06.2831112Z","BossDifficultyWeight_Plus10Percent","Boss base-value weights","BossDifficultyWeight","Plus10Percent","Player_11","Forest","FALSE","0.582118","0.434572","0.04245","0.582118","0.109928","0.147547","0.126997","Weapon_Dagger","Weapon_Staff","Boss_SeaTurtle","Boss_SeaTurtle","Region_ForestRuins","Region_ForestRuins","FALSE","FALSE"
"PCG_VFX_OAT_Sensitivity_20260826_153906","2026-08-26T15:39:06.2831112Z","BossDifficultyWeight_Plus10Percent","Boss base-value weights","BossDifficultyWeight","Plus10Percent","Player_12","Neutral","TRUE","0.266808","0.122564","0.144244","0.266808","0.038949","0","0","Weapon_Sword","Weapon_Sword","Boss_Goblin","Boss_Goblin","","","FALSE","FALSE"
"PCG_VFX_OAT_Sensitivity_20260826_153906","2026-08-26T15:39:06.2831112Z","BossRarityWeight_Minus10Percent","Boss base-value weights","BossRarityWeight","Minus10Percent","Player_01","Ice","FALSE","0.626209","0.438287","0.626209","0.187922","0","0.135647","0.138282","Weapon_Bow","Weapon_Bow","Boss_IceDragon","Boss_SeaTurtle","Region_SnowfieldRuins","Region_SnowfieldRuins","FALSE","FALSE"
"PCG_VFX_OAT_Sensitivity_20260826_153906","2026-08-26T15:39:06.2831112Z","BossRarityWeight_Minus10Percent","Boss base-value weights","BossRarityWeight","Minus10Percent","Player_02","Galaxy","FALSE","0.654401","0.480272","0.052703","0.08057","0.654401","0.17413","0.140584","Weapon_Axe","Weapon_Axe","Boss_StarGiant","Boss_StarGiant","Region_SkyRuins","Region_SkyRuins","FALSE","FALSE"
"PCG_VFX_OAT_Sensitivity_20260826_153906","2026-08-26T15:39:06.2831112Z","BossRarityWeight_Minus10Percent","Boss base-value weights","BossRarityWeight","Minus10Percent","Player_03","Holy","FALSE","0.708935","0.559804","0.149131","0.060339","0.138605","0.090954","0.708935","Weapon_Staff","Weapon_Staff","Boss_IceDragon","Boss_AncientCultLeader","Region_MonasteryRuins","Region_MonasteryRuins","FALSE","FALSE"
"PCG_VFX_OAT_Sensitivity_20260826_153906","2026-08-26T15:39:06.2831112Z","BossRarityWeight_Minus10Percent","Boss base-value weights","BossRarityWeight","Minus10Percent","Player_04","Neutral","TRUE","0.376136","0.012141","0.376136","0.363995","0.12397","0.064402","0.122273","Weapon_Sword","Weapon_Bow","Boss_StarGiant","Boss_StarGiant","Region_ForestRuins","Region_ForestRuins","FALSE","FALSE"
"PCG_VFX_OAT_Sensitivity_20260826_153906","2026-08-26T15:39:06.2831112Z","BossRarityWeight_Minus10Percent","Boss base-value weights","BossRarityWeight","Minus10Percent","Player_05","Neutral","TRUE","0.233309","0.113173","0.06656","0.233309","0.120135","0","0.029996","Weapon_Dagger","Weapon_Staff","Boss_Goblin","Boss_Goblin","","","FALSE","FALSE"
"PCG_VFX_OAT_Sensitivity_20260826_153906","2026-08-26T15:39:06.2831112Z","BossRarityWeight_Minus10Percent","Boss base-value weights","BossRarityWeight","Minus10Percent","Player_06","Ocean","FALSE","0.606532","0.417918","0.099896","0.102469","0.035","0.606532","0.188614","Weapon_Staff","Weapon_Staff","Boss_SeaTurtle","Boss_SeaTurtle","Region_OceanRuins","Region_OceanRuins","FALSE","FALSE"
"PCG_VFX_OAT_Sensitivity_20260826_153906","2026-08-26T15:39:06.2831112Z","BossRarityWeight_Minus10Percent","Boss base-value weights","BossRarityWeight","Minus10Percent","Player_07","Galaxy","FALSE","0.665733","0.459232","0.163421","0.037107","0.665733","0.065168","0.2065","Weapon_Hammer","Weapon_Hammer","Boss_IceDragon","Boss_StarGiant","Region_SkyRuins","Region_SkyRuins","FALSE","FALSE"
"PCG_VFX_OAT_Sensitivity_20260826_153906","2026-08-26T15:39:06.2831112Z","BossRarityWeight_Minus10Percent","Boss base-value weights","BossRarityWeight","Minus10Percent","Player_08","Neutral","TRUE","0.461292","0.110681","0.350611","0.461292","0.014207","0.050012","0.110945","Weapon_Sword","Weapon_Sword","Boss_Goblin","Boss_Goblin","Region_ForestRuins","Region_ForestRuins","FALSE","FALSE"
"PCG_VFX_OAT_Sensitivity_20260826_153906","2026-08-26T15:39:06.2831112Z","BossRarityWeight_Minus10Percent","Boss base-value weights","BossRarityWeight","Minus10Percent","Player_09","Neutral","TRUE","0.172869","0.032436","0.131025","0.005845","0.172869","0.140432","0.086519","Weapon_Axe","Weapon_Axe","Boss_StarGiant","Boss_StarGiant","","","FALSE","FALSE"
"PCG_VFX_OAT_Sensitivity_20260826_153906","2026-08-26T15:39:06.2831112Z","BossRarityWeight_Minus10Percent","Boss base-value weights","BossRarityWeight","Minus10Percent","Player_10","Neutral","TRUE","0.278302","0.025397","0.278302","0.148437","0.174857","0.252906","0.245462","Weapon_Sword","Weapon_Axe","Boss_IceDragon","Boss_SeaTurtle","Region_OceanRuins","Region_MonasteryRuins","FALSE","FALSE"
"PCG_VFX_OAT_Sensitivity_20260826_153906","2026-08-26T15:39:06.2831112Z","BossRarityWeight_Minus10Percent","Boss base-value weights","BossRarityWeight","Minus10Percent","Player_11","Forest","FALSE","0.582138","0.434616","0.042449","0.582138","0.109928","0.147523","0.126996","Weapon_Dagger","Weapon_Staff","Boss_SeaTurtle","Boss_SeaTurtle","Region_ForestRuins","Region_ForestRuins","FALSE","FALSE"
"PCG_VFX_OAT_Sensitivity_20260826_153906","2026-08-26T15:39:06.2831112Z","BossRarityWeight_Minus10Percent","Boss base-value weights","BossRarityWeight","Minus10Percent","Player_12","Neutral","TRUE","0.266808","0.122564","0.144244","0.266808","0.038949","0","0","Weapon_Sword","Weapon_Sword","Boss_Goblin","Boss_Goblin","","","FALSE","FALSE"
"PCG_VFX_OAT_Sensitivity_20260826_153906","2026-08-26T15:39:06.2831112Z","BossRarityWeight_Plus10Percent","Boss base-value weights","BossRarityWeight","Plus10Percent","Player_01","Ice","FALSE","0.626073","0.438151","0.626073","0.187922","0","0.135783","0.138256","Weapon_Bow","Weapon_Bow","Boss_IceDragon","Boss_SeaTurtle","Region_SnowfieldRuins","Region_SnowfieldRuins","FALSE","FALSE"
"PCG_VFX_OAT_Sensitivity_20260826_153906","2026-08-26T15:39:06.2831112Z","BossRarityWeight_Plus10Percent","Boss base-value weights","BossRarityWeight","Plus10Percent","Player_02","Galaxy","FALSE","0.655098","0.480969","0.052703","0.079983","0.655098","0.17413","0.140695","Weapon_Axe","Weapon_Axe","Boss_StarGiant","Boss_StarGiant","Region_SkyRuins","Region_SkyRuins","FALSE","FALSE"
"PCG_VFX_OAT_Sensitivity_20260826_153906","2026-08-26T15:39:06.2831112Z","BossRarityWeight_Plus10Percent","Boss base-value weights","BossRarityWeight","Plus10Percent","Player_03","Holy","FALSE","0.709169","0.560286","0.148883","0.060339","0.138712","0.090901","0.709169","Weapon_Staff","Weapon_Staff","Boss_IceDragon","Boss_AncientCultLeader","Region_MonasteryRuins","Region_MonasteryRuins","FALSE","FALSE"
"PCG_VFX_OAT_Sensitivity_20260826_153906","2026-08-26T15:39:06.2831112Z","BossRarityWeight_Plus10Percent","Boss base-value weights","BossRarityWeight","Plus10Percent","Player_04","Neutral","TRUE","0.376015","0.012434","0.376015","0.363582","0.124586","0.064388","0.122342","Weapon_Sword","Weapon_Bow","Boss_StarGiant","Boss_StarGiant","Region_ForestRuins","Region_ForestRuins","FALSE","FALSE"
"PCG_VFX_OAT_Sensitivity_20260826_153906","2026-08-26T15:39:06.2831112Z","BossRarityWeight_Plus10Percent","Boss base-value weights","BossRarityWeight","Plus10Percent","Player_05","Neutral","TRUE","0.233309","0.113173","0.06656","0.233309","0.120135","0","0.029996","Weapon_Dagger","Weapon_Staff","Boss_Goblin","Boss_Goblin","","","FALSE","FALSE"
"PCG_VFX_OAT_Sensitivity_20260826_153906","2026-08-26T15:39:06.2831112Z","BossRarityWeight_Plus10Percent","Boss base-value weights","BossRarityWeight","Plus10Percent","Player_06","Ocean","FALSE","0.607043","0.4184","0.099924","0.102043","0.035","0.607043","0.188642","Weapon_Staff","Weapon_Staff","Boss_SeaTurtle","Boss_SeaTurtle","Region_OceanRuins","Region_OceanRuins","FALSE","FALSE"
"PCG_VFX_OAT_Sensitivity_20260826_153906","2026-08-26T15:39:06.2831112Z","BossRarityWeight_Plus10Percent","Boss base-value weights","BossRarityWeight","Plus10Percent","Player_07","Galaxy","FALSE","0.666208","0.459732","0.162996","0.037082","0.666208","0.065118","0.206475","Weapon_Hammer","Weapon_Hammer","Boss_IceDragon","Boss_StarGiant","Region_SkyRuins","Region_SkyRuins","FALSE","FALSE"
"PCG_VFX_OAT_Sensitivity_20260826_153906","2026-08-26T15:39:06.2831112Z","BossRarityWeight_Plus10Percent","Boss base-value weights","BossRarityWeight","Plus10Percent","Player_08","Neutral","TRUE","0.461292","0.110681","0.350611","0.461292","0.014207","0.050012","0.110945","Weapon_Sword","Weapon_Sword","Boss_Goblin","Boss_Goblin","Region_ForestRuins","Region_ForestRuins","FALSE","FALSE"
"PCG_VFX_OAT_Sensitivity_20260826_153906","2026-08-26T15:39:06.2831112Z","BossRarityWeight_Plus10Percent","Boss base-value weights","BossRarityWeight","Plus10Percent","Player_09","Neutral","TRUE","0.173342","0.03296","0.130602","0.00582","0.173342","0.140382","0.086494","Weapon_Axe","Weapon_Axe","Boss_StarGiant","Boss_StarGiant","","","FALSE","FALSE"
"PCG_VFX_OAT_Sensitivity_20260826_153906","2026-08-26T15:39:06.2831112Z","BossRarityWeight_Plus10Percent","Boss base-value weights","BossRarityWeight","Plus10Percent","Player_10","Neutral","TRUE","0.278152","0.025095","0.278152","0.148437","0.174857","0.253056","0.245434","Weapon_Sword","Weapon_Axe","Boss_IceDragon","Boss_SeaTurtle","Region_OceanRuins","Region_MonasteryRuins","FALSE","FALSE"
"PCG_VFX_OAT_Sensitivity_20260826_153906","2026-08-26T15:39:06.2831112Z","BossRarityWeight_Plus10Percent","Boss base-value weights","BossRarityWeight","Plus10Percent","Player_11","Forest","FALSE","0.581716","0.433686","0.042477","0.581716","0.109928","0.14803","0.127024","Weapon_Dagger","Weapon_Staff","Boss_SeaTurtle","Boss_SeaTurtle","Region_ForestRuins","Region_ForestRuins","FALSE","FALSE"
"PCG_VFX_OAT_Sensitivity_20260826_153906","2026-08-26T15:39:06.2831112Z","BossRarityWeight_Plus10Percent","Boss base-value weights","BossRarityWeight","Plus10Percent","Player_12","Neutral","TRUE","0.266808","0.122564","0.144244","0.266808","0.038949","0","0","Weapon_Sword","Weapon_Sword","Boss_Goblin","Boss_Goblin","","","FALSE","FALSE"
"PCG_VFX_OAT_Sensitivity_20260826_153906","2026-08-26T15:39:06.2831112Z","BossWinRateWeight_Minus10Percent","Boss performance weight","BossWinRateWeight","Minus10Percent","Player_01","Ice","FALSE","0.62627","0.438348","0.62627","0.187922","0","0.135586","0.138293","Weapon_Bow","Weapon_Bow","Boss_IceDragon","Boss_SeaTurtle","Region_SnowfieldRuins","Region_SnowfieldRuins","FALSE","FALSE"
"PCG_VFX_OAT_Sensitivity_20260826_153906","2026-08-26T15:39:06.2831112Z","BossWinRateWeight_Minus10Percent","Boss performance weight","BossWinRateWeight","Minus10Percent","Player_02","Galaxy","FALSE","0.655282","0.481152","0.052703","0.079829","0.655282","0.17413","0.140723","Weapon_Axe","Weapon_Axe","Boss_StarGiant","Boss_StarGiant","Region_SkyRuins","Region_SkyRuins","FALSE","FALSE"
"PCG_VFX_OAT_Sensitivity_20260826_153906","2026-08-26T15:39:06.2831112Z","BossWinRateWeight_Minus10Percent","Boss performance weight","BossWinRateWeight","Minus10Percent","Player_03","Holy","FALSE","0.709343","0.560307","0.149036","0.060339","0.138767","0.09059","0.709343","Weapon_Staff","Weapon_Staff","Boss_IceDragon","Boss_AncientCultLeader","Region_MonasteryRuins","Region_MonasteryRuins","FALSE","FALSE"
"PCG_VFX_OAT_Sensitivity_20260826_153906","2026-08-26T15:39:06.2831112Z","BossWinRateWeight_Minus10Percent","Boss performance weight","BossWinRateWeight","Minus10Percent","Player_04","Neutral","TRUE","0.376186","0.012962","0.376186","0.363225","0.124831","0.064408","0.122421","Weapon_Sword","Weapon_Bow","Boss_StarGiant","Boss_StarGiant","Region_ForestRuins","Region_ForestRuins","FALSE","FALSE"
"PCG_VFX_OAT_Sensitivity_20260826_153906","2026-08-26T15:39:06.2831112Z","BossWinRateWeight_Minus10Percent","Boss performance weight","BossWinRateWeight","Minus10Percent","Player_05","Neutral","TRUE","0.233309","0.113173","0.06656","0.233309","0.120135","0","0.029996","Weapon_Dagger","Weapon_Staff","Boss_Goblin","Boss_Goblin","","","FALSE","FALSE"
"PCG_VFX_OAT_Sensitivity_20260826_153906","2026-08-26T15:39:06.2831112Z","BossWinRateWeight_Minus10Percent","Boss performance weight","BossWinRateWeight","Minus10Percent","Player_06","Ocean","FALSE","0.607204","0.418553","0.099933","0.101909","0.035","0.607204","0.188651","Weapon_Staff","Weapon_Staff","Boss_SeaTurtle","Boss_SeaTurtle","Region_OceanRuins","Region_OceanRuins","FALSE","FALSE"
"PCG_VFX_OAT_Sensitivity_20260826_153906","2026-08-26T15:39:06.2831112Z","BossWinRateWeight_Minus10Percent","Boss performance weight","BossWinRateWeight","Minus10Percent","Player_07","Galaxy","FALSE","0.666165","0.459688","0.163034","0.037084","0.666165","0.065122","0.206478","Weapon_Hammer","Weapon_Hammer","Boss_IceDragon","Boss_StarGiant","Region_SkyRuins","Region_SkyRuins","FALSE","FALSE"
"PCG_VFX_OAT_Sensitivity_20260826_153906","2026-08-26T15:39:06.2831112Z","BossWinRateWeight_Minus10Percent","Boss performance weight","BossWinRateWeight","Minus10Percent","Player_08","Neutral","TRUE","0.461292","0.110681","0.350611","0.461292","0.014207","0.050012","0.110945","Weapon_Sword","Weapon_Sword","Boss_Goblin","Boss_Goblin","Region_ForestRuins","Region_ForestRuins","FALSE","FALSE"
"PCG_VFX_OAT_Sensitivity_20260826_153906","2026-08-26T15:39:06.2831112Z","BossWinRateWeight_Minus10Percent","Boss performance weight","BossWinRateWeight","Minus10Percent","Player_09","Neutral","TRUE","0.173173","0.032772","0.130753","0.005829","0.173173","0.1404","0.086503","Weapon_Axe","Weapon_Axe","Boss_StarGiant","Boss_StarGiant","","","FALSE","FALSE"
"PCG_VFX_OAT_Sensitivity_20260826_153906","2026-08-26T15:39:06.2831112Z","BossWinRateWeight_Minus10Percent","Boss performance weight","BossWinRateWeight","Minus10Percent","Player_10","Neutral","TRUE","0.27846","0.025713","0.27846","0.148437","0.174857","0.252748","0.245492","Weapon_Sword","Weapon_Axe","Boss_IceDragon","Boss_SeaTurtle","Region_OceanRuins","Region_MonasteryRuins","FALSE","FALSE"
"PCG_VFX_OAT_Sensitivity_20260826_153906","2026-08-26T15:39:06.2831112Z","BossWinRateWeight_Minus10Percent","Boss performance weight","BossWinRateWeight","Minus10Percent","Player_11","Forest","FALSE","0.581768","0.433802","0.042474","0.581768","0.109928","0.147967","0.127021","Weapon_Dagger","Weapon_Staff","Boss_SeaTurtle","Boss_SeaTurtle","Region_ForestRuins","Region_ForestRuins","FALSE","FALSE"
"PCG_VFX_OAT_Sensitivity_20260826_153906","2026-08-26T15:39:06.2831112Z","BossWinRateWeight_Minus10Percent","Boss performance weight","BossWinRateWeight","Minus10Percent","Player_12","Neutral","TRUE","0.266808","0.122564","0.144244","0.266808","0.038949","0","0","Weapon_Sword","Weapon_Sword","Boss_Goblin","Boss_Goblin","","","FALSE","FALSE"
"PCG_VFX_OAT_Sensitivity_20260826_153906","2026-08-26T15:39:06.2831112Z","BossWinRateWeight_Plus10Percent","Boss performance weight","BossWinRateWeight","Plus10Percent","Player_01","Ice","FALSE","0.626003","0.43808","0.626003","0.187922","0","0.135854","0.138243","Weapon_Bow","Weapon_Bow","Boss_IceDragon","Boss_SeaTurtle","Region_SnowfieldRuins","Region_SnowfieldRuins","FALSE","FALSE"
"PCG_VFX_OAT_Sensitivity_20260826_153906","2026-08-26T15:39:06.2831112Z","BossWinRateWeight_Plus10Percent","Boss performance weight","BossWinRateWeight","Plus10Percent","Player_02","Galaxy","FALSE","0.654212","0.480083","0.052703","0.080729","0.654212","0.17413","0.140555","Weapon_Axe","Weapon_Axe","Boss_StarGiant","Boss_StarGiant","Region_SkyRuins","Region_SkyRuins","FALSE","FALSE"
"PCG_VFX_OAT_Sensitivity_20260826_153906","2026-08-26T15:39:06.2831112Z","BossWinRateWeight_Plus10Percent","Boss performance weight","BossWinRateWeight","Plus10Percent","Player_03","Holy","FALSE","0.708755","0.559785","0.14897","0.060339","0.138549","0.091276","0.708755","Weapon_Staff","Weapon_Staff","Boss_IceDragon","Boss_AncientCultLeader","Region_MonasteryRuins","Region_MonasteryRuins","FALSE","FALSE"
"PCG_VFX_OAT_Sensitivity_20260826_153906","2026-08-26T15:39:06.2831112Z","BossWinRateWeight_Plus10Percent","Boss performance weight","BossWinRateWeight","Plus10Percent","Player_04","Neutral","TRUE","0.375957","0.011592","0.375957","0.364365","0.123718","0.064381","0.122192","Weapon_Sword","Weapon_Bow","Boss_StarGiant","Boss_StarGiant","Region_ForestRuins","Region_ForestRuins","FALSE","FALSE"
"PCG_VFX_OAT_Sensitivity_20260826_153906","2026-08-26T15:39:06.2831112Z","BossWinRateWeight_Plus10Percent","Boss performance weight","BossWinRateWeight","Plus10Percent","Player_05","Neutral","TRUE","0.233309","0.113173","0.06656","0.233309","0.120135","0","0.029996","Weapon_Dagger","Weapon_Staff","Boss_Goblin","Boss_Goblin","","","FALSE","FALSE"
"PCG_VFX_OAT_Sensitivity_20260826_153906","2026-08-26T15:39:06.2831112Z","BossWinRateWeight_Plus10Percent","Boss performance weight","BossWinRateWeight","Plus10Percent","Player_06","Ocean","FALSE","0.606367","0.417762","0.099887","0.102606","0.035","0.606367","0.188605","Weapon_Staff","Weapon_Staff","Boss_SeaTurtle","Boss_SeaTurtle","Region_OceanRuins","Region_OceanRuins","FALSE","FALSE"
"PCG_VFX_OAT_Sensitivity_20260826_153906","2026-08-26T15:39:06.2831112Z","BossWinRateWeight_Plus10Percent","Boss performance weight","BossWinRateWeight","Plus10Percent","Player_07","Galaxy","FALSE","0.665778","0.45928","0.16338","0.037104","0.665778","0.065163","0.206498","Weapon_Hammer","Weapon_Hammer","Boss_IceDragon","Boss_StarGiant","Region_SkyRuins","Region_SkyRuins","FALSE","FALSE"
"PCG_VFX_OAT_Sensitivity_20260826_153906","2026-08-26T15:39:06.2831112Z","BossWinRateWeight_Plus10Percent","Boss performance weight","BossWinRateWeight","Plus10Percent","Player_08","Neutral","TRUE","0.461292","0.110681","0.350611","0.461292","0.014207","0.050012","0.110945","Weapon_Sword","Weapon_Sword","Boss_Goblin","Boss_Goblin","Region_ForestRuins","Region_ForestRuins","FALSE","FALSE"
"PCG_VFX_OAT_Sensitivity_20260826_153906","2026-08-26T15:39:06.2831112Z","BossWinRateWeight_Plus10Percent","Boss performance weight","BossWinRateWeight","Plus10Percent","Player_09","Neutral","TRUE","0.173047","0.032634","0.130865","0.005835","0.173047","0.140413","0.08651","Weapon_Axe","Weapon_Axe","Boss_StarGiant","Boss_StarGiant","","","FALSE","FALSE"
"PCG_VFX_OAT_Sensitivity_20260826_153906","2026-08-26T15:39:06.2831112Z","BossWinRateWeight_Plus10Percent","Boss performance weight","BossWinRateWeight","Plus10Percent","Player_10","Neutral","TRUE","0.277979","0.02475","0.277979","0.148437","0.174857","0.253229","0.245402","Weapon_Sword","Weapon_Axe","Boss_IceDragon","Boss_SeaTurtle","Region_OceanRuins","Region_MonasteryRuins","FALSE","FALSE"
"PCG_VFX_OAT_Sensitivity_20260826_153906","2026-08-26T15:39:06.2831112Z","BossWinRateWeight_Plus10Percent","Boss performance weight","BossWinRateWeight","Plus10Percent","Player_11","Forest","FALSE","0.582081","0.434489","0.042453","0.582081","0.109928","0.147592","0.127","Weapon_Dagger","Weapon_Staff","Boss_SeaTurtle","Boss_SeaTurtle","Region_ForestRuins","Region_ForestRuins","FALSE","FALSE"
"PCG_VFX_OAT_Sensitivity_20260826_153906","2026-08-26T15:39:06.2831112Z","BossWinRateWeight_Plus10Percent","Boss performance weight","BossWinRateWeight","Plus10Percent","Player_12","Neutral","TRUE","0.266808","0.122564","0.144244","0.266808","0.038949","0","0","Weapon_Sword","Weapon_Sword","Boss_Goblin","Boss_Goblin","","","FALSE","FALSE"
"PCG_VFX_OAT_Sensitivity_20260826_153906","2026-08-26T15:39:06.2831112Z","RegionExplorationWeight_Minus10Percent","Region depth weights","RegionExplorationWeight","Minus10Percent","Player_01","Ice","FALSE","0.626139","0.438217","0.626139","0.187922","0","0.135717","0.138269","Weapon_Bow","Weapon_Bow","Boss_IceDragon","Boss_SeaTurtle","Region_SnowfieldRuins","Region_SnowfieldRuins","FALSE","FALSE"
"PCG_VFX_OAT_Sensitivity_20260826_153906","2026-08-26T15:39:06.2831112Z","RegionExplorationWeight_Minus10Percent","Region depth weights","RegionExplorationWeight","Minus10Percent","Player_02","Galaxy","FALSE","0.654759","0.480629","0.052703","0.080269","0.654759","0.17413","0.140641","Weapon_Axe","Weapon_Axe","Boss_StarGiant","Boss_StarGiant","Region_SkyRuins","Region_SkyRuins","FALSE","FALSE"
"PCG_VFX_OAT_Sensitivity_20260826_153906","2026-08-26T15:39:06.2831112Z","RegionExplorationWeight_Minus10Percent","Region depth weights","RegionExplorationWeight","Minus10Percent","Player_03","Holy","FALSE","0.709055","0.560051","0.149004","0.060339","0.13866","0.090927","0.709055","Weapon_Staff","Weapon_Staff","Boss_IceDragon","Boss_AncientCultLeader","Region_MonasteryRuins","Region_MonasteryRuins","FALSE","FALSE"
"PCG_VFX_OAT_Sensitivity_20260826_153906","2026-08-26T15:39:06.2831112Z","RegionExplorationWeight_Minus10Percent","Region depth weights","RegionExplorationWeight","Minus10Percent","Player_04","Neutral","TRUE","0.376034","0.012211","0.376034","0.363823","0.124286","0.064395","0.122307","Weapon_Sword","Weapon_Bow","Boss_StarGiant","Boss_StarGiant","Region_ForestRuins","Region_ForestRuins","FALSE","FALSE"
"PCG_VFX_OAT_Sensitivity_20260826_153906","2026-08-26T15:39:06.2831112Z","RegionExplorationWeight_Minus10Percent","Region depth weights","RegionExplorationWeight","Minus10Percent","Player_05","Neutral","TRUE","0.233309","0.113173","0.06656","0.233309","0.120135","0","0.029996","Weapon_Dagger","Weapon_Staff","Boss_Goblin","Boss_Goblin","","","FALSE","FALSE"
"PCG_VFX_OAT_Sensitivity_20260826_153906","2026-08-26T15:39:06.2831112Z","RegionExplorationWeight_Minus10Percent","Region depth weights","RegionExplorationWeight","Minus10Percent","Player_06","Ocean","FALSE","0.606793","0.418165","0.09991","0.102251","0.035","0.606793","0.188629","Weapon_Staff","Weapon_Staff","Boss_SeaTurtle","Boss_SeaTurtle","Region_OceanRuins","Region_OceanRuins","FALSE","FALSE"
"PCG_VFX_OAT_Sensitivity_20260826_153906","2026-08-26T15:39:06.2831112Z","RegionExplorationWeight_Minus10Percent","Region depth weights","RegionExplorationWeight","Minus10Percent","Player_07","Galaxy","FALSE","0.665976","0.459489","0.163203","0.037094","0.665976","0.065142","0.206488","Weapon_Hammer","Weapon_Hammer","Boss_IceDragon","Boss_StarGiant","Region_SkyRuins","Region_SkyRuins","FALSE","FALSE"
"PCG_VFX_OAT_Sensitivity_20260826_153906","2026-08-26T15:39:06.2831112Z","RegionExplorationWeight_Minus10Percent","Region depth weights","RegionExplorationWeight","Minus10Percent","Player_08","Neutral","TRUE","0.461401","0.110899","0.350502","0.461401","0.014207","0.050012","0.110939","Weapon_Sword","Weapon_Sword","Boss_Goblin","Boss_Goblin","Region_ForestRuins","Region_ForestRuins","FALSE","FALSE"
"PCG_VFX_OAT_Sensitivity_20260826_153906","2026-08-26T15:39:06.2831112Z","RegionExplorationWeight_Minus10Percent","Region depth weights","RegionExplorationWeight","Minus10Percent","Player_09","Neutral","TRUE","0.173111","0.032705","0.130808","0.005832","0.173111","0.140407","0.086506","Weapon_Axe","Weapon_Axe","Boss_StarGiant","Boss_StarGiant","","","FALSE","FALSE"
"PCG_VFX_OAT_Sensitivity_20260826_153906","2026-08-26T15:39:06.2831112Z","RegionExplorationWeight_Minus10Percent","Region depth weights","RegionExplorationWeight","Minus10Percent","Player_10","Neutral","TRUE","0.278217","0.025214","0.278217","0.148412","0.174866","0.253003","0.245454","Weapon_Sword","Weapon_Axe","Boss_IceDragon","Boss_SeaTurtle","Region_OceanRuins","Region_MonasteryRuins","FALSE","FALSE"
"PCG_VFX_OAT_Sensitivity_20260826_153906","2026-08-26T15:39:06.2831112Z","RegionExplorationWeight_Minus10Percent","Region depth weights","RegionExplorationWeight","Minus10Percent","Player_11","Forest","FALSE","0.581922","0.43414","0.042463","0.581922","0.109928","0.147782","0.127011","Weapon_Dagger","Weapon_Staff","Boss_SeaTurtle","Boss_SeaTurtle","Region_ForestRuins","Region_ForestRuins","FALSE","FALSE"
"PCG_VFX_OAT_Sensitivity_20260826_153906","2026-08-26T15:39:06.2831112Z","RegionExplorationWeight_Minus10Percent","Region depth weights","RegionExplorationWeight","Minus10Percent","Player_12","Neutral","TRUE","0.266808","0.122564","0.144244","0.266808","0.038949","0","0","Weapon_Sword","Weapon_Sword","Boss_Goblin","Boss_Goblin","","","FALSE","FALSE"
"PCG_VFX_OAT_Sensitivity_20260826_153906","2026-08-26T15:39:06.2831112Z","RegionExplorationWeight_Plus10Percent","Region depth weights","RegionExplorationWeight","Plus10Percent","Player_01","Ice","FALSE","0.626139","0.438217","0.626139","0.187922","0","0.135717","0.138269","Weapon_Bow","Weapon_Bow","Boss_IceDragon","Boss_SeaTurtle","Region_SnowfieldRuins","Region_SnowfieldRuins","FALSE","FALSE"
"PCG_VFX_OAT_Sensitivity_20260826_153906","2026-08-26T15:39:06.2831112Z","RegionExplorationWeight_Plus10Percent","Region depth weights","RegionExplorationWeight","Plus10Percent","Player_02","Galaxy","FALSE","0.654759","0.480629","0.052703","0.080269","0.654759","0.17413","0.140641","Weapon_Axe","Weapon_Axe","Boss_StarGiant","Boss_StarGiant","Region_SkyRuins","Region_SkyRuins","FALSE","FALSE"
"PCG_VFX_OAT_Sensitivity_20260826_153906","2026-08-26T15:39:06.2831112Z","RegionExplorationWeight_Plus10Percent","Region depth weights","RegionExplorationWeight","Plus10Percent","Player_03","Holy","FALSE","0.709055","0.560051","0.149004","0.060339","0.13866","0.090927","0.709055","Weapon_Staff","Weapon_Staff","Boss_IceDragon","Boss_AncientCultLeader","Region_MonasteryRuins","Region_MonasteryRuins","FALSE","FALSE"
"PCG_VFX_OAT_Sensitivity_20260826_153906","2026-08-26T15:39:06.2831112Z","RegionExplorationWeight_Plus10Percent","Region depth weights","RegionExplorationWeight","Plus10Percent","Player_04","Neutral","TRUE","0.37611","0.012362","0.37611","0.363748","0.124286","0.064395","0.122311","Weapon_Sword","Weapon_Bow","Boss_StarGiant","Boss_StarGiant","Region_ForestRuins","Region_ForestRuins","FALSE","FALSE"
"PCG_VFX_OAT_Sensitivity_20260826_153906","2026-08-26T15:39:06.2831112Z","RegionExplorationWeight_Plus10Percent","Region depth weights","RegionExplorationWeight","Plus10Percent","Player_05","Neutral","TRUE","0.233309","0.113173","0.06656","0.233309","0.120135","0","0.029996","Weapon_Dagger","Weapon_Staff","Boss_Goblin","Boss_Goblin","","","FALSE","FALSE"
"PCG_VFX_OAT_Sensitivity_20260826_153906","2026-08-26T15:39:06.2831112Z","RegionExplorationWeight_Plus10Percent","Region depth weights","RegionExplorationWeight","Plus10Percent","Player_06","Ocean","FALSE","0.606793","0.418165","0.09991","0.102251","0.035","0.606793","0.188629","Weapon_Staff","Weapon_Staff","Boss_SeaTurtle","Boss_SeaTurtle","Region_OceanRuins","Region_OceanRuins","FALSE","FALSE"
"PCG_VFX_OAT_Sensitivity_20260826_153906","2026-08-26T15:39:06.2831112Z","RegionExplorationWeight_Plus10Percent","Region depth weights","RegionExplorationWeight","Plus10Percent","Player_07","Galaxy","FALSE","0.665976","0.459489","0.163203","0.037094","0.665976","0.065142","0.206488","Weapon_Hammer","Weapon_Hammer","Boss_IceDragon","Boss_StarGiant","Region_SkyRuins","Region_SkyRuins","FALSE","FALSE"
"PCG_VFX_OAT_Sensitivity_20260826_153906","2026-08-26T15:39:06.2831112Z","RegionExplorationWeight_Plus10Percent","Region depth weights","RegionExplorationWeight","Plus10Percent","Player_08","Neutral","TRUE","0.461195","0.110488","0.350707","0.461195","0.014207","0.050012","0.110951","Weapon_Sword","Weapon_Sword","Boss_Goblin","Boss_Goblin","Region_ForestRuins","Region_ForestRuins","FALSE","FALSE"
"PCG_VFX_OAT_Sensitivity_20260826_153906","2026-08-26T15:39:06.2831112Z","RegionExplorationWeight_Plus10Percent","Region depth weights","RegionExplorationWeight","Plus10Percent","Player_09","Neutral","TRUE","0.173111","0.032705","0.130808","0.005832","0.173111","0.140407","0.086506","Weapon_Axe","Weapon_Axe","Boss_StarGiant","Boss_StarGiant","","","FALSE","FALSE"
"PCG_VFX_OAT_Sensitivity_20260826_153906","2026-08-26T15:39:06.2831112Z","RegionExplorationWeight_Plus10Percent","Region depth weights","RegionExplorationWeight","Plus10Percent","Player_10","Neutral","TRUE","0.278232","0.025268","0.278232","0.14846","0.174848","0.252965","0.245443","Weapon_Sword","Weapon_Axe","Boss_IceDragon","Boss_SeaTurtle","Region_OceanRuins","Region_MonasteryRuins","FALSE","FALSE"
"PCG_VFX_OAT_Sensitivity_20260826_153906","2026-08-26T15:39:06.2831112Z","RegionExplorationWeight_Plus10Percent","Region depth weights","RegionExplorationWeight","Plus10Percent","Player_11","Forest","FALSE","0.581922","0.43414","0.042463","0.581922","0.109928","0.147782","0.127011","Weapon_Dagger","Weapon_Staff","Boss_SeaTurtle","Boss_SeaTurtle","Region_ForestRuins","Region_ForestRuins","FALSE","FALSE"
"PCG_VFX_OAT_Sensitivity_20260826_153906","2026-08-26T15:39:06.2831112Z","RegionExplorationWeight_Plus10Percent","Region depth weights","RegionExplorationWeight","Plus10Percent","Player_12","Neutral","TRUE","0.266808","0.122564","0.144244","0.266808","0.038949","0","0","Weapon_Sword","Weapon_Sword","Boss_Goblin","Boss_Goblin","","","FALSE","FALSE"
"PCG_VFX_OAT_Sensitivity_20260826_153906","2026-08-26T15:39:06.2831112Z","RegionQuestWeight_Minus10Percent","Region depth weights","RegionQuestWeight","Minus10Percent","Player_01","Ice","FALSE","0.626139","0.438217","0.626139","0.187922","0","0.135717","0.138269","Weapon_Bow","Weapon_Bow","Boss_IceDragon","Boss_SeaTurtle","Region_SnowfieldRuins","Region_SnowfieldRuins","FALSE","FALSE"
"PCG_VFX_OAT_Sensitivity_20260826_153906","2026-08-26T15:39:06.2831112Z","RegionQuestWeight_Minus10Percent","Region depth weights","RegionQuestWeight","Minus10Percent","Player_02","Galaxy","FALSE","0.654759","0.480629","0.052703","0.080269","0.654759","0.17413","0.140641","Weapon_Axe","Weapon_Axe","Boss_StarGiant","Boss_StarGiant","Region_SkyRuins","Region_SkyRuins","FALSE","FALSE"
"PCG_VFX_OAT_Sensitivity_20260826_153906","2026-08-26T15:39:06.2831112Z","RegionQuestWeight_Minus10Percent","Region depth weights","RegionQuestWeight","Minus10Percent","Player_03","Holy","FALSE","0.709055","0.560051","0.149004","0.060339","0.13866","0.090927","0.709055","Weapon_Staff","Weapon_Staff","Boss_IceDragon","Boss_AncientCultLeader","Region_MonasteryRuins","Region_MonasteryRuins","FALSE","FALSE"
"PCG_VFX_OAT_Sensitivity_20260826_153906","2026-08-26T15:39:06.2831112Z","RegionQuestWeight_Minus10Percent","Region depth weights","RegionQuestWeight","Minus10Percent","Player_04","Neutral","TRUE","0.376113","0.012369","0.376113","0.363744","0.124286","0.064395","0.122311","Weapon_Sword","Weapon_Bow","Boss_StarGiant","Boss_StarGiant","Region_ForestRuins","Region_ForestRuins","FALSE","FALSE"
"PCG_VFX_OAT_Sensitivity_20260826_153906","2026-08-26T15:39:06.2831112Z","RegionQuestWeight_Minus10Percent","Region depth weights","RegionQuestWeight","Minus10Percent","Player_05","Neutral","TRUE","0.233309","0.113173","0.06656","0.233309","0.120135","0","0.029996","Weapon_Dagger","Weapon_Staff","Boss_Goblin","Boss_Goblin","","","FALSE","FALSE"
"PCG_VFX_OAT_Sensitivity_20260826_153906","2026-08-26T15:39:06.2831112Z","RegionQuestWeight_Minus10Percent","Region depth weights","RegionQuestWeight","Minus10Percent","Player_06","Ocean","FALSE","0.606793","0.418165","0.09991","0.102251","0.035","0.606793","0.188629","Weapon_Staff","Weapon_Staff","Boss_SeaTurtle","Boss_SeaTurtle","Region_OceanRuins","Region_OceanRuins","FALSE","FALSE"
"PCG_VFX_OAT_Sensitivity_20260826_153906","2026-08-26T15:39:06.2831112Z","RegionQuestWeight_Minus10Percent","Region depth weights","RegionQuestWeight","Minus10Percent","Player_07","Galaxy","FALSE","0.665976","0.459489","0.163203","0.037094","0.665976","0.065142","0.206488","Weapon_Hammer","Weapon_Hammer","Boss_IceDragon","Boss_StarGiant","Region_SkyRuins","Region_SkyRuins","FALSE","FALSE"
"PCG_VFX_OAT_Sensitivity_20260826_153906","2026-08-26T15:39:06.2831112Z","RegionQuestWeight_Minus10Percent","Region depth weights","RegionQuestWeight","Minus10Percent","Player_08","Neutral","TRUE","0.461185","0.110468","0.350717","0.461185","0.014207","0.050012","0.110951","Weapon_Sword","Weapon_Sword","Boss_Goblin","Boss_Goblin","Region_ForestRuins","Region_ForestRuins","FALSE","FALSE"
"PCG_VFX_OAT_Sensitivity_20260826_153906","2026-08-26T15:39:06.2831112Z","RegionQuestWeight_Minus10Percent","Region depth weights","RegionQuestWeight","Minus10Percent","Player_09","Neutral","TRUE","0.173111","0.032705","0.130808","0.005832","0.173111","0.140407","0.086506","Weapon_Axe","Weapon_Axe","Boss_StarGiant","Boss_StarGiant","","","FALSE","FALSE"
"PCG_VFX_OAT_Sensitivity_20260826_153906","2026-08-26T15:39:06.2831112Z","RegionQuestWeight_Minus10Percent","Region depth weights","RegionQuestWeight","Minus10Percent","Player_10","Neutral","TRUE","0.278233","0.02527","0.278233","0.148462","0.174847","0.252963","0.245443","Weapon_Sword","Weapon_Axe","Boss_IceDragon","Boss_SeaTurtle","Region_OceanRuins","Region_MonasteryRuins","FALSE","FALSE"
"PCG_VFX_OAT_Sensitivity_20260826_153906","2026-08-26T15:39:06.2831112Z","RegionQuestWeight_Minus10Percent","Region depth weights","RegionQuestWeight","Minus10Percent","Player_11","Forest","FALSE","0.581922","0.43414","0.042463","0.581922","0.109928","0.147782","0.127011","Weapon_Dagger","Weapon_Staff","Boss_SeaTurtle","Boss_SeaTurtle","Region_ForestRuins","Region_ForestRuins","FALSE","FALSE"
"PCG_VFX_OAT_Sensitivity_20260826_153906","2026-08-26T15:39:06.2831112Z","RegionQuestWeight_Minus10Percent","Region depth weights","RegionQuestWeight","Minus10Percent","Player_12","Neutral","TRUE","0.266808","0.122564","0.144244","0.266808","0.038949","0","0","Weapon_Sword","Weapon_Sword","Boss_Goblin","Boss_Goblin","","","FALSE","FALSE"
"PCG_VFX_OAT_Sensitivity_20260826_153906","2026-08-26T15:39:06.2831112Z","RegionQuestWeight_Plus10Percent","Region depth weights","RegionQuestWeight","Plus10Percent","Player_01","Ice","FALSE","0.626139","0.438217","0.626139","0.187922","0","0.135717","0.138269","Weapon_Bow","Weapon_Bow","Boss_IceDragon","Boss_SeaTurtle","Region_SnowfieldRuins","Region_SnowfieldRuins","FALSE","FALSE"
"PCG_VFX_OAT_Sensitivity_20260826_153906","2026-08-26T15:39:06.2831112Z","RegionQuestWeight_Plus10Percent","Region depth weights","RegionQuestWeight","Plus10Percent","Player_02","Galaxy","FALSE","0.654759","0.480629","0.052703","0.080269","0.654759","0.17413","0.140641","Weapon_Axe","Weapon_Axe","Boss_StarGiant","Boss_StarGiant","Region_SkyRuins","Region_SkyRuins","FALSE","FALSE"
"PCG_VFX_OAT_Sensitivity_20260826_153906","2026-08-26T15:39:06.2831112Z","RegionQuestWeight_Plus10Percent","Region depth weights","RegionQuestWeight","Plus10Percent","Player_03","Holy","FALSE","0.709055","0.560051","0.149004","0.060339","0.13866","0.090927","0.709055","Weapon_Staff","Weapon_Staff","Boss_IceDragon","Boss_AncientCultLeader","Region_MonasteryRuins","Region_MonasteryRuins","FALSE","FALSE"
"PCG_VFX_OAT_Sensitivity_20260826_153906","2026-08-26T15:39:06.2831112Z","RegionQuestWeight_Plus10Percent","Region depth weights","RegionQuestWeight","Plus10Percent","Player_04","Neutral","TRUE","0.376038","0.012218","0.376038","0.363819","0.124286","0.064395","0.122307","Weapon_Sword","Weapon_Bow","Boss_StarGiant","Boss_StarGiant","Region_ForestRuins","Region_ForestRuins","FALSE","FALSE"
"PCG_VFX_OAT_Sensitivity_20260826_153906","2026-08-26T15:39:06.2831112Z","RegionQuestWeight_Plus10Percent","Region depth weights","RegionQuestWeight","Plus10Percent","Player_05","Neutral","TRUE","0.233309","0.113173","0.06656","0.233309","0.120135","0","0.029996","Weapon_Dagger","Weapon_Staff","Boss_Goblin","Boss_Goblin","","","FALSE","FALSE"
"PCG_VFX_OAT_Sensitivity_20260826_153906","2026-08-26T15:39:06.2831112Z","RegionQuestWeight_Plus10Percent","Region depth weights","RegionQuestWeight","Plus10Percent","Player_06","Ocean","FALSE","0.606793","0.418165","0.09991","0.102251","0.035","0.606793","0.188629","Weapon_Staff","Weapon_Staff","Boss_SeaTurtle","Boss_SeaTurtle","Region_OceanRuins","Region_OceanRuins","FALSE","FALSE"
"PCG_VFX_OAT_Sensitivity_20260826_153906","2026-08-26T15:39:06.2831112Z","RegionQuestWeight_Plus10Percent","Region depth weights","RegionQuestWeight","Plus10Percent","Player_07","Galaxy","FALSE","0.665976","0.459489","0.163203","0.037094","0.665976","0.065142","0.206488","Weapon_Hammer","Weapon_Hammer","Boss_IceDragon","Boss_StarGiant","Region_SkyRuins","Region_SkyRuins","FALSE","FALSE"
"PCG_VFX_OAT_Sensitivity_20260826_153906","2026-08-26T15:39:06.2831112Z","RegionQuestWeight_Plus10Percent","Region depth weights","RegionQuestWeight","Plus10Percent","Player_08","Neutral","TRUE","0.46139","0.110878","0.350512","0.46139","0.014207","0.050012","0.11094","Weapon_Sword","Weapon_Sword","Boss_Goblin","Boss_Goblin","Region_ForestRuins","Region_ForestRuins","FALSE","FALSE"
"PCG_VFX_OAT_Sensitivity_20260826_153906","2026-08-26T15:39:06.2831112Z","RegionQuestWeight_Plus10Percent","Region depth weights","RegionQuestWeight","Plus10Percent","Player_09","Neutral","TRUE","0.173111","0.032705","0.130808","0.005832","0.173111","0.140407","0.086506","Weapon_Axe","Weapon_Axe","Boss_StarGiant","Boss_StarGiant","","","FALSE","FALSE"
"PCG_VFX_OAT_Sensitivity_20260826_153906","2026-08-26T15:39:06.2831112Z","RegionQuestWeight_Plus10Percent","Region depth weights","RegionQuestWeight","Plus10Percent","Player_10","Neutral","TRUE","0.278218","0.025217","0.278218","0.148415","0.174865","0.253001","0.245453","Weapon_Sword","Weapon_Axe","Boss_IceDragon","Boss_SeaTurtle","Region_OceanRuins","Region_MonasteryRuins","FALSE","FALSE"
"PCG_VFX_OAT_Sensitivity_20260826_153906","2026-08-26T15:39:06.2831112Z","RegionQuestWeight_Plus10Percent","Region depth weights","RegionQuestWeight","Plus10Percent","Player_11","Forest","FALSE","0.581922","0.43414","0.042463","0.581922","0.109928","0.147782","0.127011","Weapon_Dagger","Weapon_Staff","Boss_SeaTurtle","Boss_SeaTurtle","Region_ForestRuins","Region_ForestRuins","FALSE","FALSE"
"PCG_VFX_OAT_Sensitivity_20260826_153906","2026-08-26T15:39:06.2831112Z","RegionQuestWeight_Plus10Percent","Region depth weights","RegionQuestWeight","Plus10Percent","Player_12","Neutral","TRUE","0.266808","0.122564","0.144244","0.266808","0.038949","0","0","Weapon_Sword","Weapon_Sword","Boss_Goblin","Boss_Goblin","","","FALSE","FALSE"
"PCG_VFX_OAT_Sensitivity_20260826_153906","2026-08-26T15:39:06.2831112Z","RegionRecentVisitWeight_Minus10Percent","Region behaviour-score weights","RegionRecentVisitWeight","Minus10Percent","Player_01","Ice","FALSE","0.626139","0.438217","0.626139","0.187922","0","0.135717","0.138269","Weapon_Bow","Weapon_Bow","Boss_IceDragon","Boss_SeaTurtle","Region_SnowfieldRuins","Region_SnowfieldRuins","FALSE","FALSE"
"PCG_VFX_OAT_Sensitivity_20260826_153906","2026-08-26T15:39:06.2831112Z","RegionRecentVisitWeight_Minus10Percent","Region behaviour-score weights","RegionRecentVisitWeight","Minus10Percent","Player_02","Galaxy","FALSE","0.654759","0.480629","0.052703","0.080269","0.654759","0.17413","0.140641","Weapon_Axe","Weapon_Axe","Boss_StarGiant","Boss_StarGiant","Region_SkyRuins","Region_SkyRuins","FALSE","FALSE"
"PCG_VFX_OAT_Sensitivity_20260826_153906","2026-08-26T15:39:06.2831112Z","RegionRecentVisitWeight_Minus10Percent","Region behaviour-score weights","RegionRecentVisitWeight","Minus10Percent","Player_03","Holy","FALSE","0.709055","0.560051","0.149004","0.060339","0.13866","0.090927","0.709055","Weapon_Staff","Weapon_Staff","Boss_IceDragon","Boss_AncientCultLeader","Region_MonasteryRuins","Region_MonasteryRuins","FALSE","FALSE"
"PCG_VFX_OAT_Sensitivity_20260826_153906","2026-08-26T15:39:06.2831112Z","RegionRecentVisitWeight_Minus10Percent","Region behaviour-score weights","RegionRecentVisitWeight","Minus10Percent","Player_04","Neutral","TRUE","0.376075","0.012293","0.376075","0.363782","0.124286","0.064395","0.122309","Weapon_Sword","Weapon_Bow","Boss_StarGiant","Boss_StarGiant","Region_ForestRuins","Region_ForestRuins","FALSE","FALSE"
"PCG_VFX_OAT_Sensitivity_20260826_153906","2026-08-26T15:39:06.2831112Z","RegionRecentVisitWeight_Minus10Percent","Region behaviour-score weights","RegionRecentVisitWeight","Minus10Percent","Player_05","Neutral","TRUE","0.233309","0.113173","0.06656","0.233309","0.120135","0","0.029996","Weapon_Dagger","Weapon_Staff","Boss_Goblin","Boss_Goblin","","","FALSE","FALSE"
"PCG_VFX_OAT_Sensitivity_20260826_153906","2026-08-26T15:39:06.2831112Z","RegionRecentVisitWeight_Minus10Percent","Region behaviour-score weights","RegionRecentVisitWeight","Minus10Percent","Player_06","Ocean","FALSE","0.606793","0.418165","0.09991","0.102251","0.035","0.606793","0.188629","Weapon_Staff","Weapon_Staff","Boss_SeaTurtle","Boss_SeaTurtle","Region_OceanRuins","Region_OceanRuins","FALSE","FALSE"
"PCG_VFX_OAT_Sensitivity_20260826_153906","2026-08-26T15:39:06.2831112Z","RegionRecentVisitWeight_Minus10Percent","Region behaviour-score weights","RegionRecentVisitWeight","Minus10Percent","Player_07","Galaxy","FALSE","0.665976","0.459489","0.163203","0.037094","0.665976","0.065142","0.206488","Weapon_Hammer","Weapon_Hammer","Boss_IceDragon","Boss_StarGiant","Region_SkyRuins","Region_SkyRuins","FALSE","FALSE"
"PCG_VFX_OAT_Sensitivity_20260826_153906","2026-08-26T15:39:06.2831112Z","RegionRecentVisitWeight_Minus10Percent","Region behaviour-score weights","RegionRecentVisitWeight","Minus10Percent","Player_08","Neutral","TRUE","0.461264","0.110626","0.350638","0.461264","0.014207","0.050012","0.110947","Weapon_Sword","Weapon_Sword","Boss_Goblin","Boss_Goblin","Region_ForestRuins","Region_ForestRuins","FALSE","FALSE"
"PCG_VFX_OAT_Sensitivity_20260826_153906","2026-08-26T15:39:06.2831112Z","RegionRecentVisitWeight_Minus10Percent","Region behaviour-score weights","RegionRecentVisitWeight","Minus10Percent","Player_09","Neutral","TRUE","0.173111","0.032705","0.130808","0.005832","0.173111","0.140407","0.086506","Weapon_Axe","Weapon_Axe","Boss_StarGiant","Boss_StarGiant","","","FALSE","FALSE"
"PCG_VFX_OAT_Sensitivity_20260826_153906","2026-08-26T15:39:06.2831112Z","RegionRecentVisitWeight_Minus10Percent","Region behaviour-score weights","RegionRecentVisitWeight","Minus10Percent","Player_10","Neutral","TRUE","0.278226","0.025245","0.278226","0.14844","0.174856","0.252981","0.245447","Weapon_Sword","Weapon_Axe","Boss_IceDragon","Boss_SeaTurtle","Region_OceanRuins","Region_MonasteryRuins","FALSE","FALSE"
"PCG_VFX_OAT_Sensitivity_20260826_153906","2026-08-26T15:39:06.2831112Z","RegionRecentVisitWeight_Minus10Percent","Region behaviour-score weights","RegionRecentVisitWeight","Minus10Percent","Player_11","Forest","FALSE","0.581922","0.43414","0.042463","0.581922","0.109928","0.147782","0.127011","Weapon_Dagger","Weapon_Staff","Boss_SeaTurtle","Boss_SeaTurtle","Region_ForestRuins","Region_ForestRuins","FALSE","FALSE"
"PCG_VFX_OAT_Sensitivity_20260826_153906","2026-08-26T15:39:06.2831112Z","RegionRecentVisitWeight_Minus10Percent","Region behaviour-score weights","RegionRecentVisitWeight","Minus10Percent","Player_12","Neutral","TRUE","0.266808","0.122564","0.144244","0.266808","0.038949","0","0","Weapon_Sword","Weapon_Sword","Boss_Goblin","Boss_Goblin","","","FALSE","FALSE"
"PCG_VFX_OAT_Sensitivity_20260826_153906","2026-08-26T15:39:06.2831112Z","RegionRecentVisitWeight_Plus10Percent","Region behaviour-score weights","RegionRecentVisitWeight","Plus10Percent","Player_01","Ice","FALSE","0.626139","0.438217","0.626139","0.187922","0","0.135717","0.138269","Weapon_Bow","Weapon_Bow","Boss_IceDragon","Boss_SeaTurtle","Region_SnowfieldRuins","Region_SnowfieldRuins","FALSE","FALSE"
"PCG_VFX_OAT_Sensitivity_20260826_153906","2026-08-26T15:39:06.2831112Z","RegionRecentVisitWeight_Plus10Percent","Region behaviour-score weights","RegionRecentVisitWeight","Plus10Percent","Player_02","Galaxy","FALSE","0.654759","0.480629","0.052703","0.080269","0.654759","0.17413","0.140641","Weapon_Axe","Weapon_Axe","Boss_StarGiant","Boss_StarGiant","Region_SkyRuins","Region_SkyRuins","FALSE","FALSE"
"PCG_VFX_OAT_Sensitivity_20260826_153906","2026-08-26T15:39:06.2831112Z","RegionRecentVisitWeight_Plus10Percent","Region behaviour-score weights","RegionRecentVisitWeight","Plus10Percent","Player_03","Holy","FALSE","0.709055","0.560051","0.149004","0.060339","0.13866","0.090927","0.709055","Weapon_Staff","Weapon_Staff","Boss_IceDragon","Boss_AncientCultLeader","Region_MonasteryRuins","Region_MonasteryRuins","FALSE","FALSE"
"PCG_VFX_OAT_Sensitivity_20260826_153906","2026-08-26T15:39:06.2831112Z","RegionRecentVisitWeight_Plus10Percent","Region behaviour-score weights","RegionRecentVisitWeight","Plus10Percent","Player_04","Neutral","TRUE","0.376073","0.012289","0.376073","0.363784","0.124286","0.064395","0.122309","Weapon_Sword","Weapon_Bow","Boss_StarGiant","Boss_StarGiant","Region_ForestRuins","Region_ForestRuins","FALSE","FALSE"
"PCG_VFX_OAT_Sensitivity_20260826_153906","2026-08-26T15:39:06.2831112Z","RegionRecentVisitWeight_Plus10Percent","Region behaviour-score weights","RegionRecentVisitWeight","Plus10Percent","Player_05","Neutral","TRUE","0.233309","0.113173","0.06656","0.233309","0.120135","0","0.029996","Weapon_Dagger","Weapon_Staff","Boss_Goblin","Boss_Goblin","","","FALSE","FALSE"
"PCG_VFX_OAT_Sensitivity_20260826_153906","2026-08-26T15:39:06.2831112Z","RegionRecentVisitWeight_Plus10Percent","Region behaviour-score weights","RegionRecentVisitWeight","Plus10Percent","Player_06","Ocean","FALSE","0.606793","0.418165","0.09991","0.102251","0.035","0.606793","0.188629","Weapon_Staff","Weapon_Staff","Boss_SeaTurtle","Boss_SeaTurtle","Region_OceanRuins","Region_OceanRuins","FALSE","FALSE"
"PCG_VFX_OAT_Sensitivity_20260826_153906","2026-08-26T15:39:06.2831112Z","RegionRecentVisitWeight_Plus10Percent","Region behaviour-score weights","RegionRecentVisitWeight","Plus10Percent","Player_07","Galaxy","FALSE","0.665976","0.459489","0.163203","0.037094","0.665976","0.065142","0.206488","Weapon_Hammer","Weapon_Hammer","Boss_IceDragon","Boss_StarGiant","Region_SkyRuins","Region_SkyRuins","FALSE","FALSE"
"PCG_VFX_OAT_Sensitivity_20260826_153906","2026-08-26T15:39:06.2831112Z","RegionRecentVisitWeight_Plus10Percent","Region behaviour-score weights","RegionRecentVisitWeight","Plus10Percent","Player_08","Neutral","TRUE","0.461318","0.110734","0.350584","0.461318","0.014207","0.050012","0.110944","Weapon_Sword","Weapon_Sword","Boss_Goblin","Boss_Goblin","Region_ForestRuins","Region_ForestRuins","FALSE","FALSE"
"PCG_VFX_OAT_Sensitivity_20260826_153906","2026-08-26T15:39:06.2831112Z","RegionRecentVisitWeight_Plus10Percent","Region behaviour-score weights","RegionRecentVisitWeight","Plus10Percent","Player_09","Neutral","TRUE","0.173111","0.032705","0.130808","0.005832","0.173111","0.140407","0.086506","Weapon_Axe","Weapon_Axe","Boss_StarGiant","Boss_StarGiant","","","FALSE","FALSE"
"PCG_VFX_OAT_Sensitivity_20260826_153906","2026-08-26T15:39:06.2831112Z","RegionRecentVisitWeight_Plus10Percent","Region behaviour-score weights","RegionRecentVisitWeight","Plus10Percent","Player_10","Neutral","TRUE","0.278224","0.02524","0.278224","0.148435","0.174857","0.252985","0.245449","Weapon_Sword","Weapon_Axe","Boss_IceDragon","Boss_SeaTurtle","Region_OceanRuins","Region_MonasteryRuins","FALSE","FALSE"
"PCG_VFX_OAT_Sensitivity_20260826_153906","2026-08-26T15:39:06.2831112Z","RegionRecentVisitWeight_Plus10Percent","Region behaviour-score weights","RegionRecentVisitWeight","Plus10Percent","Player_11","Forest","FALSE","0.581922","0.43414","0.042463","0.581922","0.109928","0.147782","0.127011","Weapon_Dagger","Weapon_Staff","Boss_SeaTurtle","Boss_SeaTurtle","Region_ForestRuins","Region_ForestRuins","FALSE","FALSE"
"PCG_VFX_OAT_Sensitivity_20260826_153906","2026-08-26T15:39:06.2831112Z","RegionRecentVisitWeight_Plus10Percent","Region behaviour-score weights","RegionRecentVisitWeight","Plus10Percent","Player_12","Neutral","TRUE","0.266808","0.122564","0.144244","0.266808","0.038949","0","0","Weapon_Sword","Weapon_Sword","Boss_Goblin","Boss_Goblin","","","FALSE","FALSE"
"PCG_VFX_OAT_Sensitivity_20260826_153906","2026-08-26T15:39:06.2831112Z","RegionVisitRateWeight_Minus10Percent","Region behaviour-score weights","RegionVisitRateWeight","Minus10Percent","Player_01","Ice","FALSE","0.626139","0.438217","0.626139","0.187922","0","0.135717","0.138269","Weapon_Bow","Weapon_Bow","Boss_IceDragon","Boss_SeaTurtle","Region_SnowfieldRuins","Region_SnowfieldRuins","FALSE","FALSE"
"PCG_VFX_OAT_Sensitivity_20260826_153906","2026-08-26T15:39:06.2831112Z","RegionVisitRateWeight_Minus10Percent","Region behaviour-score weights","RegionVisitRateWeight","Minus10Percent","Player_02","Galaxy","FALSE","0.654759","0.480629","0.052703","0.080269","0.654759","0.17413","0.140641","Weapon_Axe","Weapon_Axe","Boss_StarGiant","Boss_StarGiant","Region_SkyRuins","Region_SkyRuins","FALSE","FALSE"
"PCG_VFX_OAT_Sensitivity_20260826_153906","2026-08-26T15:39:06.2831112Z","RegionVisitRateWeight_Minus10Percent","Region behaviour-score weights","RegionVisitRateWeight","Minus10Percent","Player_03","Holy","FALSE","0.709055","0.560051","0.149004","0.060339","0.13866","0.090927","0.709055","Weapon_Staff","Weapon_Staff","Boss_IceDragon","Boss_AncientCultLeader","Region_MonasteryRuins","Region_MonasteryRuins","FALSE","FALSE"
"PCG_VFX_OAT_Sensitivity_20260826_153906","2026-08-26T15:39:06.2831112Z","RegionVisitRateWeight_Minus10Percent","Region behaviour-score weights","RegionVisitRateWeight","Minus10Percent","Player_04","Neutral","TRUE","0.376072","0.012287","0.376072","0.363785","0.124286","0.064395","0.122309","Weapon_Sword","Weapon_Bow","Boss_StarGiant","Boss_StarGiant","Region_ForestRuins","Region_ForestRuins","FALSE","FALSE"
"PCG_VFX_OAT_Sensitivity_20260826_153906","2026-08-26T15:39:06.2831112Z","RegionVisitRateWeight_Minus10Percent","Region behaviour-score weights","RegionVisitRateWeight","Minus10Percent","Player_05","Neutral","TRUE","0.233309","0.113173","0.06656","0.233309","0.120135","0","0.029996","Weapon_Dagger","Weapon_Staff","Boss_Goblin","Boss_Goblin","","","FALSE","FALSE"
"PCG_VFX_OAT_Sensitivity_20260826_153906","2026-08-26T15:39:06.2831112Z","RegionVisitRateWeight_Minus10Percent","Region behaviour-score weights","RegionVisitRateWeight","Minus10Percent","Player_06","Ocean","FALSE","0.606793","0.418165","0.09991","0.102251","0.035","0.606793","0.188629","Weapon_Staff","Weapon_Staff","Boss_SeaTurtle","Boss_SeaTurtle","Region_OceanRuins","Region_OceanRuins","FALSE","FALSE"
"PCG_VFX_OAT_Sensitivity_20260826_153906","2026-08-26T15:39:06.2831112Z","RegionVisitRateWeight_Minus10Percent","Region behaviour-score weights","RegionVisitRateWeight","Minus10Percent","Player_07","Galaxy","FALSE","0.665976","0.459489","0.163203","0.037094","0.665976","0.065142","0.206488","Weapon_Hammer","Weapon_Hammer","Boss_IceDragon","Boss_StarGiant","Region_SkyRuins","Region_SkyRuins","FALSE","FALSE"
"PCG_VFX_OAT_Sensitivity_20260826_153906","2026-08-26T15:39:06.2831112Z","RegionVisitRateWeight_Minus10Percent","Region behaviour-score weights","RegionVisitRateWeight","Minus10Percent","Player_08","Neutral","TRUE","0.461337","0.110772","0.350565","0.461337","0.014207","0.050012","0.110943","Weapon_Sword","Weapon_Sword","Boss_Goblin","Boss_Goblin","Region_ForestRuins","Region_ForestRuins","FALSE","FALSE"
"PCG_VFX_OAT_Sensitivity_20260826_153906","2026-08-26T15:39:06.2831112Z","RegionVisitRateWeight_Minus10Percent","Region behaviour-score weights","RegionVisitRateWeight","Minus10Percent","Player_09","Neutral","TRUE","0.173111","0.032705","0.130808","0.005832","0.173111","0.140407","0.086506","Weapon_Axe","Weapon_Axe","Boss_StarGiant","Boss_StarGiant","","","FALSE","FALSE"
"PCG_VFX_OAT_Sensitivity_20260826_153906","2026-08-26T15:39:06.2831112Z","RegionVisitRateWeight_Minus10Percent","Region behaviour-score weights","RegionVisitRateWeight","Minus10Percent","Player_10","Neutral","TRUE","0.278224","0.025238","0.278224","0.148433","0.174859","0.252986","0.245449","Weapon_Sword","Weapon_Axe","Boss_IceDragon","Boss_SeaTurtle","Region_OceanRuins","Region_MonasteryRuins","FALSE","FALSE"
"PCG_VFX_OAT_Sensitivity_20260826_153906","2026-08-26T15:39:06.2831112Z","RegionVisitRateWeight_Minus10Percent","Region behaviour-score weights","RegionVisitRateWeight","Minus10Percent","Player_11","Forest","FALSE","0.581922","0.43414","0.042463","0.581922","0.109928","0.147782","0.127011","Weapon_Dagger","Weapon_Staff","Boss_SeaTurtle","Boss_SeaTurtle","Region_ForestRuins","Region_ForestRuins","FALSE","FALSE"
"PCG_VFX_OAT_Sensitivity_20260826_153906","2026-08-26T15:39:06.2831112Z","RegionVisitRateWeight_Minus10Percent","Region behaviour-score weights","RegionVisitRateWeight","Minus10Percent","Player_12","Neutral","TRUE","0.266808","0.122564","0.144244","0.266808","0.038949","0","0","Weapon_Sword","Weapon_Sword","Boss_Goblin","Boss_Goblin","","","FALSE","FALSE"
"PCG_VFX_OAT_Sensitivity_20260826_153906","2026-08-26T15:39:06.2831112Z","RegionVisitRateWeight_Plus10Percent","Region behaviour-score weights","RegionVisitRateWeight","Plus10Percent","Player_01","Ice","FALSE","0.626139","0.438217","0.626139","0.187922","0","0.135717","0.138269","Weapon_Bow","Weapon_Bow","Boss_IceDragon","Boss_SeaTurtle","Region_SnowfieldRuins","Region_SnowfieldRuins","FALSE","FALSE"
"PCG_VFX_OAT_Sensitivity_20260826_153906","2026-08-26T15:39:06.2831112Z","RegionVisitRateWeight_Plus10Percent","Region behaviour-score weights","RegionVisitRateWeight","Plus10Percent","Player_02","Galaxy","FALSE","0.654759","0.480629","0.052703","0.080269","0.654759","0.17413","0.140641","Weapon_Axe","Weapon_Axe","Boss_StarGiant","Boss_StarGiant","Region_SkyRuins","Region_SkyRuins","FALSE","FALSE"
"PCG_VFX_OAT_Sensitivity_20260826_153906","2026-08-26T15:39:06.2831112Z","RegionVisitRateWeight_Plus10Percent","Region behaviour-score weights","RegionVisitRateWeight","Plus10Percent","Player_03","Holy","FALSE","0.709055","0.560051","0.149004","0.060339","0.13866","0.090927","0.709055","Weapon_Staff","Weapon_Staff","Boss_IceDragon","Boss_AncientCultLeader","Region_MonasteryRuins","Region_MonasteryRuins","FALSE","FALSE"
"PCG_VFX_OAT_Sensitivity_20260826_153906","2026-08-26T15:39:06.2831112Z","RegionVisitRateWeight_Plus10Percent","Region behaviour-score weights","RegionVisitRateWeight","Plus10Percent","Player_04","Neutral","TRUE","0.376076","0.012294","0.376076","0.363782","0.124286","0.064395","0.122309","Weapon_Sword","Weapon_Bow","Boss_StarGiant","Boss_StarGiant","Region_ForestRuins","Region_ForestRuins","FALSE","FALSE"
"PCG_VFX_OAT_Sensitivity_20260826_153906","2026-08-26T15:39:06.2831112Z","RegionVisitRateWeight_Plus10Percent","Region behaviour-score weights","RegionVisitRateWeight","Plus10Percent","Player_05","Neutral","TRUE","0.233309","0.113173","0.06656","0.233309","0.120135","0","0.029996","Weapon_Dagger","Weapon_Staff","Boss_Goblin","Boss_Goblin","","","FALSE","FALSE"
"PCG_VFX_OAT_Sensitivity_20260826_153906","2026-08-26T15:39:06.2831112Z","RegionVisitRateWeight_Plus10Percent","Region behaviour-score weights","RegionVisitRateWeight","Plus10Percent","Player_06","Ocean","FALSE","0.606793","0.418165","0.09991","0.102251","0.035","0.606793","0.188629","Weapon_Staff","Weapon_Staff","Boss_SeaTurtle","Boss_SeaTurtle","Region_OceanRuins","Region_OceanRuins","FALSE","FALSE"
"PCG_VFX_OAT_Sensitivity_20260826_153906","2026-08-26T15:39:06.2831112Z","RegionVisitRateWeight_Plus10Percent","Region behaviour-score weights","RegionVisitRateWeight","Plus10Percent","Player_07","Galaxy","FALSE","0.665976","0.459489","0.163203","0.037094","0.665976","0.065142","0.206488","Weapon_Hammer","Weapon_Hammer","Boss_IceDragon","Boss_StarGiant","Region_SkyRuins","Region_SkyRuins","FALSE","FALSE"
"PCG_VFX_OAT_Sensitivity_20260826_153906","2026-08-26T15:39:06.2831112Z","RegionVisitRateWeight_Plus10Percent","Region behaviour-score weights","RegionVisitRateWeight","Plus10Percent","Player_08","Neutral","TRUE","0.461249","0.110595","0.350654","0.461249","0.014207","0.050012","0.110948","Weapon_Sword","Weapon_Sword","Boss_Goblin","Boss_Goblin","Region_ForestRuins","Region_ForestRuins","FALSE","FALSE"
"PCG_VFX_OAT_Sensitivity_20260826_153906","2026-08-26T15:39:06.2831112Z","RegionVisitRateWeight_Plus10Percent","Region behaviour-score weights","RegionVisitRateWeight","Plus10Percent","Player_09","Neutral","TRUE","0.173111","0.032705","0.130808","0.005832","0.173111","0.140407","0.086506","Weapon_Axe","Weapon_Axe","Boss_StarGiant","Boss_StarGiant","","","FALSE","FALSE"
"PCG_VFX_OAT_Sensitivity_20260826_153906","2026-08-26T15:39:06.2831112Z","RegionVisitRateWeight_Plus10Percent","Region behaviour-score weights","RegionVisitRateWeight","Plus10Percent","Player_10","Neutral","TRUE","0.278226","0.025247","0.278226","0.148442","0.174855","0.25298","0.245447","Weapon_Sword","Weapon_Axe","Boss_IceDragon","Boss_SeaTurtle","Region_OceanRuins","Region_MonasteryRuins","FALSE","FALSE"
"PCG_VFX_OAT_Sensitivity_20260826_153906","2026-08-26T15:39:06.2831112Z","RegionVisitRateWeight_Plus10Percent","Region behaviour-score weights","RegionVisitRateWeight","Plus10Percent","Player_11","Forest","FALSE","0.581922","0.43414","0.042463","0.581922","0.109928","0.147782","0.127011","Weapon_Dagger","Weapon_Staff","Boss_SeaTurtle","Boss_SeaTurtle","Region_ForestRuins","Region_ForestRuins","FALSE","FALSE"
"PCG_VFX_OAT_Sensitivity_20260826_153906","2026-08-26T15:39:06.2831112Z","RegionVisitRateWeight_Plus10Percent","Region behaviour-score weights","RegionVisitRateWeight","Plus10Percent","Player_12","Neutral","TRUE","0.266808","0.122564","0.144244","0.266808","0.038949","0","0","Weapon_Sword","Weapon_Sword","Boss_Goblin","Boss_Goblin","","","FALSE","FALSE"
"PCG_VFX_OAT_Sensitivity_20260826_153906","2026-08-26T15:39:06.2831112Z","RegionDepthWeight_Minus10Percent","Region behaviour-score weights","RegionDepthWeight","Minus10Percent","Player_01","Ice","FALSE","0.626139","0.438217","0.626139","0.187922","0","0.135717","0.138269","Weapon_Bow","Weapon_Bow","Boss_IceDragon","Boss_SeaTurtle","Region_SnowfieldRuins","Region_SnowfieldRuins","FALSE","FALSE"
"PCG_VFX_OAT_Sensitivity_20260826_153906","2026-08-26T15:39:06.2831112Z","RegionDepthWeight_Minus10Percent","Region behaviour-score weights","RegionDepthWeight","Minus10Percent","Player_02","Galaxy","FALSE","0.654759","0.480629","0.052703","0.080269","0.654759","0.17413","0.140641","Weapon_Axe","Weapon_Axe","Boss_StarGiant","Boss_StarGiant","Region_SkyRuins","Region_SkyRuins","FALSE","FALSE"
"PCG_VFX_OAT_Sensitivity_20260826_153906","2026-08-26T15:39:06.2831112Z","RegionDepthWeight_Minus10Percent","Region behaviour-score weights","RegionDepthWeight","Minus10Percent","Player_03","Holy","FALSE","0.709055","0.560051","0.149004","0.060339","0.13866","0.090927","0.709055","Weapon_Staff","Weapon_Staff","Boss_IceDragon","Boss_AncientCultLeader","Region_MonasteryRuins","Region_MonasteryRuins","FALSE","FALSE"
"PCG_VFX_OAT_Sensitivity_20260826_153906","2026-08-26T15:39:06.2831112Z","RegionDepthWeight_Minus10Percent","Region behaviour-score weights","RegionDepthWeight","Minus10Percent","Player_04","Neutral","TRUE","0.376075","0.012293","0.376075","0.363782","0.124286","0.064395","0.122309","Weapon_Sword","Weapon_Bow","Boss_StarGiant","Boss_StarGiant","Region_ForestRuins","Region_ForestRuins","FALSE","FALSE"
"PCG_VFX_OAT_Sensitivity_20260826_153906","2026-08-26T15:39:06.2831112Z","RegionDepthWeight_Minus10Percent","Region behaviour-score weights","RegionDepthWeight","Minus10Percent","Player_05","Neutral","TRUE","0.233309","0.113173","0.06656","0.233309","0.120135","0","0.029996","Weapon_Dagger","Weapon_Staff","Boss_Goblin","Boss_Goblin","","","FALSE","FALSE"
"PCG_VFX_OAT_Sensitivity_20260826_153906","2026-08-26T15:39:06.2831112Z","RegionDepthWeight_Minus10Percent","Region behaviour-score weights","RegionDepthWeight","Minus10Percent","Player_06","Ocean","FALSE","0.606793","0.418165","0.09991","0.102251","0.035","0.606793","0.188629","Weapon_Staff","Weapon_Staff","Boss_SeaTurtle","Boss_SeaTurtle","Region_OceanRuins","Region_OceanRuins","FALSE","FALSE"
"PCG_VFX_OAT_Sensitivity_20260826_153906","2026-08-26T15:39:06.2831112Z","RegionDepthWeight_Minus10Percent","Region behaviour-score weights","RegionDepthWeight","Minus10Percent","Player_07","Galaxy","FALSE","0.665976","0.459489","0.163203","0.037094","0.665976","0.065142","0.206488","Weapon_Hammer","Weapon_Hammer","Boss_IceDragon","Boss_StarGiant","Region_SkyRuins","Region_SkyRuins","FALSE","FALSE"
"PCG_VFX_OAT_Sensitivity_20260826_153906","2026-08-26T15:39:06.2831112Z","RegionDepthWeight_Minus10Percent","Region behaviour-score weights","RegionDepthWeight","Minus10Percent","Player_08","Neutral","TRUE","0.461274","0.110644","0.350629","0.461274","0.014207","0.050012","0.110946","Weapon_Sword","Weapon_Sword","Boss_Goblin","Boss_Goblin","Region_ForestRuins","Region_ForestRuins","FALSE","FALSE"
"PCG_VFX_OAT_Sensitivity_20260826_153906","2026-08-26T15:39:06.2831112Z","RegionDepthWeight_Minus10Percent","Region behaviour-score weights","RegionDepthWeight","Minus10Percent","Player_09","Neutral","TRUE","0.173111","0.032705","0.130808","0.005832","0.173111","0.140407","0.086506","Weapon_Axe","Weapon_Axe","Boss_StarGiant","Boss_StarGiant","","","FALSE","FALSE"
"PCG_VFX_OAT_Sensitivity_20260826_153906","2026-08-26T15:39:06.2831112Z","RegionDepthWeight_Minus10Percent","Region behaviour-score weights","RegionDepthWeight","Minus10Percent","Player_10","Neutral","TRUE","0.278226","0.025244","0.278226","0.14844","0.174855","0.252982","0.245448","Weapon_Sword","Weapon_Axe","Boss_IceDragon","Boss_SeaTurtle","Region_OceanRuins","Region_MonasteryRuins","FALSE","FALSE"
"PCG_VFX_OAT_Sensitivity_20260826_153906","2026-08-26T15:39:06.2831112Z","RegionDepthWeight_Minus10Percent","Region behaviour-score weights","RegionDepthWeight","Minus10Percent","Player_11","Forest","FALSE","0.581922","0.43414","0.042463","0.581922","0.109928","0.147782","0.127011","Weapon_Dagger","Weapon_Staff","Boss_SeaTurtle","Boss_SeaTurtle","Region_ForestRuins","Region_ForestRuins","FALSE","FALSE"
"PCG_VFX_OAT_Sensitivity_20260826_153906","2026-08-26T15:39:06.2831112Z","RegionDepthWeight_Minus10Percent","Region behaviour-score weights","RegionDepthWeight","Minus10Percent","Player_12","Neutral","TRUE","0.266808","0.122564","0.144244","0.266808","0.038949","0","0","Weapon_Sword","Weapon_Sword","Boss_Goblin","Boss_Goblin","","","FALSE","FALSE"
"PCG_VFX_OAT_Sensitivity_20260826_153906","2026-08-26T15:39:06.2831112Z","RegionDepthWeight_Plus10Percent","Region behaviour-score weights","RegionDepthWeight","Plus10Percent","Player_01","Ice","FALSE","0.626139","0.438217","0.626139","0.187922","0","0.135717","0.138269","Weapon_Bow","Weapon_Bow","Boss_IceDragon","Boss_SeaTurtle","Region_SnowfieldRuins","Region_SnowfieldRuins","FALSE","FALSE"
"PCG_VFX_OAT_Sensitivity_20260826_153906","2026-08-26T15:39:06.2831112Z","RegionDepthWeight_Plus10Percent","Region behaviour-score weights","RegionDepthWeight","Plus10Percent","Player_02","Galaxy","FALSE","0.654759","0.480629","0.052703","0.080269","0.654759","0.17413","0.140641","Weapon_Axe","Weapon_Axe","Boss_StarGiant","Boss_StarGiant","Region_SkyRuins","Region_SkyRuins","FALSE","FALSE"
"PCG_VFX_OAT_Sensitivity_20260826_153906","2026-08-26T15:39:06.2831112Z","RegionDepthWeight_Plus10Percent","Region behaviour-score weights","RegionDepthWeight","Plus10Percent","Player_03","Holy","FALSE","0.709055","0.560051","0.149004","0.060339","0.13866","0.090927","0.709055","Weapon_Staff","Weapon_Staff","Boss_IceDragon","Boss_AncientCultLeader","Region_MonasteryRuins","Region_MonasteryRuins","FALSE","FALSE"
"PCG_VFX_OAT_Sensitivity_20260826_153906","2026-08-26T15:39:06.2831112Z","RegionDepthWeight_Plus10Percent","Region behaviour-score weights","RegionDepthWeight","Plus10Percent","Player_04","Neutral","TRUE","0.376073","0.012289","0.376073","0.363784","0.124286","0.064395","0.122309","Weapon_Sword","Weapon_Bow","Boss_StarGiant","Boss_StarGiant","Region_ForestRuins","Region_ForestRuins","FALSE","FALSE"
"PCG_VFX_OAT_Sensitivity_20260826_153906","2026-08-26T15:39:06.2831112Z","RegionDepthWeight_Plus10Percent","Region behaviour-score weights","RegionDepthWeight","Plus10Percent","Player_05","Neutral","TRUE","0.233309","0.113173","0.06656","0.233309","0.120135","0","0.029996","Weapon_Dagger","Weapon_Staff","Boss_Goblin","Boss_Goblin","","","FALSE","FALSE"
"PCG_VFX_OAT_Sensitivity_20260826_153906","2026-08-26T15:39:06.2831112Z","RegionDepthWeight_Plus10Percent","Region behaviour-score weights","RegionDepthWeight","Plus10Percent","Player_06","Ocean","FALSE","0.606793","0.418165","0.09991","0.102251","0.035","0.606793","0.188629","Weapon_Staff","Weapon_Staff","Boss_SeaTurtle","Boss_SeaTurtle","Region_OceanRuins","Region_OceanRuins","FALSE","FALSE"
"PCG_VFX_OAT_Sensitivity_20260826_153906","2026-08-26T15:39:06.2831112Z","RegionDepthWeight_Plus10Percent","Region behaviour-score weights","RegionDepthWeight","Plus10Percent","Player_07","Galaxy","FALSE","0.665976","0.459489","0.163203","0.037094","0.665976","0.065142","0.206488","Weapon_Hammer","Weapon_Hammer","Boss_IceDragon","Boss_StarGiant","Region_SkyRuins","Region_SkyRuins","FALSE","FALSE"
"PCG_VFX_OAT_Sensitivity_20260826_153906","2026-08-26T15:39:06.2831112Z","RegionDepthWeight_Plus10Percent","Region behaviour-score weights","RegionDepthWeight","Plus10Percent","Player_08","Neutral","TRUE","0.461308","0.110714","0.350595","0.461308","0.014207","0.050012","0.110944","Weapon_Sword","Weapon_Sword","Boss_Goblin","Boss_Goblin","Region_ForestRuins","Region_ForestRuins","FALSE","FALSE"
"PCG_VFX_OAT_Sensitivity_20260826_153906","2026-08-26T15:39:06.2831112Z","RegionDepthWeight_Plus10Percent","Region behaviour-score weights","RegionDepthWeight","Plus10Percent","Player_09","Neutral","TRUE","0.173111","0.032705","0.130808","0.005832","0.173111","0.140407","0.086506","Weapon_Axe","Weapon_Axe","Boss_StarGiant","Boss_StarGiant","","","FALSE","FALSE"
"PCG_VFX_OAT_Sensitivity_20260826_153906","2026-08-26T15:39:06.2831112Z","RegionDepthWeight_Plus10Percent","Region behaviour-score weights","RegionDepthWeight","Plus10Percent","Player_10","Neutral","TRUE","0.278225","0.025241","0.278225","0.148435","0.174858","0.252984","0.245448","Weapon_Sword","Weapon_Axe","Boss_IceDragon","Boss_SeaTurtle","Region_OceanRuins","Region_MonasteryRuins","FALSE","FALSE"
"PCG_VFX_OAT_Sensitivity_20260826_153906","2026-08-26T15:39:06.2831112Z","RegionDepthWeight_Plus10Percent","Region behaviour-score weights","RegionDepthWeight","Plus10Percent","Player_11","Forest","FALSE","0.581922","0.43414","0.042463","0.581922","0.109928","0.147782","0.127011","Weapon_Dagger","Weapon_Staff","Boss_SeaTurtle","Boss_SeaTurtle","Region_ForestRuins","Region_ForestRuins","FALSE","FALSE"
"PCG_VFX_OAT_Sensitivity_20260826_153906","2026-08-26T15:39:06.2831112Z","RegionDepthWeight_Plus10Percent","Region behaviour-score weights","RegionDepthWeight","Plus10Percent","Player_12","Neutral","TRUE","0.266808","0.122564","0.144244","0.266808","0.038949","0","0","Weapon_Sword","Weapon_Sword","Boss_Goblin","Boss_Goblin","","","FALSE","FALSE"
"PCG_VFX_OAT_Sensitivity_20260826_153906","2026-08-26T15:39:06.2831112Z","RegionEligibilityThreshold_Minus10Percent","Region eligibility threshold","RegionEligibilityThreshold","Minus10Percent","Player_01","Ice","FALSE","0.626139","0.438217","0.626139","0.187922","0","0.135717","0.138269","Weapon_Bow","Weapon_Bow","Boss_IceDragon","Boss_SeaTurtle","Region_SnowfieldRuins","Region_SnowfieldRuins","FALSE","FALSE"
"PCG_VFX_OAT_Sensitivity_20260826_153906","2026-08-26T15:39:06.2831112Z","RegionEligibilityThreshold_Minus10Percent","Region eligibility threshold","RegionEligibilityThreshold","Minus10Percent","Player_02","Galaxy","FALSE","0.654759","0.480629","0.052703","0.080269","0.654759","0.17413","0.140641","Weapon_Axe","Weapon_Axe","Boss_StarGiant","Boss_StarGiant","Region_SkyRuins","Region_SkyRuins","FALSE","FALSE"
"PCG_VFX_OAT_Sensitivity_20260826_153906","2026-08-26T15:39:06.2831112Z","RegionEligibilityThreshold_Minus10Percent","Region eligibility threshold","RegionEligibilityThreshold","Minus10Percent","Player_03","Holy","FALSE","0.709055","0.560051","0.149004","0.060339","0.13866","0.090927","0.709055","Weapon_Staff","Weapon_Staff","Boss_IceDragon","Boss_AncientCultLeader","Region_MonasteryRuins","Region_MonasteryRuins","FALSE","FALSE"
"PCG_VFX_OAT_Sensitivity_20260826_153906","2026-08-26T15:39:06.2831112Z","RegionEligibilityThreshold_Minus10Percent","Region eligibility threshold","RegionEligibilityThreshold","Minus10Percent","Player_04","Neutral","TRUE","0.376074","0.012291","0.376074","0.363783","0.124286","0.064395","0.122309","Weapon_Sword","Weapon_Bow","Boss_StarGiant","Boss_StarGiant","Region_ForestRuins","Region_ForestRuins","FALSE","FALSE"
"PCG_VFX_OAT_Sensitivity_20260826_153906","2026-08-26T15:39:06.2831112Z","RegionEligibilityThreshold_Minus10Percent","Region eligibility threshold","RegionEligibilityThreshold","Minus10Percent","Player_05","Neutral","TRUE","0.327744","0.097468","0.171629","0.327744","0.230276","0.105373","0.180024","Weapon_Dagger","Weapon_Staff","Boss_Goblin","Boss_Goblin","Region_OceanRuins","Region_MonasteryRuins","FALSE","TRUE"
"PCG_VFX_OAT_Sensitivity_20260826_153906","2026-08-26T15:39:06.2831112Z","RegionEligibilityThreshold_Minus10Percent","Region eligibility threshold","RegionEligibilityThreshold","Minus10Percent","Player_06","Ocean","FALSE","0.606793","0.418165","0.09991","0.102251","0.035","0.606793","0.188629","Weapon_Staff","Weapon_Staff","Boss_SeaTurtle","Boss_SeaTurtle","Region_OceanRuins","Region_OceanRuins","FALSE","FALSE"
"PCG_VFX_OAT_Sensitivity_20260826_153906","2026-08-26T15:39:06.2831112Z","RegionEligibilityThreshold_Minus10Percent","Region eligibility threshold","RegionEligibilityThreshold","Minus10Percent","Player_07","Galaxy","FALSE","0.665976","0.459489","0.163203","0.037094","0.665976","0.065142","0.206488","Weapon_Hammer","Weapon_Hammer","Boss_IceDragon","Boss_StarGiant","Region_SkyRuins","Region_SkyRuins","FALSE","FALSE"
"PCG_VFX_OAT_Sensitivity_20260826_153906","2026-08-26T15:39:06.2831112Z","RegionEligibilityThreshold_Minus10Percent","Region eligibility threshold","RegionEligibilityThreshold","Minus10Percent","Player_08","Neutral","TRUE","0.461292","0.110681","0.350611","0.461292","0.014207","0.050012","0.110945","Weapon_Sword","Weapon_Sword","Boss_Goblin","Boss_Goblin","Region_ForestRuins","Region_ForestRuins","FALSE","FALSE"
"PCG_VFX_OAT_Sensitivity_20260826_153906","2026-08-26T15:39:06.2831112Z","RegionEligibilityThreshold_Minus10Percent","Region eligibility threshold","RegionEligibilityThreshold","Minus10Percent","Player_09","Neutral","TRUE","0.283296","0.037613","0.235171","0.100646","0.283296","0.245683","0.236944","Weapon_Axe","Weapon_Axe","Boss_StarGiant","Boss_StarGiant","Region_MonasteryRuins","Region_MonasteryRuins","FALSE","TRUE"
"PCG_VFX_OAT_Sensitivity_20260826_153906","2026-08-26T15:39:06.2831112Z","RegionEligibilityThreshold_Minus10Percent","Region eligibility threshold","RegionEligibilityThreshold","Minus10Percent","Player_10","Neutral","TRUE","0.278225","0.025242","0.278225","0.148437","0.174857","0.252983","0.245448","Weapon_Sword","Weapon_Axe","Boss_IceDragon","Boss_SeaTurtle","Region_OceanRuins","Region_MonasteryRuins","FALSE","FALSE"
"PCG_VFX_OAT_Sensitivity_20260826_153906","2026-08-26T15:39:06.2831112Z","RegionEligibilityThreshold_Minus10Percent","Region eligibility threshold","RegionEligibilityThreshold","Minus10Percent","Player_11","Forest","FALSE","0.581922","0.43414","0.042463","0.581922","0.109928","0.147782","0.127011","Weapon_Dagger","Weapon_Staff","Boss_SeaTurtle","Boss_SeaTurtle","Region_ForestRuins","Region_ForestRuins","FALSE","FALSE"
"PCG_VFX_OAT_Sensitivity_20260826_153906","2026-08-26T15:39:06.2831112Z","RegionEligibilityThreshold_Minus10Percent","Region eligibility threshold","RegionEligibilityThreshold","Minus10Percent","Player_12","Neutral","TRUE","0.266808","0.122564","0.144244","0.266808","0.038949","0","0","Weapon_Sword","Weapon_Sword","Boss_Goblin","Boss_Goblin","","","FALSE","FALSE"
"PCG_VFX_OAT_Sensitivity_20260826_153906","2026-08-26T15:39:06.2831112Z","RegionEligibilityThreshold_Plus10Percent","Region eligibility threshold","RegionEligibilityThreshold","Plus10Percent","Player_01","Ice","FALSE","0.626139","0.438217","0.626139","0.187922","0","0.135717","0.138269","Weapon_Bow","Weapon_Bow","Boss_IceDragon","Boss_SeaTurtle","Region_SnowfieldRuins","Region_SnowfieldRuins","FALSE","FALSE"
"PCG_VFX_OAT_Sensitivity_20260826_153906","2026-08-26T15:39:06.2831112Z","RegionEligibilityThreshold_Plus10Percent","Region eligibility threshold","RegionEligibilityThreshold","Plus10Percent","Player_02","Galaxy","FALSE","0.654759","0.480629","0.052703","0.080269","0.654759","0.17413","0.140641","Weapon_Axe","Weapon_Axe","Boss_StarGiant","Boss_StarGiant","Region_SkyRuins","Region_SkyRuins","FALSE","FALSE"
"PCG_VFX_OAT_Sensitivity_20260826_153906","2026-08-26T15:39:06.2831112Z","RegionEligibilityThreshold_Plus10Percent","Region eligibility threshold","RegionEligibilityThreshold","Plus10Percent","Player_03","Holy","FALSE","0.709055","0.560051","0.149004","0.060339","0.13866","0.090927","0.709055","Weapon_Staff","Weapon_Staff","Boss_IceDragon","Boss_AncientCultLeader","Region_MonasteryRuins","Region_MonasteryRuins","FALSE","FALSE"
"PCG_VFX_OAT_Sensitivity_20260826_153906","2026-08-26T15:39:06.2831112Z","RegionEligibilityThreshold_Plus10Percent","Region eligibility threshold","RegionEligibilityThreshold","Plus10Percent","Player_04","Neutral","TRUE","0.151376","0.012896","0.151376","0.138481","0.124286","0.039395","0.059826","Weapon_Sword","Weapon_Bow","Boss_StarGiant","Boss_StarGiant","","","FALSE","TRUE"
"PCG_VFX_OAT_Sensitivity_20260826_153906","2026-08-26T15:39:06.2831112Z","RegionEligibilityThreshold_Plus10Percent","Region eligibility threshold","RegionEligibilityThreshold","Plus10Percent","Player_05","Neutral","TRUE","0.233309","0.113173","0.06656","0.233309","0.120135","0","0.029996","Weapon_Dagger","Weapon_Staff","Boss_Goblin","Boss_Goblin","","","FALSE","FALSE"
"PCG_VFX_OAT_Sensitivity_20260826_153906","2026-08-26T15:39:06.2831112Z","RegionEligibilityThreshold_Plus10Percent","Region eligibility threshold","RegionEligibilityThreshold","Plus10Percent","Player_06","Neutral","TRUE","0.156793","0.043165","0.07491","0.102251","0.035","0.156793","0.113629","Weapon_Staff","Weapon_Staff","Boss_SeaTurtle","Boss_SeaTurtle","","","TRUE","TRUE"
"PCG_VFX_OAT_Sensitivity_20260826_153906","2026-08-26T15:39:06.2831112Z","RegionEligibilityThreshold_Plus10Percent","Region eligibility threshold","RegionEligibilityThreshold","Plus10Percent","Player_07","Neutral","TRUE","0.215976","0.077774","0.138203","0.037094","0.215976","0.040142","0.106488","Weapon_Hammer","Weapon_Hammer","Boss_IceDragon","Boss_StarGiant","","","TRUE","TRUE"
"PCG_VFX_OAT_Sensitivity_20260826_153906","2026-08-26T15:39:06.2831112Z","RegionEligibilityThreshold_Plus10Percent","Region eligibility threshold","RegionEligibilityThreshold","Plus10Percent","Player_08","Neutral","TRUE","0.2285","0.095097","0.133403","0.2285","0.014207","0.025012","0.048878","Weapon_Sword","Weapon_Sword","Boss_Goblin","Boss_Goblin","","","FALSE","TRUE"
"PCG_VFX_OAT_Sensitivity_20260826_153906","2026-08-26T15:39:06.2831112Z","RegionEligibilityThreshold_Plus10Percent","Region eligibility threshold","RegionEligibilityThreshold","Plus10Percent","Player_09","Neutral","TRUE","0.173111","0.032705","0.130808","0.005832","0.173111","0.140407","0.086506","Weapon_Axe","Weapon_Axe","Boss_StarGiant","Boss_StarGiant","","","FALSE","FALSE"
"PCG_VFX_OAT_Sensitivity_20260826_153906","2026-08-26T15:39:06.2831112Z","RegionEligibilityThreshold_Plus10Percent","Region eligibility threshold","RegionEligibilityThreshold","Plus10Percent","Player_10","Neutral","TRUE","0.173459","0.026084","0.173459","0.054167","0.064583","0.147375","0.095284","Weapon_Sword","Weapon_Axe","Boss_IceDragon","Boss_SeaTurtle","","","FALSE","TRUE"
"PCG_VFX_OAT_Sensitivity_20260826_153906","2026-08-26T15:39:06.2831112Z","RegionEligibilityThreshold_Plus10Percent","Region eligibility threshold","RegionEligibilityThreshold","Plus10Percent","Player_11","Forest","FALSE","0.581922","0.43414","0.042463","0.581922","0.109928","0.147782","0.127011","Weapon_Dagger","Weapon_Staff","Boss_SeaTurtle","Boss_SeaTurtle","Region_ForestRuins","Region_ForestRuins","FALSE","FALSE"
"PCG_VFX_OAT_Sensitivity_20260826_153906","2026-08-26T15:39:06.2831112Z","RegionEligibilityThreshold_Plus10Percent","Region eligibility threshold","RegionEligibilityThreshold","Plus10Percent","Player_12","Neutral","TRUE","0.266808","0.122564","0.144244","0.266808","0.038949","0","0","Weapon_Sword","Weapon_Sword","Boss_Goblin","Boss_Goblin","","","FALSE","FALSE"
"PCG_VFX_OAT_Sensitivity_20260826_153906","2026-08-26T15:39:06.2831112Z","WeaponHalfLifeDays_Minus10Percent","Weapon recency half-life","WeaponHalfLifeDays","Minus10Percent","Player_01","Ice","FALSE","0.626139","0.438217","0.626139","0.187922","0","0.135717","0.138269","Weapon_Bow","Weapon_Bow","Boss_IceDragon","Boss_SeaTurtle","Region_SnowfieldRuins","Region_SnowfieldRuins","FALSE","FALSE"
"PCG_VFX_OAT_Sensitivity_20260826_153906","2026-08-26T15:39:06.2831112Z","WeaponHalfLifeDays_Minus10Percent","Weapon recency half-life","WeaponHalfLifeDays","Minus10Percent","Player_02","Galaxy","FALSE","0.654759","0.480629","0.052703","0.080269","0.654759","0.17413","0.140641","Weapon_Axe","Weapon_Axe","Boss_StarGiant","Boss_StarGiant","Region_SkyRuins","Region_SkyRuins","FALSE","FALSE"
"PCG_VFX_OAT_Sensitivity_20260826_153906","2026-08-26T15:39:06.2831112Z","WeaponHalfLifeDays_Minus10Percent","Weapon recency half-life","WeaponHalfLifeDays","Minus10Percent","Player_03","Holy","FALSE","0.709055","0.560051","0.149004","0.060339","0.13866","0.090927","0.709055","Weapon_Staff","Weapon_Staff","Boss_IceDragon","Boss_AncientCultLeader","Region_MonasteryRuins","Region_MonasteryRuins","FALSE","FALSE"
"PCG_VFX_OAT_Sensitivity_20260826_153906","2026-08-26T15:39:06.2831112Z","WeaponHalfLifeDays_Minus10Percent","Weapon recency half-life","WeaponHalfLifeDays","Minus10Percent","Player_04","Neutral","TRUE","0.376074","0.012291","0.376074","0.363783","0.124286","0.064395","0.122309","Weapon_Sword","Weapon_Bow","Boss_StarGiant","Boss_StarGiant","Region_ForestRuins","Region_ForestRuins","FALSE","FALSE"
"PCG_VFX_OAT_Sensitivity_20260826_153906","2026-08-26T15:39:06.2831112Z","WeaponHalfLifeDays_Minus10Percent","Weapon recency half-life","WeaponHalfLifeDays","Minus10Percent","Player_05","Neutral","TRUE","0.233309","0.113173","0.06656","0.233309","0.120135","0","0.029996","Weapon_Dagger","Weapon_Staff","Boss_Goblin","Boss_Goblin","","","FALSE","FALSE"
"PCG_VFX_OAT_Sensitivity_20260826_153906","2026-08-26T15:39:06.2831112Z","WeaponHalfLifeDays_Minus10Percent","Weapon recency half-life","WeaponHalfLifeDays","Minus10Percent","Player_06","Ocean","FALSE","0.606793","0.418165","0.09991","0.102251","0.035","0.606793","0.188629","Weapon_Staff","Weapon_Staff","Boss_SeaTurtle","Boss_SeaTurtle","Region_OceanRuins","Region_OceanRuins","FALSE","FALSE"
"PCG_VFX_OAT_Sensitivity_20260826_153906","2026-08-26T15:39:06.2831112Z","WeaponHalfLifeDays_Minus10Percent","Weapon recency half-life","WeaponHalfLifeDays","Minus10Percent","Player_07","Galaxy","FALSE","0.665976","0.459489","0.163203","0.037094","0.665976","0.065142","0.206488","Weapon_Hammer","Weapon_Hammer","Boss_IceDragon","Boss_StarGiant","Region_SkyRuins","Region_SkyRuins","FALSE","FALSE"
"PCG_VFX_OAT_Sensitivity_20260826_153906","2026-08-26T15:39:06.2831112Z","WeaponHalfLifeDays_Minus10Percent","Weapon recency half-life","WeaponHalfLifeDays","Minus10Percent","Player_08","Neutral","TRUE","0.461292","0.110681","0.350611","0.461292","0.014207","0.050012","0.110945","Weapon_Sword","Weapon_Sword","Boss_Goblin","Boss_Goblin","Region_ForestRuins","Region_ForestRuins","FALSE","FALSE"
"PCG_VFX_OAT_Sensitivity_20260826_153906","2026-08-26T15:39:06.2831112Z","WeaponHalfLifeDays_Minus10Percent","Weapon recency half-life","WeaponHalfLifeDays","Minus10Percent","Player_09","Neutral","TRUE","0.173111","0.032705","0.130808","0.005832","0.173111","0.140407","0.086506","Weapon_Axe","Weapon_Axe","Boss_StarGiant","Boss_StarGiant","","","FALSE","FALSE"
"PCG_VFX_OAT_Sensitivity_20260826_153906","2026-08-26T15:39:06.2831112Z","WeaponHalfLifeDays_Minus10Percent","Weapon recency half-life","WeaponHalfLifeDays","Minus10Percent","Player_10","Neutral","TRUE","0.278225","0.025242","0.278225","0.148437","0.174857","0.252983","0.245448","Weapon_Sword","Weapon_Axe","Boss_IceDragon","Boss_SeaTurtle","Region_OceanRuins","Region_MonasteryRuins","FALSE","FALSE"
"PCG_VFX_OAT_Sensitivity_20260826_153906","2026-08-26T15:39:06.2831112Z","WeaponHalfLifeDays_Minus10Percent","Weapon recency half-life","WeaponHalfLifeDays","Minus10Percent","Player_11","Forest","FALSE","0.581922","0.43414","0.042463","0.581922","0.109928","0.147782","0.127011","Weapon_Dagger","Weapon_Staff","Boss_SeaTurtle","Boss_SeaTurtle","Region_ForestRuins","Region_ForestRuins","FALSE","FALSE"
"PCG_VFX_OAT_Sensitivity_20260826_153906","2026-08-26T15:39:06.2831112Z","WeaponHalfLifeDays_Minus10Percent","Weapon recency half-life","WeaponHalfLifeDays","Minus10Percent","Player_12","Neutral","TRUE","0.266808","0.122564","0.144244","0.266808","0.038949","0","0","Weapon_Sword","Weapon_Sword","Boss_Goblin","Boss_Goblin","","","FALSE","FALSE"
"PCG_VFX_OAT_Sensitivity_20260826_153906","2026-08-26T15:39:06.2831112Z","WeaponHalfLifeDays_Plus10Percent","Weapon recency half-life","WeaponHalfLifeDays","Plus10Percent","Player_01","Ice","FALSE","0.626139","0.438217","0.626139","0.187922","0","0.135717","0.138269","Weapon_Bow","Weapon_Bow","Boss_IceDragon","Boss_SeaTurtle","Region_SnowfieldRuins","Region_SnowfieldRuins","FALSE","FALSE"
"PCG_VFX_OAT_Sensitivity_20260826_153906","2026-08-26T15:39:06.2831112Z","WeaponHalfLifeDays_Plus10Percent","Weapon recency half-life","WeaponHalfLifeDays","Plus10Percent","Player_02","Galaxy","FALSE","0.654759","0.480629","0.052703","0.080269","0.654759","0.17413","0.140641","Weapon_Axe","Weapon_Axe","Boss_StarGiant","Boss_StarGiant","Region_SkyRuins","Region_SkyRuins","FALSE","FALSE"
"PCG_VFX_OAT_Sensitivity_20260826_153906","2026-08-26T15:39:06.2831112Z","WeaponHalfLifeDays_Plus10Percent","Weapon recency half-life","WeaponHalfLifeDays","Plus10Percent","Player_03","Holy","FALSE","0.709055","0.560051","0.149004","0.060339","0.13866","0.090927","0.709055","Weapon_Staff","Weapon_Staff","Boss_IceDragon","Boss_AncientCultLeader","Region_MonasteryRuins","Region_MonasteryRuins","FALSE","FALSE"
"PCG_VFX_OAT_Sensitivity_20260826_153906","2026-08-26T15:39:06.2831112Z","WeaponHalfLifeDays_Plus10Percent","Weapon recency half-life","WeaponHalfLifeDays","Plus10Percent","Player_04","Neutral","TRUE","0.376074","0.012291","0.376074","0.363783","0.124286","0.064395","0.122309","Weapon_Sword","Weapon_Bow","Boss_StarGiant","Boss_StarGiant","Region_ForestRuins","Region_ForestRuins","FALSE","FALSE"
"PCG_VFX_OAT_Sensitivity_20260826_153906","2026-08-26T15:39:06.2831112Z","WeaponHalfLifeDays_Plus10Percent","Weapon recency half-life","WeaponHalfLifeDays","Plus10Percent","Player_05","Neutral","TRUE","0.233309","0.113173","0.06656","0.233309","0.120135","0","0.029996","Weapon_Dagger","Weapon_Staff","Boss_Goblin","Boss_Goblin","","","FALSE","FALSE"
"PCG_VFX_OAT_Sensitivity_20260826_153906","2026-08-26T15:39:06.2831112Z","WeaponHalfLifeDays_Plus10Percent","Weapon recency half-life","WeaponHalfLifeDays","Plus10Percent","Player_06","Ocean","FALSE","0.606793","0.418165","0.09991","0.102251","0.035","0.606793","0.188629","Weapon_Staff","Weapon_Staff","Boss_SeaTurtle","Boss_SeaTurtle","Region_OceanRuins","Region_OceanRuins","FALSE","FALSE"
"PCG_VFX_OAT_Sensitivity_20260826_153906","2026-08-26T15:39:06.2831112Z","WeaponHalfLifeDays_Plus10Percent","Weapon recency half-life","WeaponHalfLifeDays","Plus10Percent","Player_07","Galaxy","FALSE","0.665976","0.459489","0.163203","0.037094","0.665976","0.065142","0.206488","Weapon_Hammer","Weapon_Hammer","Boss_IceDragon","Boss_StarGiant","Region_SkyRuins","Region_SkyRuins","FALSE","FALSE"
"PCG_VFX_OAT_Sensitivity_20260826_153906","2026-08-26T15:39:06.2831112Z","WeaponHalfLifeDays_Plus10Percent","Weapon recency half-life","WeaponHalfLifeDays","Plus10Percent","Player_08","Neutral","TRUE","0.461292","0.110681","0.350611","0.461292","0.014207","0.050012","0.110945","Weapon_Sword","Weapon_Sword","Boss_Goblin","Boss_Goblin","Region_ForestRuins","Region_ForestRuins","FALSE","FALSE"
"PCG_VFX_OAT_Sensitivity_20260826_153906","2026-08-26T15:39:06.2831112Z","WeaponHalfLifeDays_Plus10Percent","Weapon recency half-life","WeaponHalfLifeDays","Plus10Percent","Player_09","Neutral","TRUE","0.173111","0.032705","0.130808","0.005832","0.173111","0.140407","0.086506","Weapon_Axe","Weapon_Axe","Boss_StarGiant","Boss_StarGiant","","","FALSE","FALSE"
"PCG_VFX_OAT_Sensitivity_20260826_153906","2026-08-26T15:39:06.2831112Z","WeaponHalfLifeDays_Plus10Percent","Weapon recency half-life","WeaponHalfLifeDays","Plus10Percent","Player_10","Neutral","TRUE","0.278225","0.025242","0.278225","0.148437","0.174857","0.252983","0.245448","Weapon_Sword","Weapon_Axe","Boss_IceDragon","Boss_SeaTurtle","Region_OceanRuins","Region_MonasteryRuins","FALSE","FALSE"
"PCG_VFX_OAT_Sensitivity_20260826_153906","2026-08-26T15:39:06.2831112Z","WeaponHalfLifeDays_Plus10Percent","Weapon recency half-life","WeaponHalfLifeDays","Plus10Percent","Player_11","Forest","FALSE","0.581922","0.43414","0.042463","0.581922","0.109928","0.147782","0.127011","Weapon_Dagger","Weapon_Staff","Boss_SeaTurtle","Boss_SeaTurtle","Region_ForestRuins","Region_ForestRuins","FALSE","FALSE"
"PCG_VFX_OAT_Sensitivity_20260826_153906","2026-08-26T15:39:06.2831112Z","WeaponHalfLifeDays_Plus10Percent","Weapon recency half-life","WeaponHalfLifeDays","Plus10Percent","Player_12","Neutral","TRUE","0.266808","0.122564","0.144244","0.266808","0.038949","0","0","Weapon_Sword","Weapon_Sword","Boss_Goblin","Boss_Goblin","","","FALSE","FALSE"
"PCG_VFX_OAT_Sensitivity_20260826_153906","2026-08-26T15:39:06.2831112Z","BossRecencyHalfLifeDays_Minus10Percent","Boss recency half-life","BossRecencyHalfLifeDays","Minus10Percent","Player_01","Ice","FALSE","0.626139","0.438217","0.626139","0.187922","0","0.135717","0.138269","Weapon_Bow","Weapon_Bow","Boss_IceDragon","Boss_SeaTurtle","Region_SnowfieldRuins","Region_SnowfieldRuins","FALSE","FALSE"
"PCG_VFX_OAT_Sensitivity_20260826_153906","2026-08-26T15:39:06.2831112Z","BossRecencyHalfLifeDays_Minus10Percent","Boss recency half-life","BossRecencyHalfLifeDays","Minus10Percent","Player_02","Galaxy","FALSE","0.654759","0.480629","0.052703","0.080269","0.654759","0.17413","0.140641","Weapon_Axe","Weapon_Axe","Boss_StarGiant","Boss_StarGiant","Region_SkyRuins","Region_SkyRuins","FALSE","FALSE"
"PCG_VFX_OAT_Sensitivity_20260826_153906","2026-08-26T15:39:06.2831112Z","BossRecencyHalfLifeDays_Minus10Percent","Boss recency half-life","BossRecencyHalfLifeDays","Minus10Percent","Player_03","Holy","FALSE","0.709055","0.560051","0.149004","0.060339","0.13866","0.090927","0.709055","Weapon_Staff","Weapon_Staff","Boss_IceDragon","Boss_AncientCultLeader","Region_MonasteryRuins","Region_MonasteryRuins","FALSE","FALSE"
"PCG_VFX_OAT_Sensitivity_20260826_153906","2026-08-26T15:39:06.2831112Z","BossRecencyHalfLifeDays_Minus10Percent","Boss recency half-life","BossRecencyHalfLifeDays","Minus10Percent","Player_04","Neutral","TRUE","0.376074","0.012291","0.376074","0.363783","0.124286","0.064395","0.122309","Weapon_Sword","Weapon_Bow","Boss_StarGiant","Boss_StarGiant","Region_ForestRuins","Region_ForestRuins","FALSE","FALSE"
"PCG_VFX_OAT_Sensitivity_20260826_153906","2026-08-26T15:39:06.2831112Z","BossRecencyHalfLifeDays_Minus10Percent","Boss recency half-life","BossRecencyHalfLifeDays","Minus10Percent","Player_05","Neutral","TRUE","0.233309","0.113173","0.06656","0.233309","0.120135","0","0.029996","Weapon_Dagger","Weapon_Staff","Boss_Goblin","Boss_Goblin","","","FALSE","FALSE"
"PCG_VFX_OAT_Sensitivity_20260826_153906","2026-08-26T15:39:06.2831112Z","BossRecencyHalfLifeDays_Minus10Percent","Boss recency half-life","BossRecencyHalfLifeDays","Minus10Percent","Player_06","Ocean","FALSE","0.606793","0.418165","0.09991","0.102251","0.035","0.606793","0.188629","Weapon_Staff","Weapon_Staff","Boss_SeaTurtle","Boss_SeaTurtle","Region_OceanRuins","Region_OceanRuins","FALSE","FALSE"
"PCG_VFX_OAT_Sensitivity_20260826_153906","2026-08-26T15:39:06.2831112Z","BossRecencyHalfLifeDays_Minus10Percent","Boss recency half-life","BossRecencyHalfLifeDays","Minus10Percent","Player_07","Galaxy","FALSE","0.665976","0.459489","0.163203","0.037094","0.665976","0.065142","0.206488","Weapon_Hammer","Weapon_Hammer","Boss_IceDragon","Boss_StarGiant","Region_SkyRuins","Region_SkyRuins","FALSE","FALSE"
"PCG_VFX_OAT_Sensitivity_20260826_153906","2026-08-26T15:39:06.2831112Z","BossRecencyHalfLifeDays_Minus10Percent","Boss recency half-life","BossRecencyHalfLifeDays","Minus10Percent","Player_08","Neutral","TRUE","0.461292","0.110681","0.350611","0.461292","0.014207","0.050012","0.110945","Weapon_Sword","Weapon_Sword","Boss_Goblin","Boss_Goblin","Region_ForestRuins","Region_ForestRuins","FALSE","FALSE"
"PCG_VFX_OAT_Sensitivity_20260826_153906","2026-08-26T15:39:06.2831112Z","BossRecencyHalfLifeDays_Minus10Percent","Boss recency half-life","BossRecencyHalfLifeDays","Minus10Percent","Player_09","Neutral","TRUE","0.173111","0.032705","0.130808","0.005832","0.173111","0.140407","0.086506","Weapon_Axe","Weapon_Axe","Boss_StarGiant","Boss_StarGiant","","","FALSE","FALSE"
"PCG_VFX_OAT_Sensitivity_20260826_153906","2026-08-26T15:39:06.2831112Z","BossRecencyHalfLifeDays_Minus10Percent","Boss recency half-life","BossRecencyHalfLifeDays","Minus10Percent","Player_10","Neutral","TRUE","0.278225","0.025242","0.278225","0.148437","0.174857","0.252983","0.245448","Weapon_Sword","Weapon_Axe","Boss_IceDragon","Boss_SeaTurtle","Region_OceanRuins","Region_MonasteryRuins","FALSE","FALSE"
"PCG_VFX_OAT_Sensitivity_20260826_153906","2026-08-26T15:39:06.2831112Z","BossRecencyHalfLifeDays_Minus10Percent","Boss recency half-life","BossRecencyHalfLifeDays","Minus10Percent","Player_11","Forest","FALSE","0.581922","0.43414","0.042463","0.581922","0.109928","0.147782","0.127011","Weapon_Dagger","Weapon_Staff","Boss_SeaTurtle","Boss_SeaTurtle","Region_ForestRuins","Region_ForestRuins","FALSE","FALSE"
"PCG_VFX_OAT_Sensitivity_20260826_153906","2026-08-26T15:39:06.2831112Z","BossRecencyHalfLifeDays_Minus10Percent","Boss recency half-life","BossRecencyHalfLifeDays","Minus10Percent","Player_12","Neutral","TRUE","0.266808","0.122564","0.144244","0.266808","0.038949","0","0","Weapon_Sword","Weapon_Sword","Boss_Goblin","Boss_Goblin","","","FALSE","FALSE"
"PCG_VFX_OAT_Sensitivity_20260826_153906","2026-08-26T15:39:06.2831112Z","BossRecencyHalfLifeDays_Plus10Percent","Boss recency half-life","BossRecencyHalfLifeDays","Plus10Percent","Player_01","Ice","FALSE","0.626139","0.438217","0.626139","0.187922","0","0.135717","0.138269","Weapon_Bow","Weapon_Bow","Boss_IceDragon","Boss_SeaTurtle","Region_SnowfieldRuins","Region_SnowfieldRuins","FALSE","FALSE"
"PCG_VFX_OAT_Sensitivity_20260826_153906","2026-08-26T15:39:06.2831112Z","BossRecencyHalfLifeDays_Plus10Percent","Boss recency half-life","BossRecencyHalfLifeDays","Plus10Percent","Player_02","Galaxy","FALSE","0.654759","0.480629","0.052703","0.080269","0.654759","0.17413","0.140641","Weapon_Axe","Weapon_Axe","Boss_StarGiant","Boss_StarGiant","Region_SkyRuins","Region_SkyRuins","FALSE","FALSE"
"PCG_VFX_OAT_Sensitivity_20260826_153906","2026-08-26T15:39:06.2831112Z","BossRecencyHalfLifeDays_Plus10Percent","Boss recency half-life","BossRecencyHalfLifeDays","Plus10Percent","Player_03","Holy","FALSE","0.709055","0.560051","0.149004","0.060339","0.13866","0.090927","0.709055","Weapon_Staff","Weapon_Staff","Boss_IceDragon","Boss_AncientCultLeader","Region_MonasteryRuins","Region_MonasteryRuins","FALSE","FALSE"
"PCG_VFX_OAT_Sensitivity_20260826_153906","2026-08-26T15:39:06.2831112Z","BossRecencyHalfLifeDays_Plus10Percent","Boss recency half-life","BossRecencyHalfLifeDays","Plus10Percent","Player_04","Neutral","TRUE","0.376074","0.012291","0.376074","0.363783","0.124286","0.064395","0.122309","Weapon_Sword","Weapon_Bow","Boss_StarGiant","Boss_StarGiant","Region_ForestRuins","Region_ForestRuins","FALSE","FALSE"
"PCG_VFX_OAT_Sensitivity_20260826_153906","2026-08-26T15:39:06.2831112Z","BossRecencyHalfLifeDays_Plus10Percent","Boss recency half-life","BossRecencyHalfLifeDays","Plus10Percent","Player_05","Neutral","TRUE","0.233309","0.113173","0.06656","0.233309","0.120135","0","0.029996","Weapon_Dagger","Weapon_Staff","Boss_Goblin","Boss_Goblin","","","FALSE","FALSE"
"PCG_VFX_OAT_Sensitivity_20260826_153906","2026-08-26T15:39:06.2831112Z","BossRecencyHalfLifeDays_Plus10Percent","Boss recency half-life","BossRecencyHalfLifeDays","Plus10Percent","Player_06","Ocean","FALSE","0.606793","0.418165","0.09991","0.102251","0.035","0.606793","0.188629","Weapon_Staff","Weapon_Staff","Boss_SeaTurtle","Boss_SeaTurtle","Region_OceanRuins","Region_OceanRuins","FALSE","FALSE"
"PCG_VFX_OAT_Sensitivity_20260826_153906","2026-08-26T15:39:06.2831112Z","BossRecencyHalfLifeDays_Plus10Percent","Boss recency half-life","BossRecencyHalfLifeDays","Plus10Percent","Player_07","Galaxy","FALSE","0.665976","0.459489","0.163203","0.037094","0.665976","0.065142","0.206488","Weapon_Hammer","Weapon_Hammer","Boss_IceDragon","Boss_StarGiant","Region_SkyRuins","Region_SkyRuins","FALSE","FALSE"
"PCG_VFX_OAT_Sensitivity_20260826_153906","2026-08-26T15:39:06.2831112Z","BossRecencyHalfLifeDays_Plus10Percent","Boss recency half-life","BossRecencyHalfLifeDays","Plus10Percent","Player_08","Neutral","TRUE","0.461292","0.110681","0.350611","0.461292","0.014207","0.050012","0.110945","Weapon_Sword","Weapon_Sword","Boss_Goblin","Boss_Goblin","Region_ForestRuins","Region_ForestRuins","FALSE","FALSE"
"PCG_VFX_OAT_Sensitivity_20260826_153906","2026-08-26T15:39:06.2831112Z","BossRecencyHalfLifeDays_Plus10Percent","Boss recency half-life","BossRecencyHalfLifeDays","Plus10Percent","Player_09","Neutral","TRUE","0.173111","0.032705","0.130808","0.005832","0.173111","0.140407","0.086506","Weapon_Axe","Weapon_Axe","Boss_StarGiant","Boss_StarGiant","","","FALSE","FALSE"
"PCG_VFX_OAT_Sensitivity_20260826_153906","2026-08-26T15:39:06.2831112Z","BossRecencyHalfLifeDays_Plus10Percent","Boss recency half-life","BossRecencyHalfLifeDays","Plus10Percent","Player_10","Neutral","TRUE","0.278225","0.025242","0.278225","0.148437","0.174857","0.252983","0.245448","Weapon_Sword","Weapon_Axe","Boss_IceDragon","Boss_SeaTurtle","Region_OceanRuins","Region_MonasteryRuins","FALSE","FALSE"
"PCG_VFX_OAT_Sensitivity_20260826_153906","2026-08-26T15:39:06.2831112Z","BossRecencyHalfLifeDays_Plus10Percent","Boss recency half-life","BossRecencyHalfLifeDays","Plus10Percent","Player_11","Forest","FALSE","0.581922","0.43414","0.042463","0.581922","0.109928","0.147782","0.127011","Weapon_Dagger","Weapon_Staff","Boss_SeaTurtle","Boss_SeaTurtle","Region_ForestRuins","Region_ForestRuins","FALSE","FALSE"
"PCG_VFX_OAT_Sensitivity_20260826_153906","2026-08-26T15:39:06.2831112Z","BossRecencyHalfLifeDays_Plus10Percent","Boss recency half-life","BossRecencyHalfLifeDays","Plus10Percent","Player_12","Neutral","TRUE","0.266808","0.122564","0.144244","0.266808","0.038949","0","0","Weapon_Sword","Weapon_Sword","Boss_Goblin","Boss_Goblin","","","FALSE","FALSE"
"PCG_VFX_OAT_Sensitivity_20260826_153906","2026-08-26T15:39:06.2831112Z","RegionRecencyHalfLifeDays_Minus10Percent","Region recency half-life","RegionRecencyHalfLifeDays","Minus10Percent","Player_01","Ice","FALSE","0.626139","0.438217","0.626139","0.187922","0","0.135717","0.138269","Weapon_Bow","Weapon_Bow","Boss_IceDragon","Boss_SeaTurtle","Region_SnowfieldRuins","Region_SnowfieldRuins","FALSE","FALSE"
"PCG_VFX_OAT_Sensitivity_20260826_153906","2026-08-26T15:39:06.2831112Z","RegionRecencyHalfLifeDays_Minus10Percent","Region recency half-life","RegionRecencyHalfLifeDays","Minus10Percent","Player_02","Galaxy","FALSE","0.654759","0.480629","0.052703","0.080269","0.654759","0.17413","0.140641","Weapon_Axe","Weapon_Axe","Boss_StarGiant","Boss_StarGiant","Region_SkyRuins","Region_SkyRuins","FALSE","FALSE"
"PCG_VFX_OAT_Sensitivity_20260826_153906","2026-08-26T15:39:06.2831112Z","RegionRecencyHalfLifeDays_Minus10Percent","Region recency half-life","RegionRecencyHalfLifeDays","Minus10Percent","Player_03","Holy","FALSE","0.709055","0.560051","0.149004","0.060339","0.13866","0.090927","0.709055","Weapon_Staff","Weapon_Staff","Boss_IceDragon","Boss_AncientCultLeader","Region_MonasteryRuins","Region_MonasteryRuins","FALSE","FALSE"
"PCG_VFX_OAT_Sensitivity_20260826_153906","2026-08-26T15:39:06.2831112Z","RegionRecencyHalfLifeDays_Minus10Percent","Region recency half-life","RegionRecencyHalfLifeDays","Minus10Percent","Player_04","Neutral","TRUE","0.376074","0.012291","0.376074","0.363783","0.124286","0.064395","0.122309","Weapon_Sword","Weapon_Bow","Boss_StarGiant","Boss_StarGiant","Region_ForestRuins","Region_ForestRuins","FALSE","FALSE"
"PCG_VFX_OAT_Sensitivity_20260826_153906","2026-08-26T15:39:06.2831112Z","RegionRecencyHalfLifeDays_Minus10Percent","Region recency half-life","RegionRecencyHalfLifeDays","Minus10Percent","Player_05","Neutral","TRUE","0.233309","0.113173","0.06656","0.233309","0.120135","0","0.029996","Weapon_Dagger","Weapon_Staff","Boss_Goblin","Boss_Goblin","","","FALSE","FALSE"
"PCG_VFX_OAT_Sensitivity_20260826_153906","2026-08-26T15:39:06.2831112Z","RegionRecencyHalfLifeDays_Minus10Percent","Region recency half-life","RegionRecencyHalfLifeDays","Minus10Percent","Player_06","Ocean","FALSE","0.606793","0.418165","0.09991","0.102251","0.035","0.606793","0.188629","Weapon_Staff","Weapon_Staff","Boss_SeaTurtle","Boss_SeaTurtle","Region_OceanRuins","Region_OceanRuins","FALSE","FALSE"
"PCG_VFX_OAT_Sensitivity_20260826_153906","2026-08-26T15:39:06.2831112Z","RegionRecencyHalfLifeDays_Minus10Percent","Region recency half-life","RegionRecencyHalfLifeDays","Minus10Percent","Player_07","Galaxy","FALSE","0.665976","0.459489","0.163203","0.037094","0.665976","0.065142","0.206488","Weapon_Hammer","Weapon_Hammer","Boss_IceDragon","Boss_StarGiant","Region_SkyRuins","Region_SkyRuins","FALSE","FALSE"
"PCG_VFX_OAT_Sensitivity_20260826_153906","2026-08-26T15:39:06.2831112Z","RegionRecencyHalfLifeDays_Minus10Percent","Region recency half-life","RegionRecencyHalfLifeDays","Minus10Percent","Player_08","Neutral","TRUE","0.461292","0.110681","0.350611","0.461292","0.014207","0.050012","0.110945","Weapon_Sword","Weapon_Sword","Boss_Goblin","Boss_Goblin","Region_ForestRuins","Region_ForestRuins","FALSE","FALSE"
"PCG_VFX_OAT_Sensitivity_20260826_153906","2026-08-26T15:39:06.2831112Z","RegionRecencyHalfLifeDays_Minus10Percent","Region recency half-life","RegionRecencyHalfLifeDays","Minus10Percent","Player_09","Neutral","TRUE","0.173111","0.032705","0.130808","0.005832","0.173111","0.140407","0.086506","Weapon_Axe","Weapon_Axe","Boss_StarGiant","Boss_StarGiant","","","FALSE","FALSE"
"PCG_VFX_OAT_Sensitivity_20260826_153906","2026-08-26T15:39:06.2831112Z","RegionRecencyHalfLifeDays_Minus10Percent","Region recency half-life","RegionRecencyHalfLifeDays","Minus10Percent","Player_10","Neutral","TRUE","0.278225","0.025242","0.278225","0.148437","0.174857","0.252983","0.245448","Weapon_Sword","Weapon_Axe","Boss_IceDragon","Boss_SeaTurtle","Region_OceanRuins","Region_MonasteryRuins","FALSE","FALSE"
"PCG_VFX_OAT_Sensitivity_20260826_153906","2026-08-26T15:39:06.2831112Z","RegionRecencyHalfLifeDays_Minus10Percent","Region recency half-life","RegionRecencyHalfLifeDays","Minus10Percent","Player_11","Forest","FALSE","0.581922","0.43414","0.042463","0.581922","0.109928","0.147782","0.127011","Weapon_Dagger","Weapon_Staff","Boss_SeaTurtle","Boss_SeaTurtle","Region_ForestRuins","Region_ForestRuins","FALSE","FALSE"
"PCG_VFX_OAT_Sensitivity_20260826_153906","2026-08-26T15:39:06.2831112Z","RegionRecencyHalfLifeDays_Minus10Percent","Region recency half-life","RegionRecencyHalfLifeDays","Minus10Percent","Player_12","Neutral","TRUE","0.266808","0.122564","0.144244","0.266808","0.038949","0","0","Weapon_Sword","Weapon_Sword","Boss_Goblin","Boss_Goblin","","","FALSE","FALSE"
"PCG_VFX_OAT_Sensitivity_20260826_153906","2026-08-26T15:39:06.2831112Z","RegionRecencyHalfLifeDays_Plus10Percent","Region recency half-life","RegionRecencyHalfLifeDays","Plus10Percent","Player_01","Ice","FALSE","0.626139","0.438217","0.626139","0.187922","0","0.135717","0.138269","Weapon_Bow","Weapon_Bow","Boss_IceDragon","Boss_SeaTurtle","Region_SnowfieldRuins","Region_SnowfieldRuins","FALSE","FALSE"
"PCG_VFX_OAT_Sensitivity_20260826_153906","2026-08-26T15:39:06.2831112Z","RegionRecencyHalfLifeDays_Plus10Percent","Region recency half-life","RegionRecencyHalfLifeDays","Plus10Percent","Player_02","Galaxy","FALSE","0.654759","0.480629","0.052703","0.080269","0.654759","0.17413","0.140641","Weapon_Axe","Weapon_Axe","Boss_StarGiant","Boss_StarGiant","Region_SkyRuins","Region_SkyRuins","FALSE","FALSE"
"PCG_VFX_OAT_Sensitivity_20260826_153906","2026-08-26T15:39:06.2831112Z","RegionRecencyHalfLifeDays_Plus10Percent","Region recency half-life","RegionRecencyHalfLifeDays","Plus10Percent","Player_03","Holy","FALSE","0.709055","0.560051","0.149004","0.060339","0.13866","0.090927","0.709055","Weapon_Staff","Weapon_Staff","Boss_IceDragon","Boss_AncientCultLeader","Region_MonasteryRuins","Region_MonasteryRuins","FALSE","FALSE"
"PCG_VFX_OAT_Sensitivity_20260826_153906","2026-08-26T15:39:06.2831112Z","RegionRecencyHalfLifeDays_Plus10Percent","Region recency half-life","RegionRecencyHalfLifeDays","Plus10Percent","Player_04","Neutral","TRUE","0.376074","0.012291","0.376074","0.363783","0.124286","0.064395","0.122309","Weapon_Sword","Weapon_Bow","Boss_StarGiant","Boss_StarGiant","Region_ForestRuins","Region_ForestRuins","FALSE","FALSE"
"PCG_VFX_OAT_Sensitivity_20260826_153906","2026-08-26T15:39:06.2831112Z","RegionRecencyHalfLifeDays_Plus10Percent","Region recency half-life","RegionRecencyHalfLifeDays","Plus10Percent","Player_05","Neutral","TRUE","0.233309","0.113173","0.06656","0.233309","0.120135","0","0.029996","Weapon_Dagger","Weapon_Staff","Boss_Goblin","Boss_Goblin","","","FALSE","FALSE"
"PCG_VFX_OAT_Sensitivity_20260826_153906","2026-08-26T15:39:06.2831112Z","RegionRecencyHalfLifeDays_Plus10Percent","Region recency half-life","RegionRecencyHalfLifeDays","Plus10Percent","Player_06","Ocean","FALSE","0.606793","0.418165","0.09991","0.102251","0.035","0.606793","0.188629","Weapon_Staff","Weapon_Staff","Boss_SeaTurtle","Boss_SeaTurtle","Region_OceanRuins","Region_OceanRuins","FALSE","FALSE"
"PCG_VFX_OAT_Sensitivity_20260826_153906","2026-08-26T15:39:06.2831112Z","RegionRecencyHalfLifeDays_Plus10Percent","Region recency half-life","RegionRecencyHalfLifeDays","Plus10Percent","Player_07","Galaxy","FALSE","0.665976","0.459489","0.163203","0.037094","0.665976","0.065142","0.206488","Weapon_Hammer","Weapon_Hammer","Boss_IceDragon","Boss_StarGiant","Region_SkyRuins","Region_SkyRuins","FALSE","FALSE"
"PCG_VFX_OAT_Sensitivity_20260826_153906","2026-08-26T15:39:06.2831112Z","RegionRecencyHalfLifeDays_Plus10Percent","Region recency half-life","RegionRecencyHalfLifeDays","Plus10Percent","Player_08","Neutral","TRUE","0.461292","0.110681","0.350611","0.461292","0.014207","0.050012","0.110945","Weapon_Sword","Weapon_Sword","Boss_Goblin","Boss_Goblin","Region_ForestRuins","Region_ForestRuins","FALSE","FALSE"
"PCG_VFX_OAT_Sensitivity_20260826_153906","2026-08-26T15:39:06.2831112Z","RegionRecencyHalfLifeDays_Plus10Percent","Region recency half-life","RegionRecencyHalfLifeDays","Plus10Percent","Player_09","Neutral","TRUE","0.173111","0.032705","0.130808","0.005832","0.173111","0.140407","0.086506","Weapon_Axe","Weapon_Axe","Boss_StarGiant","Boss_StarGiant","","","FALSE","FALSE"
"PCG_VFX_OAT_Sensitivity_20260826_153906","2026-08-26T15:39:06.2831112Z","RegionRecencyHalfLifeDays_Plus10Percent","Region recency half-life","RegionRecencyHalfLifeDays","Plus10Percent","Player_10","Neutral","TRUE","0.278225","0.025242","0.278225","0.148437","0.174857","0.252983","0.245448","Weapon_Sword","Weapon_Axe","Boss_IceDragon","Boss_SeaTurtle","Region_OceanRuins","Region_MonasteryRuins","FALSE","FALSE"
"PCG_VFX_OAT_Sensitivity_20260826_153906","2026-08-26T15:39:06.2831112Z","RegionRecencyHalfLifeDays_Plus10Percent","Region recency half-life","RegionRecencyHalfLifeDays","Plus10Percent","Player_11","Forest","FALSE","0.581922","0.43414","0.042463","0.581922","0.109928","0.147782","0.127011","Weapon_Dagger","Weapon_Staff","Boss_SeaTurtle","Boss_SeaTurtle","Region_ForestRuins","Region_ForestRuins","FALSE","FALSE"
"PCG_VFX_OAT_Sensitivity_20260826_153906","2026-08-26T15:39:06.2831112Z","RegionRecencyHalfLifeDays_Plus10Percent","Region recency half-life","RegionRecencyHalfLifeDays","Plus10Percent","Player_12","Neutral","TRUE","0.266808","0.122564","0.144244","0.266808","0.038949","0","0","Weapon_Sword","Weapon_Sword","Boss_Goblin","Boss_Goblin","","","FALSE","FALSE"
"PCG_VFX_OAT_Sensitivity_20260826_153906","2026-08-26T15:39:06.2831112Z","Stage2WeaponSemanticWeight_Minus10Percent","Stage 2 semantic aggregation weights","Stage2WeaponSemanticWeight","Minus10Percent","Player_01","Ice","FALSE","0.639385","0.464636","0.639385","0.174749","0","0.136944","0.139227","Weapon_Bow","Weapon_Bow","Boss_IceDragon","Boss_SeaTurtle","Region_SnowfieldRuins","Region_SnowfieldRuins","FALSE","FALSE"
"PCG_VFX_OAT_Sensitivity_20260826_153906","2026-08-26T15:39:06.2831112Z","Stage2WeaponSemanticWeight_Minus10Percent","Stage 2 semantic aggregation weights","Stage2WeaponSemanticWeight","Minus10Percent","Player_02","Galaxy","FALSE","0.667598","0.504299","0.051213","0.080248","0.667598","0.163299","0.142771","Weapon_Axe","Weapon_Axe","Boss_StarGiant","Boss_StarGiant","Region_SkyRuins","Region_SkyRuins","FALSE","FALSE"
"PCG_VFX_OAT_Sensitivity_20260826_153906","2026-08-26T15:39:06.2831112Z","Stage2WeaponSemanticWeight_Minus10Percent","Stage 2 semantic aggregation weights","Stage2WeaponSemanticWeight","Minus10Percent","Player_03","Holy","FALSE","0.710324","0.560579","0.149745","0.059544","0.140834","0.091331","0.710324","Weapon_Staff","Weapon_Staff","Boss_IceDragon","Boss_AncientCultLeader","Region_MonasteryRuins","Region_MonasteryRuins","FALSE","FALSE"
"PCG_VFX_OAT_Sensitivity_20260826_153906","2026-08-26T15:39:06.2831112Z","Stage2WeaponSemanticWeight_Minus10Percent","Stage 2 semantic aggregation weights","Stage2WeaponSemanticWeight","Minus10Percent","Player_04","Neutral","TRUE","0.377219","0.012511","0.377219","0.364709","0.124831","0.062833","0.122558","Weapon_Sword","Weapon_Bow","Boss_StarGiant","Boss_StarGiant","Region_ForestRuins","Region_ForestRuins","FALSE","FALSE"
"PCG_VFX_OAT_Sensitivity_20260826_153906","2026-08-26T15:39:06.2831112Z","Stage2WeaponSemanticWeight_Minus10Percent","Stage 2 semantic aggregation weights","Stage2WeaponSemanticWeight","Minus10Percent","Player_05","Neutral","TRUE","0.235875","0.124981","0.06144","0.235875","0.110894","0","0.027689","Weapon_Dagger","Weapon_Staff","Boss_Goblin","Boss_Goblin","","","FALSE","FALSE"
"PCG_VFX_OAT_Sensitivity_20260826_153906","2026-08-26T15:39:06.2831112Z","Stage2WeaponSemanticWeight_Minus10Percent","Stage 2 semantic aggregation weights","Stage2WeaponSemanticWeight","Minus10Percent","Player_06","Ocean","FALSE","0.618301","0.435822","0.095457","0.104873","0.032307","0.618301","0.182479","Weapon_Staff","Weapon_Staff","Boss_SeaTurtle","Boss_SeaTurtle","Region_OceanRuins","Region_OceanRuins","FALSE","FALSE"
"PCG_VFX_OAT_Sensitivity_20260826_153906","2026-08-26T15:39:06.2831112Z","Stage2WeaponSemanticWeight_Minus10Percent","Stage 2 semantic aggregation weights","Stage2WeaponSemanticWeight","Minus10Percent","Player_07","Galaxy","FALSE","0.672688","0.46732","0.164461","0.034902","0.672688","0.064019","0.205368","Weapon_Hammer","Weapon_Hammer","Boss_IceDragon","Boss_StarGiant","Region_SkyRuins","Region_SkyRuins","FALSE","FALSE"
"PCG_VFX_OAT_Sensitivity_20260826_153906","2026-08-26T15:39:06.2831112Z","Stage2WeaponSemanticWeight_Minus10Percent","Stage 2 semantic aggregation weights","Stage2WeaponSemanticWeight","Minus10Percent","Player_08","Neutral","TRUE","0.470197","0.124278","0.345919","0.470197","0.013114","0.048729","0.108777","Weapon_Sword","Weapon_Sword","Boss_Goblin","Boss_Goblin","Region_ForestRuins","Region_ForestRuins","FALSE","FALSE"
"PCG_VFX_OAT_Sensitivity_20260826_153906","2026-08-26T15:39:06.2831112Z","Stage2WeaponSemanticWeight_Minus10Percent","Stage 2 semantic aggregation weights","Stage2WeaponSemanticWeight","Minus10Percent","Player_09","Neutral","TRUE","0.172789","0.041875","0.130914","0.005981","0.172789","0.130802","0.084296","Weapon_Axe","Weapon_Axe","Boss_StarGiant","Boss_StarGiant","","","FALSE","FALSE"
"PCG_VFX_OAT_Sensitivity_20260826_153906","2026-08-26T15:39:06.2831112Z","Stage2WeaponSemanticWeight_Minus10Percent","Stage 2 semantic aggregation weights","Stage2WeaponSemanticWeight","Minus10Percent","Player_10","Neutral","TRUE","0.281086","0.02589","0.281086","0.14797","0.172716","0.255196","0.245545","Weapon_Sword","Weapon_Axe","Boss_IceDragon","Boss_SeaTurtle","Region_OceanRuins","Region_MonasteryRuins","FALSE","FALSE"
"PCG_VFX_OAT_Sensitivity_20260826_153906","2026-08-26T15:39:06.2831112Z","Stage2WeaponSemanticWeight_Minus10Percent","Stage 2 semantic aggregation weights","Stage2WeaponSemanticWeight","Minus10Percent","Player_11","Forest","FALSE","0.593331","0.44176","0.039897","0.593331","0.101472","0.151572","0.123068","Weapon_Dagger","Weapon_Staff","Boss_SeaTurtle","Boss_SeaTurtle","Region_ForestRuins","Region_ForestRuins","FALSE","FALSE"
"PCG_VFX_OAT_Sensitivity_20260826_153906","2026-08-26T15:39:06.2831112Z","Stage2WeaponSemanticWeight_Minus10Percent","Stage 2 semantic aggregation weights","Stage2WeaponSemanticWeight","Minus10Percent","Player_12","Neutral","TRUE","0.266797","0.133649","0.133148","0.266797","0.035953","0","0","Weapon_Sword","Weapon_Sword","Boss_Goblin","Boss_Goblin","","","FALSE","FALSE"
"PCG_VFX_OAT_Sensitivity_20260826_153906","2026-08-26T15:39:06.2831112Z","Stage2WeaponSemanticWeight_Plus10Percent","Stage 2 semantic aggregation weights","Stage2WeaponSemanticWeight","Plus10Percent","Player_01","Ice","FALSE","0.61354","0.413086","0.61354","0.200453","0","0.13455","0.137357","Weapon_Bow","Weapon_Bow","Boss_IceDragon","Boss_SeaTurtle","Region_SnowfieldRuins","Region_SnowfieldRuins","FALSE","FALSE"
"PCG_VFX_OAT_Sensitivity_20260826_153906","2026-08-26T15:39:06.2831112Z","Stage2WeaponSemanticWeight_Plus10Percent","Stage 2 semantic aggregation weights","Stage2WeaponSemanticWeight","Plus10Percent","Player_02","Galaxy","FALSE","0.642546","0.458114","0.05412","0.080289","0.642546","0.184432","0.138615","Weapon_Axe","Weapon_Axe","Boss_StarGiant","Boss_StarGiant","Region_SkyRuins","Region_SkyRuins","FALSE","FALSE"
"PCG_VFX_OAT_Sensitivity_20260826_153906","2026-08-26T15:39:06.2831112Z","Stage2WeaponSemanticWeight_Plus10Percent","Stage 2 semantic aggregation weights","Stage2WeaponSemanticWeight","Plus10Percent","Player_03","Holy","FALSE","0.707847","0.559549","0.148298","0.061096","0.136592","0.090542","0.707847","Weapon_Staff","Weapon_Staff","Boss_IceDragon","Boss_AncientCultLeader","Region_MonasteryRuins","Region_MonasteryRuins","FALSE","FALSE"
"PCG_VFX_OAT_Sensitivity_20260826_153906","2026-08-26T15:39:06.2831112Z","Stage2WeaponSemanticWeight_Plus10Percent","Stage 2 semantic aggregation weights","Stage2WeaponSemanticWeight","Plus10Percent","Player_04","Neutral","TRUE","0.374984","0.012082","0.374984","0.362903","0.123767","0.065881","0.122071","Weapon_Sword","Weapon_Bow","Boss_StarGiant","Boss_StarGiant","Region_ForestRuins","Region_ForestRuins","FALSE","FALSE"
"PCG_VFX_OAT_Sensitivity_20260826_153906","2026-08-26T15:39:06.2831112Z","Stage2WeaponSemanticWeight_Plus10Percent","Stage 2 semantic aggregation weights","Stage2WeaponSemanticWeight","Plus10Percent","Player_05","Neutral","TRUE","0.230868","0.101942","0.07143","0.230868","0.128926","0","0.032191","Weapon_Dagger","Weapon_Staff","Boss_Goblin","Boss_Goblin","","","FALSE","FALSE"
"PCG_VFX_OAT_Sensitivity_20260826_153906","2026-08-26T15:39:06.2831112Z","Stage2WeaponSemanticWeight_Plus10Percent","Stage 2 semantic aggregation weights","Stage2WeaponSemanticWeight","Plus10Percent","Player_06","Ocean","FALSE","0.595846","0.401369","0.104146","0.099757","0.037561","0.595846","0.194478","Weapon_Staff","Weapon_Staff","Boss_SeaTurtle","Boss_SeaTurtle","Region_OceanRuins","Region_OceanRuins","FALSE","FALSE"
"PCG_VFX_OAT_Sensitivity_20260826_153906","2026-08-26T15:39:06.2831112Z","Stage2WeaponSemanticWeight_Plus10Percent","Stage 2 semantic aggregation weights","Stage2WeaponSemanticWeight","Plus10Percent","Player_07","Galaxy","FALSE","0.659592","0.452039","0.162005","0.039179","0.659592","0.066211","0.207552","Weapon_Hammer","Weapon_Hammer","Boss_IceDragon","Boss_StarGiant","Region_SkyRuins","Region_SkyRuins","FALSE","FALSE"
"PCG_VFX_OAT_Sensitivity_20260826_153906","2026-08-26T15:39:06.2831112Z","Stage2WeaponSemanticWeight_Plus10Percent","Stage 2 semantic aggregation weights","Stage2WeaponSemanticWeight","Plus10Percent","Player_08","Neutral","TRUE","0.452821","0.097747","0.355074","0.452821","0.015247","0.051232","0.113008","Weapon_Sword","Weapon_Sword","Boss_Goblin","Boss_Goblin","Region_ForestRuins","Region_ForestRuins","FALSE","FALSE"
"PCG_VFX_OAT_Sensitivity_20260826_153906","2026-08-26T15:39:06.2831112Z","Stage2WeaponSemanticWeight_Plus10Percent","Stage 2 semantic aggregation weights","Stage2WeaponSemanticWeight","Plus10Percent","Player_09","Neutral","TRUE","0.173418","0.023875","0.130707","0.00569","0.173418","0.149542","0.088608","Weapon_Axe","Weapon_Axe","Boss_StarGiant","Boss_StarGiant","","","FALSE","FALSE"
"PCG_VFX_OAT_Sensitivity_20260826_153906","2026-08-26T15:39:06.2831112Z","Stage2WeaponSemanticWeight_Plus10Percent","Stage 2 semantic aggregation weights","Stage2WeaponSemanticWeight","Plus10Percent","Player_10","Neutral","TRUE","0.275504","0.024627","0.275504","0.148882","0.176893","0.250878","0.245356","Weapon_Sword","Weapon_Axe","Boss_IceDragon","Boss_SeaTurtle","Region_OceanRuins","Region_MonasteryRuins","FALSE","FALSE"
"PCG_VFX_OAT_Sensitivity_20260826_153906","2026-08-26T15:39:06.2831112Z","Stage2WeaponSemanticWeight_Plus10Percent","Stage 2 semantic aggregation weights","Stage2WeaponSemanticWeight","Plus10Percent","Player_11","Forest","FALSE","0.571069","0.426892","0.044905","0.571069","0.117972","0.144178","0.13076","Weapon_Dagger","Weapon_Staff","Boss_SeaTurtle","Boss_SeaTurtle","Region_ForestRuins","Region_ForestRuins","FALSE","FALSE"
"PCG_VFX_OAT_Sensitivity_20260826_153906","2026-08-26T15:39:06.2831112Z","Stage2WeaponSemanticWeight_Plus10Percent","Stage 2 semantic aggregation weights","Stage2WeaponSemanticWeight","Plus10Percent","Player_12","Neutral","TRUE","0.266818","0.11202","0.154798","0.266818","0.041798","0","0","Weapon_Sword","Weapon_Sword","Boss_Goblin","Boss_Goblin","","","FALSE","FALSE"
"PCG_VFX_OAT_Sensitivity_20260826_153906","2026-08-26T15:39:06.2831112Z","Stage2BossSemanticWeight_Minus10Percent","Stage 2 semantic aggregation weights","Stage2BossSemanticWeight","Minus10Percent","Player_01","Ice","FALSE","0.626938","0.435479","0.626938","0.191459","0","0.130095","0.137912","Weapon_Bow","Weapon_Bow","Boss_IceDragon","Boss_SeaTurtle","Region_SnowfieldRuins","Region_SnowfieldRuins","FALSE","FALSE"
"PCG_VFX_OAT_Sensitivity_20260826_153906","2026-08-26T15:39:06.2831112Z","Stage2BossSemanticWeight_Minus10Percent","Stage 2 semantic aggregation weights","Stage2BossSemanticWeight","Minus10Percent","Player_02","Galaxy","FALSE","0.654496","0.475901","0.054054","0.076174","0.654496","0.178594","0.141555","Weapon_Axe","Weapon_Axe","Boss_StarGiant","Boss_StarGiant","Region_SkyRuins","Region_SkyRuins","FALSE","FALSE"
"PCG_VFX_OAT_Sensitivity_20260826_153906","2026-08-26T15:39:06.2831112Z","Stage2BossSemanticWeight_Minus10Percent","Stage 2 semantic aggregation weights","Stage2BossSemanticWeight","Minus10Percent","Player_03","Holy","FALSE","0.717577","0.574392","0.143185","0.060605","0.139632","0.085859","0.717577","Weapon_Staff","Weapon_Staff","Boss_IceDragon","Boss_AncientCultLeader","Region_MonasteryRuins","Region_MonasteryRuins","FALSE","FALSE"
"PCG_VFX_OAT_Sensitivity_20260826_153906","2026-08-26T15:39:06.2831112Z","Stage2BossSemanticWeight_Minus10Percent","Stage 2 semantic aggregation weights","Stage2BossSemanticWeight","Minus10Percent","Player_04","Neutral","TRUE","0.378689","0.011379","0.378689","0.36731","0.117367","0.065219","0.122196","Weapon_Sword","Weapon_Bow","Boss_StarGiant","Boss_StarGiant","Region_ForestRuins","Region_ForestRuins","FALSE","FALSE"
"PCG_VFX_OAT_Sensitivity_20260826_153906","2026-08-26T15:39:06.2831112Z","Stage2BossSemanticWeight_Minus10Percent","Stage 2 semantic aggregation weights","Stage2BossSemanticWeight","Minus10Percent","Player_05","Neutral","TRUE","0.218778","0.095562","0.068267","0.218778","0.123216","0","0.030765","Weapon_Dagger","Weapon_Staff","Boss_Goblin","Boss_Goblin","","","FALSE","FALSE"
"PCG_VFX_OAT_Sensitivity_20260826_153906","2026-08-26T15:39:06.2831112Z","Stage2BossSemanticWeight_Minus10Percent","Stage 2 semantic aggregation weights","Stage2BossSemanticWeight","Minus10Percent","Player_06","Ocean","FALSE","0.610321","0.417525","0.101804","0.094386","0.035897","0.610321","0.192797","Weapon_Staff","Weapon_Staff","Boss_SeaTurtle","Boss_SeaTurtle","Region_OceanRuins","Region_OceanRuins","FALSE","FALSE"
"PCG_VFX_OAT_Sensitivity_20260826_153906","2026-08-26T15:39:06.2831112Z","Stage2BossSemanticWeight_Minus10Percent","Stage 2 semantic aggregation weights","Stage2BossSemanticWeight","Minus10Percent","Player_07","Galaxy","FALSE","0.671265","0.463991","0.156139","0.037384","0.671265","0.065489","0.207274","Weapon_Hammer","Weapon_Hammer","Boss_IceDragon","Boss_StarGiant","Region_SkyRuins","Region_SkyRuins","FALSE","FALSE"
"PCG_VFX_OAT_Sensitivity_20260826_153906","2026-08-26T15:39:06.2831112Z","Stage2BossSemanticWeight_Minus10Percent","Stage 2 semantic aggregation weights","Stage2BossSemanticWeight","Minus10Percent","Player_08","Neutral","TRUE","0.452607","0.093006","0.359601","0.452607","0.014571","0.051294","0.11379","Weapon_Sword","Weapon_Sword","Boss_Goblin","Boss_Goblin","Region_ForestRuins","Region_ForestRuins","FALSE","FALSE"
"PCG_VFX_OAT_Sensitivity_20260826_153906","2026-08-26T15:39:06.2831112Z","Stage2BossSemanticWeight_Minus10Percent","Stage 2 semantic aggregation weights","Stage2BossSemanticWeight","Minus10Percent","Player_09","Neutral","TRUE","0.164556","0.021745","0.123993","0.005383","0.164556","0.14281","0.08428","Weapon_Axe","Weapon_Axe","Boss_StarGiant","Boss_StarGiant","","","FALSE","FALSE"
"PCG_VFX_OAT_Sensitivity_20260826_153906","2026-08-26T15:39:06.2831112Z","Stage2BossSemanticWeight_Minus10Percent","Stage 2 semantic aggregation weights","Stage2BossSemanticWeight","Minus10Percent","Player_10","Neutral","TRUE","0.271842","0.023214","0.271842","0.150962","0.17934","0.248628","0.248165","Weapon_Sword","Weapon_Axe","Boss_IceDragon","Boss_SeaTurtle","Region_OceanRuins","Region_MonasteryRuins","FALSE","FALSE"
"PCG_VFX_OAT_Sensitivity_20260826_153906","2026-08-26T15:39:06.2831112Z","Stage2BossSemanticWeight_Minus10Percent","Stage 2 semantic aggregation weights","Stage2BossSemanticWeight","Minus10Percent","Player_11","Forest","FALSE","0.586825","0.447846","0.042853","0.586825","0.112747","0.138978","0.129568","Weapon_Dagger","Weapon_Staff","Boss_SeaTurtle","Boss_SeaTurtle","Region_ForestRuins","Region_ForestRuins","FALSE","FALSE"
"PCG_VFX_OAT_Sensitivity_20260826_153906","2026-08-26T15:39:06.2831112Z","Stage2BossSemanticWeight_Minus10Percent","Stage 2 semantic aggregation weights","Stage2BossSemanticWeight","Minus10Percent","Player_12","Neutral","TRUE","0.253136","0.105194","0.147942","0.253136","0.039947","0","0","Weapon_Sword","Weapon_Sword","Boss_Goblin","Boss_Goblin","","","FALSE","FALSE"
"PCG_VFX_OAT_Sensitivity_20260826_153906","2026-08-26T15:39:06.2831112Z","Stage2BossSemanticWeight_Plus10Percent","Stage 2 semantic aggregation weights","Stage2BossSemanticWeight","Plus10Percent","Player_01","Ice","FALSE","0.62538","0.440822","0.62538","0.184558","0","0.141065","0.138608","Weapon_Bow","Weapon_Bow","Boss_IceDragon","Boss_SeaTurtle","Region_SnowfieldRuins","Region_SnowfieldRuins","FALSE","FALSE"
"PCG_VFX_OAT_Sensitivity_20260826_153906","2026-08-26T15:39:06.2831112Z","Stage2BossSemanticWeight_Plus10Percent","Stage 2 semantic aggregation weights","Stage2BossSemanticWeight","Plus10Percent","Player_02","Galaxy","FALSE","0.655009","0.485126","0.051417","0.084165","0.655009","0.169883","0.139772","Weapon_Axe","Weapon_Axe","Boss_StarGiant","Boss_StarGiant","Region_SkyRuins","Region_SkyRuins","FALSE","FALSE"
"PCG_VFX_OAT_Sensitivity_20260826_153906","2026-08-26T15:39:06.2831112Z","Stage2BossSemanticWeight_Plus10Percent","Stage 2 semantic aggregation weights","Stage2BossSemanticWeight","Plus10Percent","Player_03","Holy","FALSE","0.700948","0.54641","0.154539","0.060087","0.137736","0.095747","0.700948","Weapon_Staff","Weapon_Staff","Boss_IceDragon","Boss_AncientCultLeader","Region_MonasteryRuins","Region_MonasteryRuins","FALSE","FALSE"
"PCG_VFX_OAT_Sensitivity_20260826_153906","2026-08-26T15:39:06.2831112Z","Stage2BossSemanticWeight_Plus10Percent","Stage 2 semantic aggregation weights","Stage2BossSemanticWeight","Plus10Percent","Player_04","Neutral","TRUE","0.373587","0.013159","0.373587","0.360428","0.130868","0.063611","0.122417","Weapon_Sword","Weapon_Bow","Boss_StarGiant","Boss_StarGiant","Region_ForestRuins","Region_ForestRuins","FALSE","FALSE"
"PCG_VFX_OAT_Sensitivity_20260826_153906","2026-08-26T15:39:06.2831112Z","Stage2BossSemanticWeight_Plus10Percent","Stage 2 semantic aggregation weights","Stage2BossSemanticWeight","Plus10Percent","Player_05","Neutral","TRUE","0.24713","0.129925","0.064937","0.24713","0.117205","0","0.029264","Weapon_Dagger","Weapon_Staff","Boss_Goblin","Boss_Goblin","","","FALSE","FALSE"
"PCG_VFX_OAT_Sensitivity_20260826_153906","2026-08-26T15:39:06.2831112Z","Stage2BossSemanticWeight_Plus10Percent","Stage 2 semantic aggregation weights","Stage2BossSemanticWeight","Plus10Percent","Player_06","Ocean","FALSE","0.603437","0.418774","0.098109","0.109733","0.034146","0.603437","0.184664","Weapon_Staff","Weapon_Staff","Boss_SeaTurtle","Boss_SeaTurtle","Region_OceanRuins","Region_OceanRuins","FALSE","FALSE"
"PCG_VFX_OAT_Sensitivity_20260826_153906","2026-08-26T15:39:06.2831112Z","Stage2BossSemanticWeight_Plus10Percent","Stage 2 semantic aggregation weights","Stage2BossSemanticWeight","Plus10Percent","Player_07","Galaxy","FALSE","0.660945","0.455206","0.169922","0.036819","0.660945","0.064812","0.205739","Weapon_Hammer","Weapon_Hammer","Boss_IceDragon","Boss_StarGiant","Region_SkyRuins","Region_SkyRuins","FALSE","FALSE"
"PCG_VFX_OAT_Sensitivity_20260826_153906","2026-08-26T15:39:06.2831112Z","Stage2BossSemanticWeight_Plus10Percent","Stage 2 semantic aggregation weights","Stage2BossSemanticWeight","Plus10Percent","Player_08","Neutral","TRUE","0.469553","0.127493","0.342059","0.469553","0.013861","0.048792","0.108239","Weapon_Sword","Weapon_Sword","Boss_Goblin","Boss_Goblin","Region_ForestRuins","Region_ForestRuins","FALSE","FALSE"
"PCG_VFX_OAT_Sensitivity_20260826_153906","2026-08-26T15:39:06.2831112Z","Stage2BossSemanticWeight_Plus10Percent","Stage 2 semantic aggregation weights","Stage2BossSemanticWeight","Plus10Percent","Player_09","Neutral","TRUE","0.181249","0.043129","0.13729","0.006259","0.181249","0.13812","0.088624","Weapon_Axe","Weapon_Axe","Boss_StarGiant","Boss_StarGiant","","","FALSE","FALSE"
"PCG_VFX_OAT_Sensitivity_20260826_153906","2026-08-26T15:39:06.2831112Z","Stage2BossSemanticWeight_Plus10Percent","Stage 2 semantic aggregation weights","Stage2BossSemanticWeight","Plus10Percent","Player_10","Neutral","TRUE","0.284297","0.027171","0.284297","0.146037","0.170592","0.257125","0.242863","Weapon_Sword","Weapon_Axe","Boss_IceDragon","Boss_SeaTurtle","Region_OceanRuins","Region_MonasteryRuins","FALSE","FALSE"
"PCG_VFX_OAT_Sensitivity_20260826_153906","2026-08-26T15:39:06.2831112Z","Stage2BossSemanticWeight_Plus10Percent","Stage 2 semantic aggregation weights","Stage2BossSemanticWeight","Plus10Percent","Player_11","Forest","FALSE","0.577259","0.421102","0.042093","0.577259","0.107247","0.156157","0.124578","Weapon_Dagger","Weapon_Staff","Boss_SeaTurtle","Boss_SeaTurtle","Region_ForestRuins","Region_ForestRuins","FALSE","FALSE"
"PCG_VFX_OAT_Sensitivity_20260826_153906","2026-08-26T15:39:06.2831112Z","Stage2BossSemanticWeight_Plus10Percent","Stage 2 semantic aggregation weights","Stage2BossSemanticWeight","Plus10Percent","Player_12","Neutral","TRUE","0.279812","0.139087","0.140726","0.279812","0.037999","0","0","Weapon_Sword","Weapon_Sword","Boss_Goblin","Boss_Goblin","","","FALSE","FALSE"
"PCG_VFX_OAT_Sensitivity_20260826_153906","2026-08-26T15:39:06.2831112Z","Stage2RegionSemanticWeight_Minus10Percent","Stage 2 semantic aggregation weights","Stage2RegionSemanticWeight","Minus10Percent","Player_01","Ice","FALSE","0.611726","0.413913","0.611726","0.197813","0","0.140228","0.137651","Weapon_Bow","Weapon_Bow","Boss_IceDragon","Boss_SeaTurtle","Region_SnowfieldRuins","Region_SnowfieldRuins","FALSE","FALSE"
"PCG_VFX_OAT_Sensitivity_20260826_153906","2026-08-26T15:39:06.2831112Z","Stage2RegionSemanticWeight_Minus10Percent","Stage 2 semantic aggregation weights","Stage2RegionSemanticWeight","Minus10Percent","Player_02","Galaxy","FALSE","0.641851","0.461188","0.052845","0.084494","0.641851","0.180663","0.137517","Weapon_Axe","Weapon_Axe","Boss_StarGiant","Boss_StarGiant","Region_SkyRuins","Region_SkyRuins","FALSE","FALSE"
"PCG_VFX_OAT_Sensitivity_20260826_153906","2026-08-26T15:39:06.2831112Z","Stage2RegionSemanticWeight_Minus10Percent","Stage 2 semantic aggregation weights","Stage2RegionSemanticWeight","Minus10Percent","Player_03","Holy","FALSE","0.699005","0.544791","0.154214","0.060884","0.135431","0.095712","0.699005","Weapon_Staff","Weapon_Staff","Boss_IceDragon","Boss_AncientCultLeader","Region_MonasteryRuins","Region_MonasteryRuins","FALSE","FALSE"
"PCG_VFX_OAT_Sensitivity_20260826_153906","2026-08-26T15:39:06.2831112Z","Stage2RegionSemanticWeight_Minus10Percent","Stage 2 semantic aggregation weights","Stage2RegionSemanticWeight","Minus10Percent","Player_04","Neutral","TRUE","0.372215","0.013001","0.372215","0.359214","0.130827","0.065153","0.122169","Weapon_Sword","Weapon_Bow","Boss_StarGiant","Boss_StarGiant","Region_ForestRuins","Region_ForestRuins","FALSE","FALSE"
"PCG_VFX_OAT_Sensitivity_20260826_153906","2026-08-26T15:39:06.2831112Z","Stage2RegionSemanticWeight_Minus10Percent","Stage 2 semantic aggregation weights","Stage2RegionSemanticWeight","Minus10Percent","Player_05","Neutral","TRUE","0.245588","0.11913","0.070063","0.245588","0.126458","0","0.031575","Weapon_Dagger","Weapon_Staff","Boss_Goblin","Boss_Goblin","","","FALSE","FALSE"
"PCG_VFX_OAT_Sensitivity_20260826_153906","2026-08-26T15:39:06.2831112Z","Stage2RegionSemanticWeight_Minus10Percent","Stage 2 semantic aggregation weights","Stage2RegionSemanticWeight","Minus10Percent","Player_06","Ocean","FALSE","0.591361","0.4007","0.102537","0.107633","0.036842","0.591361","0.190662","Weapon_Staff","Weapon_Staff","Boss_SeaTurtle","Boss_SeaTurtle","Region_OceanRuins","Region_OceanRuins","FALSE","FALSE"
"PCG_VFX_OAT_Sensitivity_20260826_153906","2026-08-26T15:39:06.2831112Z","Stage2RegionSemanticWeight_Minus10Percent","Stage 2 semantic aggregation weights","Stage2RegionSemanticWeight","Minus10Percent","Player_07","Galaxy","FALSE","0.653659","0.44683","0.169161","0.039046","0.653659","0.065939","0.206829","Weapon_Hammer","Weapon_Hammer","Boss_IceDragon","Boss_StarGiant","Region_SkyRuins","Region_SkyRuins","FALSE","FALSE"
"PCG_VFX_OAT_Sensitivity_20260826_153906","2026-08-26T15:39:06.2831112Z","Stage2RegionSemanticWeight_Minus10Percent","Stage 2 semantic aggregation weights","Stage2RegionSemanticWeight","Minus10Percent","Player_08","Neutral","TRUE","0.461066","0.114866","0.3462","0.461066","0.014955","0.050013","0.110251","Weapon_Sword","Weapon_Sword","Boss_Goblin","Boss_Goblin","Region_ForestRuins","Region_ForestRuins","FALSE","FALSE"
"PCG_VFX_OAT_Sensitivity_20260826_153906","2026-08-26T15:39:06.2831112Z","Stage2RegionSemanticWeight_Minus10Percent","Stage 2 semantic aggregation weights","Stage2RegionSemanticWeight","Minus10Percent","Player_09","Neutral","TRUE","0.182222","0.034426","0.137693","0.006139","0.182222","0.147796","0.091059","Weapon_Axe","Weapon_Axe","Boss_StarGiant","Boss_StarGiant","","","FALSE","FALSE"
"PCG_VFX_OAT_Sensitivity_20260826_153906","2026-08-26T15:39:06.2831112Z","Stage2RegionSemanticWeight_Minus10Percent","Stage 2 semantic aggregation weights","Stage2RegionSemanticWeight","Minus10Percent","Player_10","Neutral","TRUE","0.281841","0.026659","0.281841","0.146327","0.172452","0.255181","0.24256","Weapon_Sword","Weapon_Axe","Boss_IceDragon","Boss_SeaTurtle","Region_OceanRuins","Region_MonasteryRuins","FALSE","FALSE"
"PCG_VFX_OAT_Sensitivity_20260826_153906","2026-08-26T15:39:06.2831112Z","Stage2RegionSemanticWeight_Minus10Percent","Stage 2 semantic aggregation weights","Stage2RegionSemanticWeight","Minus10Percent","Player_11","Forest","FALSE","0.565181","0.412253","0.044698","0.565181","0.115714","0.152929","0.128432","Weapon_Dagger","Weapon_Staff","Boss_SeaTurtle","Boss_SeaTurtle","Region_ForestRuins","Region_ForestRuins","FALSE","FALSE"
"PCG_VFX_OAT_Sensitivity_20260826_153906","2026-08-26T15:39:06.2831112Z","Stage2RegionSemanticWeight_Minus10Percent","Stage 2 semantic aggregation weights","Stage2RegionSemanticWeight","Minus10Percent","Player_12","Neutral","TRUE","0.28085","0.129015","0.151836","0.28085","0.040998","0","0","Weapon_Sword","Weapon_Sword","Boss_Goblin","Boss_Goblin","","","FALSE","FALSE"
"PCG_VFX_OAT_Sensitivity_20260826_153906","2026-08-26T15:39:06.2831112Z","Stage2RegionSemanticWeight_Plus10Percent","Stage 2 semantic aggregation weights","Stage2RegionSemanticWeight","Plus10Percent","Player_01","Ice","FALSE","0.63918","0.460207","0.63918","0.178974","0","0.131635","0.138827","Weapon_Bow","Weapon_Bow","Boss_IceDragon","Boss_SeaTurtle","Region_SnowfieldRuins","Region_SnowfieldRuins","FALSE","FALSE"
"PCG_VFX_OAT_Sensitivity_20260826_153906","2026-08-26T15:39:06.2831112Z","Stage2RegionSemanticWeight_Plus10Percent","Stage 2 semantic aggregation weights","Stage2RegionSemanticWeight","Plus10Percent","Player_02","Galaxy","FALSE","0.666437","0.498218","0.052574","0.076447","0.666437","0.168219","0.143468","Weapon_Axe","Weapon_Axe","Boss_StarGiant","Boss_StarGiant","Region_SkyRuins","Region_SkyRuins","FALSE","FALSE"
"PCG_VFX_OAT_Sensitivity_20260826_153906","2026-08-26T15:39:06.2831112Z","Stage2RegionSemanticWeight_Plus10Percent","Stage 2 semantic aggregation weights","Stage2RegionSemanticWeight","Plus10Percent","Player_03","Holy","FALSE","0.718148","0.573858","0.144289","0.059847","0.141581","0.086597","0.718148","Weapon_Staff","Weapon_Staff","Boss_IceDragon","Boss_AncientCultLeader","Region_MonasteryRuins","Region_MonasteryRuins","FALSE","FALSE"
"PCG_VFX_OAT_Sensitivity_20260826_153906","2026-08-26T15:39:06.2831112Z","Stage2RegionSemanticWeight_Plus10Percent","Stage 2 semantic aggregation weights","Stage2RegionSemanticWeight","Plus10Percent","Player_04","Neutral","TRUE","0.379566","0.011648","0.379566","0.367918","0.118368","0.06371","0.122435","Weapon_Sword","Weapon_Bow","Boss_StarGiant","Boss_StarGiant","Region_ForestRuins","Region_ForestRuins","FALSE","FALSE"
"PCG_VFX_OAT_Sensitivity_20260826_153906","2026-08-26T15:39:06.2831112Z","Stage2RegionSemanticWeight_Plus10Percent","Stage 2 semantic aggregation weights","Stage2RegionSemanticWeight","Plus10Percent","Player_05","Neutral","TRUE","0.222199","0.107784","0.063391","0.222199","0.114415","0","0.028568","Weapon_Dagger","Weapon_Staff","Boss_Goblin","Boss_Goblin","","","FALSE","FALSE"
"PCG_VFX_OAT_Sensitivity_20260826_153906","2026-08-26T15:39:06.2831112Z","Stage2RegionSemanticWeight_Plus10Percent","Stage 2 semantic aggregation weights","Stage2RegionSemanticWeight","Plus10Percent","Player_06","Ocean","FALSE","0.620755","0.433966","0.097534","0.097382","0.033333","0.620755","0.186789","Weapon_Staff","Weapon_Staff","Boss_SeaTurtle","Boss_SeaTurtle","Region_OceanRuins","Region_OceanRuins","FALSE","FALSE"
"PCG_VFX_OAT_Sensitivity_20260826_153906","2026-08-26T15:39:06.2831112Z","Stage2RegionSemanticWeight_Plus10Percent","Stage 2 semantic aggregation weights","Stage2RegionSemanticWeight","Plus10Percent","Player_07","Galaxy","FALSE","0.67712","0.470942","0.157812","0.035328","0.67712","0.064421","0.206179","Weapon_Hammer","Weapon_Hammer","Boss_IceDragon","Boss_StarGiant","Region_SkyRuins","Region_SkyRuins","FALSE","FALSE"
"PCG_VFX_OAT_Sensitivity_20260826_153906","2026-08-26T15:39:06.2831112Z","Stage2RegionSemanticWeight_Plus10Percent","Stage 2 semantic aggregation weights","Stage2RegionSemanticWeight","Plus10Percent","Player_08","Neutral","TRUE","0.461496","0.106894","0.354602","0.461496","0.013531","0.050011","0.111573","Weapon_Sword","Weapon_Sword","Boss_Goblin","Boss_Goblin","Region_ForestRuins","Region_ForestRuins","FALSE","FALSE"
"PCG_VFX_OAT_Sensitivity_20260826_153906","2026-08-26T15:39:06.2831112Z","Stage2RegionSemanticWeight_Plus10Percent","Stage 2 semantic aggregation weights","Stage2RegionSemanticWeight","Plus10Percent","Player_09","Neutral","TRUE","0.164868","0.031147","0.124579","0.005554","0.164868","0.133721","0.082387","Weapon_Axe","Weapon_Axe","Boss_StarGiant","Boss_StarGiant","","","FALSE","FALSE"
"PCG_VFX_OAT_Sensitivity_20260826_153906","2026-08-26T15:39:06.2831112Z","Stage2RegionSemanticWeight_Plus10Percent","Stage 2 semantic aggregation weights","Stage2RegionSemanticWeight","Plus10Percent","Player_10","Neutral","TRUE","0.274954","0.02396","0.274954","0.150347","0.177032","0.250994","0.248061","Weapon_Sword","Weapon_Axe","Boss_IceDragon","Boss_SeaTurtle","Region_OceanRuins","Region_MonasteryRuins","FALSE","FALSE"
"PCG_VFX_OAT_Sensitivity_20260826_153906","2026-08-26T15:39:06.2831112Z","Stage2RegionSemanticWeight_Plus10Percent","Stage 2 semantic aggregation weights","Stage2RegionSemanticWeight","Plus10Percent","Player_11","Forest","FALSE","0.597069","0.453943","0.040441","0.597069","0.104693","0.143126","0.125724","Weapon_Dagger","Weapon_Staff","Boss_SeaTurtle","Boss_SeaTurtle","Region_ForestRuins","Region_ForestRuins","FALSE","FALSE"
"PCG_VFX_OAT_Sensitivity_20260826_153906","2026-08-26T15:39:06.2831112Z","Stage2RegionSemanticWeight_Plus10Percent","Stage 2 semantic aggregation weights","Stage2RegionSemanticWeight","Plus10Percent","Player_12","Neutral","TRUE","0.254103","0.116727","0.137375","0.254103","0.037094","0","0","Weapon_Sword","Weapon_Sword","Boss_Goblin","Boss_Goblin","","","FALSE","FALSE"
"PCG_VFX_OAT_Sensitivity_20260826_153906","2026-08-26T15:39:06.2831112Z","TrajectoryThemeTemporalSmoothingAlpha_Minus10Percent","Dynamic temporal smoothing","TrajectoryThemeTemporalSmoothingAlpha","Minus10Percent","Player_01","Ice","FALSE","0.626139","0.438217","0.626139","0.187922","0","0.135717","0.138269","Weapon_Bow","Weapon_Bow","Boss_IceDragon","Boss_SeaTurtle","Region_SnowfieldRuins","Region_SnowfieldRuins","FALSE","FALSE"
"PCG_VFX_OAT_Sensitivity_20260826_153906","2026-08-26T15:39:06.2831112Z","TrajectoryThemeTemporalSmoothingAlpha_Minus10Percent","Dynamic temporal smoothing","TrajectoryThemeTemporalSmoothingAlpha","Minus10Percent","Player_02","Galaxy","FALSE","0.654759","0.480629","0.052703","0.080269","0.654759","0.17413","0.140641","Weapon_Axe","Weapon_Axe","Boss_StarGiant","Boss_StarGiant","Region_SkyRuins","Region_SkyRuins","FALSE","FALSE"
"PCG_VFX_OAT_Sensitivity_20260826_153906","2026-08-26T15:39:06.2831112Z","TrajectoryThemeTemporalSmoothingAlpha_Minus10Percent","Dynamic temporal smoothing","TrajectoryThemeTemporalSmoothingAlpha","Minus10Percent","Player_03","Holy","FALSE","0.709055","0.560051","0.149004","0.060339","0.13866","0.090927","0.709055","Weapon_Staff","Weapon_Staff","Boss_IceDragon","Boss_AncientCultLeader","Region_MonasteryRuins","Region_MonasteryRuins","FALSE","FALSE"
"PCG_VFX_OAT_Sensitivity_20260826_153906","2026-08-26T15:39:06.2831112Z","TrajectoryThemeTemporalSmoothingAlpha_Minus10Percent","Dynamic temporal smoothing","TrajectoryThemeTemporalSmoothingAlpha","Minus10Percent","Player_04","Neutral","TRUE","0.376074","0.012291","0.376074","0.363783","0.124286","0.064395","0.122309","Weapon_Sword","Weapon_Bow","Boss_StarGiant","Boss_StarGiant","Region_ForestRuins","Region_ForestRuins","FALSE","FALSE"
"PCG_VFX_OAT_Sensitivity_20260826_153906","2026-08-26T15:39:06.2831112Z","TrajectoryThemeTemporalSmoothingAlpha_Minus10Percent","Dynamic temporal smoothing","TrajectoryThemeTemporalSmoothingAlpha","Minus10Percent","Player_05","Neutral","TRUE","0.233309","0.113173","0.06656","0.233309","0.120135","0","0.029996","Weapon_Dagger","Weapon_Staff","Boss_Goblin","Boss_Goblin","","","FALSE","FALSE"
"PCG_VFX_OAT_Sensitivity_20260826_153906","2026-08-26T15:39:06.2831112Z","TrajectoryThemeTemporalSmoothingAlpha_Minus10Percent","Dynamic temporal smoothing","TrajectoryThemeTemporalSmoothingAlpha","Minus10Percent","Player_06","Ocean","FALSE","0.606793","0.418165","0.09991","0.102251","0.035","0.606793","0.188629","Weapon_Staff","Weapon_Staff","Boss_SeaTurtle","Boss_SeaTurtle","Region_OceanRuins","Region_OceanRuins","FALSE","FALSE"
"PCG_VFX_OAT_Sensitivity_20260826_153906","2026-08-26T15:39:06.2831112Z","TrajectoryThemeTemporalSmoothingAlpha_Minus10Percent","Dynamic temporal smoothing","TrajectoryThemeTemporalSmoothingAlpha","Minus10Percent","Player_07","Galaxy","FALSE","0.665976","0.459489","0.163203","0.037094","0.665976","0.065142","0.206488","Weapon_Hammer","Weapon_Hammer","Boss_IceDragon","Boss_StarGiant","Region_SkyRuins","Region_SkyRuins","FALSE","FALSE"
"PCG_VFX_OAT_Sensitivity_20260826_153906","2026-08-26T15:39:06.2831112Z","TrajectoryThemeTemporalSmoothingAlpha_Minus10Percent","Dynamic temporal smoothing","TrajectoryThemeTemporalSmoothingAlpha","Minus10Percent","Player_08","Neutral","TRUE","0.461292","0.110681","0.350611","0.461292","0.014207","0.050012","0.110945","Weapon_Sword","Weapon_Sword","Boss_Goblin","Boss_Goblin","Region_ForestRuins","Region_ForestRuins","FALSE","FALSE"
"PCG_VFX_OAT_Sensitivity_20260826_153906","2026-08-26T15:39:06.2831112Z","TrajectoryThemeTemporalSmoothingAlpha_Minus10Percent","Dynamic temporal smoothing","TrajectoryThemeTemporalSmoothingAlpha","Minus10Percent","Player_09","Neutral","TRUE","0.173111","0.032705","0.130808","0.005832","0.173111","0.140407","0.086506","Weapon_Axe","Weapon_Axe","Boss_StarGiant","Boss_StarGiant","","","FALSE","FALSE"
"PCG_VFX_OAT_Sensitivity_20260826_153906","2026-08-26T15:39:06.2831112Z","TrajectoryThemeTemporalSmoothingAlpha_Minus10Percent","Dynamic temporal smoothing","TrajectoryThemeTemporalSmoothingAlpha","Minus10Percent","Player_10","Neutral","TRUE","0.278225","0.025242","0.278225","0.148437","0.174857","0.252983","0.245448","Weapon_Sword","Weapon_Axe","Boss_IceDragon","Boss_SeaTurtle","Region_OceanRuins","Region_MonasteryRuins","FALSE","FALSE"
"PCG_VFX_OAT_Sensitivity_20260826_153906","2026-08-26T15:39:06.2831112Z","TrajectoryThemeTemporalSmoothingAlpha_Minus10Percent","Dynamic temporal smoothing","TrajectoryThemeTemporalSmoothingAlpha","Minus10Percent","Player_11","Forest","FALSE","0.581922","0.43414","0.042463","0.581922","0.109928","0.147782","0.127011","Weapon_Dagger","Weapon_Staff","Boss_SeaTurtle","Boss_SeaTurtle","Region_ForestRuins","Region_ForestRuins","FALSE","FALSE"
"PCG_VFX_OAT_Sensitivity_20260826_153906","2026-08-26T15:39:06.2831112Z","TrajectoryThemeTemporalSmoothingAlpha_Minus10Percent","Dynamic temporal smoothing","TrajectoryThemeTemporalSmoothingAlpha","Minus10Percent","Player_12","Neutral","TRUE","0.266808","0.122564","0.144244","0.266808","0.038949","0","0","Weapon_Sword","Weapon_Sword","Boss_Goblin","Boss_Goblin","","","FALSE","FALSE"
"PCG_VFX_OAT_Sensitivity_20260826_153906","2026-08-26T15:39:06.2831112Z","TrajectoryThemeTemporalSmoothingAlpha_Plus10Percent","Dynamic temporal smoothing","TrajectoryThemeTemporalSmoothingAlpha","Plus10Percent","Player_01","Ice","FALSE","0.626139","0.438217","0.626139","0.187922","0","0.135717","0.138269","Weapon_Bow","Weapon_Bow","Boss_IceDragon","Boss_SeaTurtle","Region_SnowfieldRuins","Region_SnowfieldRuins","FALSE","FALSE"
"PCG_VFX_OAT_Sensitivity_20260826_153906","2026-08-26T15:39:06.2831112Z","TrajectoryThemeTemporalSmoothingAlpha_Plus10Percent","Dynamic temporal smoothing","TrajectoryThemeTemporalSmoothingAlpha","Plus10Percent","Player_02","Galaxy","FALSE","0.654759","0.480629","0.052703","0.080269","0.654759","0.17413","0.140641","Weapon_Axe","Weapon_Axe","Boss_StarGiant","Boss_StarGiant","Region_SkyRuins","Region_SkyRuins","FALSE","FALSE"
"PCG_VFX_OAT_Sensitivity_20260826_153906","2026-08-26T15:39:06.2831112Z","TrajectoryThemeTemporalSmoothingAlpha_Plus10Percent","Dynamic temporal smoothing","TrajectoryThemeTemporalSmoothingAlpha","Plus10Percent","Player_03","Holy","FALSE","0.709055","0.560051","0.149004","0.060339","0.13866","0.090927","0.709055","Weapon_Staff","Weapon_Staff","Boss_IceDragon","Boss_AncientCultLeader","Region_MonasteryRuins","Region_MonasteryRuins","FALSE","FALSE"
"PCG_VFX_OAT_Sensitivity_20260826_153906","2026-08-26T15:39:06.2831112Z","TrajectoryThemeTemporalSmoothingAlpha_Plus10Percent","Dynamic temporal smoothing","TrajectoryThemeTemporalSmoothingAlpha","Plus10Percent","Player_04","Neutral","TRUE","0.376074","0.012291","0.376074","0.363783","0.124286","0.064395","0.122309","Weapon_Sword","Weapon_Bow","Boss_StarGiant","Boss_StarGiant","Region_ForestRuins","Region_ForestRuins","FALSE","FALSE"
"PCG_VFX_OAT_Sensitivity_20260826_153906","2026-08-26T15:39:06.2831112Z","TrajectoryThemeTemporalSmoothingAlpha_Plus10Percent","Dynamic temporal smoothing","TrajectoryThemeTemporalSmoothingAlpha","Plus10Percent","Player_05","Neutral","TRUE","0.233309","0.113173","0.06656","0.233309","0.120135","0","0.029996","Weapon_Dagger","Weapon_Staff","Boss_Goblin","Boss_Goblin","","","FALSE","FALSE"
"PCG_VFX_OAT_Sensitivity_20260826_153906","2026-08-26T15:39:06.2831112Z","TrajectoryThemeTemporalSmoothingAlpha_Plus10Percent","Dynamic temporal smoothing","TrajectoryThemeTemporalSmoothingAlpha","Plus10Percent","Player_06","Ocean","FALSE","0.606793","0.418165","0.09991","0.102251","0.035","0.606793","0.188629","Weapon_Staff","Weapon_Staff","Boss_SeaTurtle","Boss_SeaTurtle","Region_OceanRuins","Region_OceanRuins","FALSE","FALSE"
"PCG_VFX_OAT_Sensitivity_20260826_153906","2026-08-26T15:39:06.2831112Z","TrajectoryThemeTemporalSmoothingAlpha_Plus10Percent","Dynamic temporal smoothing","TrajectoryThemeTemporalSmoothingAlpha","Plus10Percent","Player_07","Galaxy","FALSE","0.665976","0.459489","0.163203","0.037094","0.665976","0.065142","0.206488","Weapon_Hammer","Weapon_Hammer","Boss_IceDragon","Boss_StarGiant","Region_SkyRuins","Region_SkyRuins","FALSE","FALSE"
"PCG_VFX_OAT_Sensitivity_20260826_153906","2026-08-26T15:39:06.2831112Z","TrajectoryThemeTemporalSmoothingAlpha_Plus10Percent","Dynamic temporal smoothing","TrajectoryThemeTemporalSmoothingAlpha","Plus10Percent","Player_08","Neutral","TRUE","0.461292","0.110681","0.350611","0.461292","0.014207","0.050012","0.110945","Weapon_Sword","Weapon_Sword","Boss_Goblin","Boss_Goblin","Region_ForestRuins","Region_ForestRuins","FALSE","FALSE"
"PCG_VFX_OAT_Sensitivity_20260826_153906","2026-08-26T15:39:06.2831112Z","TrajectoryThemeTemporalSmoothingAlpha_Plus10Percent","Dynamic temporal smoothing","TrajectoryThemeTemporalSmoothingAlpha","Plus10Percent","Player_09","Neutral","TRUE","0.173111","0.032705","0.130808","0.005832","0.173111","0.140407","0.086506","Weapon_Axe","Weapon_Axe","Boss_StarGiant","Boss_StarGiant","","","FALSE","FALSE"
"PCG_VFX_OAT_Sensitivity_20260826_153906","2026-08-26T15:39:06.2831112Z","TrajectoryThemeTemporalSmoothingAlpha_Plus10Percent","Dynamic temporal smoothing","TrajectoryThemeTemporalSmoothingAlpha","Plus10Percent","Player_10","Neutral","TRUE","0.278225","0.025242","0.278225","0.148437","0.174857","0.252983","0.245448","Weapon_Sword","Weapon_Axe","Boss_IceDragon","Boss_SeaTurtle","Region_OceanRuins","Region_MonasteryRuins","FALSE","FALSE"
"PCG_VFX_OAT_Sensitivity_20260826_153906","2026-08-26T15:39:06.2831112Z","TrajectoryThemeTemporalSmoothingAlpha_Plus10Percent","Dynamic temporal smoothing","TrajectoryThemeTemporalSmoothingAlpha","Plus10Percent","Player_11","Forest","FALSE","0.581922","0.43414","0.042463","0.581922","0.109928","0.147782","0.127011","Weapon_Dagger","Weapon_Staff","Boss_SeaTurtle","Boss_SeaTurtle","Region_ForestRuins","Region_ForestRuins","FALSE","FALSE"
"PCG_VFX_OAT_Sensitivity_20260826_153906","2026-08-26T15:39:06.2831112Z","TrajectoryThemeTemporalSmoothingAlpha_Plus10Percent","Dynamic temporal smoothing","TrajectoryThemeTemporalSmoothingAlpha","Plus10Percent","Player_12","Neutral","TRUE","0.266808","0.122564","0.144244","0.266808","0.038949","0","0","Weapon_Sword","Weapon_Sword","Boss_Goblin","Boss_Goblin","","","FALSE","FALSE"
